UN_Region,Year,Population,E_Waste_kg_per_capita,Total_E_Waste_metric_tons,Recycling_Rate_percent,Formal_Collection_Rate_percent,Informal_Processing_percent,Hazardous_Content_percent,Landfill_Rate_percent,Export_Rate_percent,E_Waste_Policy_Index,GDP_per_capita_USD,Urbanization_Rate_percent
Eastern Asia,2024,39522366,21.96,867911.16,39.28,28.07,71.92,24.73,55.7,14.38,0.58,11626.09,48.28
South-Eastern Asia,2023,10951456,22.41,245422.13,40.09,5.21,39.8,32.14,16.86,6.14,0.532,42780.29,67.66
Latin America and the Caribbean,2023,159620848,15.78,2518816.98,64.22,24.9,41.72,29.64,29.3,8.21,0.988,61396.68,79.49
Sub-Saharan Africa,2021,121181579,14.06,1703813,44.49,20.67,31.23,22.79,63.07,33.05,0.502,50104.26,24.6
Southern Asia,2020,21553486,15.92,343131.5,59.66,54.94,10.89,24.86,20.13,15.29,0.752,38730.92,81.21
Western Asia,2023,141458035,17.26,2441565.68,32.42,11.95,41.7,30.44,61.9,17.86,0.669,,66.87
Central Asia,2022,214412856,16.84,3610712.5,19.03,8.05,89.11,15.41,37.13,7.43,0.521,13227.95,91.28
Sub-Saharan Africa,2022,244910849,2.45,600031.58,52.55,30.59,15.9,14.59,50.21,11.16,0.692,44573.47,47.28
Northern Africa,2021,216317406,25.94,5611273.51,61.91,26.15,23.13,21.41,40.7,19.49,0.004,51222.79,19.78
Northern America,2024,185799140,21.37,3970527.62,17.09,8.62,24.09,20.3,38.35,23.33,0.106,10906.15,41.72
Central Asia,2020,158042634,7.41,1171095.92,28.5,23.86,55.95,30.34,57.59,30.4,0.418,5185.58,
Western Asia,2020,91879064,18.2,1672198.96,,3.12,98.83,37.16,18.5,10.24,0.52,72201.95,96.64
Southern Asia,2023,33392899,22.03,735645.56,46.41,18.28,63.28,36.19,15.91,34.56,0.349,66183.31,20.43
Europe,2024,23992213,7.73,185459.81,41.05,23.84,9.33,18.91,65.29,19.92,0.457,,76.57
Western Asia,2023,209645371,13.67,2865852.22,25.47,11.57,80.74,34.33,49.6,34.74,0.405,15618.81,55.52
Sub-Saharan Africa,2023,11177546,21.5,240317.24,40.23,19.31,76.51,26.97,10.52,20.39,0.815,27296.78,91.99
Oceania,2022,4079492,6.4,26108.75,32.09,15.82,68.38,16.18,45.07,32.36,0.08,39089.05,72.98
Oceania,2021,82898510,13.88,1150631.32,,8.74,20.14,34.35,35.42,28.28,0.007,44351.62,92.35
Northern America,2020,85505461,13.87,1185960.74,28.06,9.62,69.07,34.99,43.51,16.33,0.674,31622.61,73.27
Sub-Saharan Africa,2024,122107966,17.19,2099035.94,10.34,7.8,99.61,33.08,42.3,3.59,0.7,53062.85,19.08
Northern America,2024,N/A,7.31,1335347.8,29.42,12.09,67.95,11.61,57.43,21.1,0.655,59938.95,59.46
Southern Asia,2022,201388051,29.69,5979211.23,23.93,22.19,91.84,12.74,35.14,17.58,0.314,4263.49,35.06
Northern America,2024,142861225,14.49,2070059.15,8.27,4.58,40.94,21.18,27.1,28.44,0.528,44529.26,24.73
Central Asia,2023,149626558,29.67,4439419.98,35.01,6.11,46.19,38.89,27.22,27.96,0.799,17055.74,51.8
Sub-Saharan Africa,2022,121694048,10.54,1282655.27,76.78,45.94,71.25,30.51,66.53,31.96,0.051,30735.08,
Sub-Saharan Africa,2022,33528973,8.62,289019.75,34.94,9.84,10.54,16.97,24.54,22.21,0.281,29301,15.49
Northern Africa,2023,229574419,6.71,1540444.35,42.97,24.94,43.61,18.9,30.58,29.33,0.652,76334.81,54.59
Eastern Asia,2021,17722667,3.29,58307.57,61.88,60.18,87.17,31.3,67.3,15.04,0.873,,92.17
Latin America and the Caribbean,2022,103124250,29.94,3087540.04,56.02,6.61,14.61,35.17,23.02,18.88,0.08,45524.57,45.09
Europe,2024,25539881,26.5,676806.85,34.09,19.79,56.81,16.76,42.19,23.13,0.298,33780.84,52.61
Oceania,2021,247319230,15.76,3897751.06,5.07,4.84,33.94,28.92,26.5,31.11,0.729,7998.5,
Europe ,2023,24264408,12.43,301606.59,73.57,4.88,92.01,30.43,63.77,21.26,0.812,,44.01
Northern America,2024,64884348,13.21,857122.24,150,16.35,10.4,23.98,47.12,10.42,0.892,38546.39,38.44
South-Eastern Asia,2021,188002340,11.16,2098106.11,75.58,62.68,70.96,38.78,32.47,8.58,0.117,24433.74,27.06
South-Eastern Asia,2022,128500826,17.18,2207644.19,51.4,6.51,67.94,31.61,40.91,17.67,0.083,46658.2,67.2
Western Asia,2024,104857877,17.2,1803555.48,60.52,55.47,58.07,16.98,53.54,27.22,0.2,65735.65,53.59
Europe,2024,128846847,-23.16,2984092.98,,5.31,55.15,26.87,33.05,12.62,0.519,33226.85,
Oceania,2023,232788902,2.17,505151.92,11.99,6.12,94.44,24.74,22.56,12.61,0.211,33985.4,33.1
Oceania,2021,143818431,29.45,4235452.79,17.52,5.97,48.37,24.34,9.4,18.34,0.824,34154.8,63.24
Latin America and the Caribbean,2021,10812338,3.14,33950.74,31.62,30.11,61.77,21.07,44.78,7.21,0.165,29264.47,86.66
Eastern Asia,2020,41380102,15.56,643874.39,78.99,14.03,68.02,34.18,61.37,3.12,0.676,49185.91,69.12
Western Asia,2024,248403943,4.31,1070620.99,26.09,9.27,39.86,15.55,67,3.6,0.625,35614.94,
Central Asia,2024,6437423,26.31,169368.6,27.44,3.5,91.81,35.93,23,18.32,0.109,7927.45,84.51
Western Asia,2024,152465092,15.68,2390652.64,53.48,3.36,6.27,29.7,15.34,31.85,0.395,37817.88,65.6
Sub-Saharan Africa,2021,38865904,26.05,1012456.8,57.17,15.62,77.46,14.04,15.76,21.44,0.239,56529.89,44.01
Oceania,2020,118785006,18.94,2249788.01,77.56,74.46,55.15,21.25,45.31,11.59,0.1,4847.61,90.95
Eastern Asia,2024,154982053,3.45,534688.08,28.54,14.52,28.71,34.32,13.52,21.43,0.988,,33.44
Latin America and the Caribbean,2024,1351711,23.54,31819.28,31.75,11.11,38.9,27.08,41.68,6.47,0.106,59331.11,81.36
Eastern Asia,2023,6944321,15.9,110414.7,39.09,14.03,91.68,25.53,57.26,30.02,0.922,24618.77,43.2
Sub Saharan Africa,2024,140903715,20.91,2946296.68,66.83,22.79,74.47,14.24,41.32,8.37,0.759,65959.4,23.74
Northern America,2021,9411372,6.14,57785.82,27.74,22.28,52.29,11.02,68.87,21.56,0.059,53062.92,46.4
Northern America,2023,46841447,21.33,999128.06,,3.09,5.23,13.39,53.58,31.21,0.957,76522.13,54.68
Latin America and the Caribbean,2022,195676880,3.07,600728.02,48.72,42.41,56.76,15.27,38.17,26.49,0.11,65459.38,28.9
Central Asia,2022,147357408,12.18,1794813.23,69.28,16.4,92.94,36.54,28.21,11.26,0.127,66311.75,38.68
Oceania,2021,138266349,24.28,3357106.95,,21.28,31.84,18.54,67.78,15.15,0.884,52028.97,86.25
Sub-Saharan Africa,2021,172582007,5.76,994072.36,55.32,14.43,80.68,23.63,59.94,0.78,0.037,3586.68,76.52
Northern America,2021,195630099,8.8,1721544.87,42.21,20.06,40.28,13.66,39.17,15.62,0.663,44178.34,17.29
Northern America,2020,138086710,23.81,3287844.57,5.26,3.25,54.68,24.35,13.13,32.86,0.775,28459.84,78.21
Sub-Saharan Africa,2022,135996587,20.66,2809689.49,20.36,11.25,96.74,10.95,14.86,10.45,0.942,72752.92,28.45
Central Asia,2023,188336918,14.03,2642366.96,,5.91,12.21,36.51,41.05,19.34,0.38,2840.49,70.42
Eastern Asia,2020,155211611,9.37,1454332.8,33.41,32.02,46.11,30.55,26.85,34.86,0.659,16082.75,23.15
Europe,2020,25397886,12,304774.63,13.33,12.21,43.76,32.57,35.13,8.6,0.426,73827.13,97.89
Eastern Asia,2024,165134687,5.24,865305.76,81.21,66.24,16.48,16.21,47.61,26.76,0.81,13485.35,96.68
South-Eastern Asia,2020,174096048,21.81,3797034.81,27.64,18.18,44.48,39.67,52.01,29.99,0.462,9922.26,33.59
Southern Asia,2023,129824121,15.96,2071992.97,31.27,13.4,80.38,21.47,55.06,15.42,0.844,6558.22,54.93
Oceania,2022,127056040,13.82,1755914.47,71.41,14.89,38.92,33.89,39.61,15.18,0.461,68450.41,21.22
Northern America,2022,61001908,15.33,935159.25,74.63,74.33,21.98,28.35,60.09,33.08,0.29,58299.9,16.25
Northern Africa,2020,18791635,-20.73,389550.59,68.5,11.85,37.06,30.24,45.91,23.27,0.212,75467.85,86.43
Southern Asia,2023,67746412,19.39,1313602.93,8.49,6.76,19.61,10.82,40.81,28.47,0.86,8729.91,70.03
Southern Asia,2021,97959848,11.4,1116742.27,69.13,66.78,5.46,23.79,22.39,18.87,0.753,74001.04,41.54
Eastern Asia,2020,20221694,22.93,463683.44,21.77,7.73,52.39,33.07,45.22,17.55,0.597,,59.58
Eastern Asia,2022,98722281,19.72,1946803.38,71.9,16.36,33.72,25.43,14.53,9.53,0.351,64182.07,34.3
Eastern Asia,2020,211314863,23.71,5010275.4,51.87,43.83,43.09,28.75,41.04,34.15,0.755,43812.65,29.44
Central Asia,2021,126044625,3.07,386957,47.26,4.24,44.22,39.82,27.06,28.85,0.153,,62.15
Western Asia,2023,34779103,29.66,1031548.19,71.83,64.91,51.37,13.43,8.42,11.57,0.92,75832.76,84.82
Latin America and the Caribbean,2022,145650820,5.29,770492.84,81.89,9.63,20.94,30.33,43.72,12.39,0.447,76193.35,65.09
Northern America,2020,137765076,10.69,1472708.66,35.98,21.33,1.41,35.43,64.92,19.27,0.268,79224,
Western Asia,2020,27437240,3.03,83134.84,30.52,28,39,32.9,33.1,20.1,0.368,9911.88,78.98
Sub-Saharan Africa,2020,90542650,13.01,1177959.88,57.27,22.4,44.55,32.27,57.02,33.61,0.022,77806.3,29.38
Sub-Saharan Africa,2022,198393364,28.36,5626435.8,45.26,17.74,64.7,17.49,19.93,6.87,0.96,39686.64,77.38
Southern Asia,2022,157731449,13.27,2093096.33,,32.57,94.7,17.42,51.68,9.94,0.941,36164.05,76.79
South-Eastern Asia,2024,208552888,24,5005269.31,,11.69,52.75,27.89,31.33,22.73,0.871,54077.91,95.52
Europe,2022,59507119,13.2,785493.97,28.7,18.68,17.77,20.22,56.72,28.6,0.652,71258.53,18.79
Latin America and the Caribbean,2024,62879917,8.53,536365.69,6.58,4.31,61.99,19.88,24.97,26.29,0.759,57641.88,23.4
Central Asia,2020,70432281,2.44,171854.77,75.05,32.54,86.21,14.3,26.71,34.37,0.604,49857.7,88.89
Sub-Saharan Africa,2023,223753026,7.15,1599834.14,11.53,3.69,84.58,21.51,8.95,31.37,0.223,21815.89,31.14
Eastern Asia,2020,129853595,4.66,605117.75,58.95,37.04,38.57,14.78,37.1,6.26,0.123,69717.62,58.12
Latin America and the Caribbean,2021,29340635,21.44,629063.21,,58.43,52.03,24.96,34.49,0.76,0.535,34126.37,28.08
Latin America and the Caribbean,2022,243965008,12.95,3159346.85,19.38,8.97,20.56,19.28,52.18,31.47,0.264,65892.7,22.74
Northern Africa,2024,72297386,24.99,1806711.68,41.71,3.57,16.32,32.2,52.99,26.41,0.352,28506.02,81.57
Latin America and the Caribbean,2024,100376453,13.79,1384191.29,46.7,44.1,44.82,20.21,17.57,26.78,0.538,67078.66,69.19
Europe,2023,7950004,11.82,93969.05,32.45,21.77,1.27,32.9,32.07,15.13,0.481,36212.39,56.29
Northern America,2022,144470427,19.96,2883629.72,44.28,40.45,15.94,25.06,47.67,33.03,0.015,22578.2,18.39
Europe,2021,247671511,13.33,3301461.24,71.12,25.22,48.32,10.74,25.07,22.39,0.315,16860.9,39.12
Sub-Saharan Africa,2022,73491759,29.79,2189319.5,34.52,11.77,55.4,19.43,58.62,32.19,0.704,59439.91,49.27
Central Asia,2020,33653542,10.26,345285.34,11.55,7.23,28.89,29.2,37.5,1.26,0.319,39380.21,62.49
South-Eastern Asia,2020,182983297,24.5,4483090.78,74.31,33.16,47.73,21.96,9.8,9.72,0.376,16466.85,65.76
Western Asia,2022,39400660,20.08,791165.25,73.71,46.68,39.77,23.42,61.76,12.3,0.065,35692.47,97.87
Western Asia,2024,21499271,23.95,514907.54,41.3,18.26,98.2,12.4,32.65,33.11,0.721,36233.84,37.99
Northern Africa,2024,2612027,16.86,44038.78,59.21,20.27,66.94,18.83,63.64,30.82,0.071,12457,72.94
Latin America and the Caribbean,2021,1515824,22.97,34818.48,24.87,8.52,49.75,21.91,22.23,11.76,0.219,31575.1,37.18
Sub-Saharan Africa,2024,10337355,2.65,27393.99,45.83,23.02,38.9,14.25,8.07,34.64,0.787,35464.81,70.72
Central Asia,2020,205921850,27.82,5728745.87,25.29,25.21,73.81,17.52,69.47,30.4,0.165,15233.09,71.46
Central Asia,2020,68775645,21.91,1506874.38,,21.23,92.52,30.39,31.67,10.23,0.834,15878.44,78.21
Northern America,2023,179768935,3.51,630988.96,8.86,6.98,5.5,25.64,22.29,6.57,0.573,24068.83,52.88
Northern America,2024,61017157,26.74,1631598.78,63.3,39.33,70.63,18.59,32.49,11.51,0.925,79791.47,86.77
South-Eastern Asia,2020,234023296,26.11,6110348.26,66.37,38.37,15.68,21.74,51.76,13.07,0.039,46918.77,74.77
Oceania,2022,118130148,20.13,2377959.88,26.84,21.04,43.26,36.47,11.06,4.31,0.01,1900.18,15.96
Europe,2022,9620049,27.97,269072.77,52.85,51.59,86.74,30.21,63.46,34.69,0.221,55438.99,91.26
Sub-Saharan Africa,2020,75733111,28.44,2153849.68,59.05,48.45,39.17,24.52,58.47,5.3,0.742,31339.63,
Europe ,2023,110429258,7.81,862452.5,59.92,29.87,53.14,15.7,21.46,27.64,0.278,66346.07,86.86
Eastern Asia,2020,192397116,12.16,2339548.93,44.51,3.81,0.77,30.59,11.53,2.58,0.496,57593.67,96.1
Western Asia,2020,195979933,15.59,3055327.16,42.36,26.41,23.17,32.37,24.37,9.6,0.848,31936.76,22.84
Northern Africa,2022,51923221,10.5,545193.82,61.81,45.86,2.56,38.85,14.04,25.11,0.379,69523.69,97.58
Southern Asia,2021,26009461,14.57,378957.85,25.1,5.68,98.87,11.72,25.96,23.1,0.745,76508.29,51.4
Europe,2021,188472002,2.22,418407.84,81.37,31.09,48.83,37.72,55.44,8.51,0.097,67377.49,77.01
Northern America,2023,197878817,8.48,1678012.37,49.37,10.36,72.42,27.21,65.34,27.88,0.652,31748.7,92.45
Southern Asia,2024,88092545,20.01,1762731.83,23.99,14.08,67.71,22.48,9.12,21.09,0.91,29701.78,46.84
South-Eastern Asia,2023,59618953,11.21,668328.46,46.59,11.21,0.38,37,51.13,18.51,0.054,33956.79,46.54
Northern America,2024,200917828,5.27,1058836.95,78.68,39.62,65.44,12.66,20.95,7.14,0.092,72037.24,42.78
Oceania,2020,94196174,18.67,1758642.57,15.69,9.14,97.21,22.83,20.79,32.46,0.611,58364.65,60.1
Southern Asia,2021,49112279,11.38,558897.74,74.58,28.22,50,33.31,68.93,9.76,0.102,,56.4
Central Asia,2023,152184991,15.47,2354301.81,27.16,23.22,34.71,12.45,5.66,30.12,0.859,74760.05,21.02
Southern Asia,2024,85862783,2.19,188039.49,24.61,15.33,13.56,30.75,25.41,7.48,0.94,18132.29,29.79
Oceania,2021,114710184,21.59,2476592.87,68.56,65.5,30.86,26.46,14.54,15.29,0.261,28229.61,81.68
Western Asia,2022,229619914,20.03,4599286.88,55.69,6.93,76.47,17.01,60.35,24.83,0.767,73278.49,40.06
Southern Asia,2024,215445150,5.23,1126778.13,,32.72,24.88,10.65,57.6,29.72,0.537,71497.25,29.86
Latin America and the Caribbean,2022,106950930,17.68,1890892.44,81.57,26.52,67.07,16.85,30.9,1.99,0.319,4275.28,20.78
Central Asia,2022,102154997,12.97,1324950.31,29.7,18.34,97.25,31.75,56.35,26.9,0.957,65387.28,37.27
South-Eastern Asia,2021,189124084,21.14,3998083.14,30.04,16.39,46.69,38.35,69.46,0.31,0.628,35900.66,15.61
Latin America and the Caribbean,2023,192708850,14.93,2877143.13,10.9,10.76,14,34.2,67.28,24.89,0.089,47403.81,25.72
Sub-Saharan Africa,2021,234861097,21.28,4997844.14,74.48,72.45,26.29,32.59,39.09,8.92,0.042,23797.65,47.56
Southern Asia,2023,32111453,24.29,779987.19,33.51,32.68,91.82,12.34,60.41,23.58,0.055,76451.61,84.18
Northern America,2022,87689447,21.33,1870415.9,44.66,10.48,96.45,32.98,9.46,14.76,0.108,61922.97,76.48
Europe,2023,235934307,4.38,1033392.26,14.94,7.45,39.94,32.58,46.97,25,0.764,61462.06,25.18
Northern Africa,2024,40941064,17.64,722200.37,15.68,13.52,73.8,11.12,57.32,30.28,0.512,30598.21,21.93
Southern Asia,2022,68757293,29.03,1996024.22,38.74,36.07,81.47,28.93,27.15,27.11,0.525,unknown,50.69
Sub Saharan Africa,2021,134775698,10.57,1424579.13,44.23,14.27,45.58,33.06,45.66,23.82,0.892,4708.68,
Northern Africa,2023,158599294,11.04,1750936.21,47.78,30.99,62.07,31.62,35.05,34.53,0.183,3649.62,45.42
Central Asia,2020,166417728,2.95,490932.3,,37.33,40.54,10.1,16.37,33.2,0.245,68344.16,45.74
Sub-Saharan Africa,2020,92469163,28.03,2591910.64,11.25,5.11,5.56,14.57,15.33,11.77,0.703,23742.72,62.82
Northern America,2021,167967356,4.96,833118.09,27.28,8.07,74.49,38.07,32.6,22.16,0.031,10953.26,46.91
Western Asia,2021,170187636,13.3,2263495.56,16.66,14.53,18.58,14.1,20.15,12.8,0.813,73185.96,61.18
Northern America,2024,201212521,14.08,2833072.3,,4.31,85.61,28.67,17.6,6.62,0.35,49416.07,
Southern Asia,2022,117113915,16.77,1964000.35,64.19,48.57,75.54,10.72,5.73,34.46,0.741,66231.1,25.89
Northern America,2020,28910196,9.61,277826.98,83.3,74.14,19.93,18.11,63.32,3.82,0.188,,27.2
Southern Asia,2022,44143681,2.43,107269.14,75.32,56.34,13,23.22,12.9,20.28,0.898,77458.1,53.93
Oceania,2024,71149434,5.85,416224.19,9.94,5.68,12.97,12.39,43.27,6.44,0.301,58462.54,22.72
Northern America,2023,243529226,5.81,1414904.8,44.18,24.15,31.2,27.89,24.94,9.87,0.874,32827.59,57.26
Latin America and the Caribbean,2020,236324724,15.35,3627584.51,60.06,45.12,63.6,15.84,61.43,10.1,0.37,unknown,86.33
Sub-Saharan Africa,2024,106872273,26.64,2847077.35,41.86,38.4,1.65,26.43,23.99,7.66,0.436,79712.21,37.23
Latin America and the Caribbean,2022,227433814,4.58,1041646.87,84.96,62.35,62.24,36.19,26.15,23.34,0.468,10354.01,59.91
Latin America and the Caribbean,2023,30676010,22.82,700026.55,74.9,58.32,67.56,16.81,7.82,8.21,0.311,38788.38,50.81
Southern Asia,2024,237454903,13.38,3177146.6,31.68,4.98,0.97,17.36,21.55,25.54,0.157,55547.52,75.62
Northern Africa,2022,96421952,26.08,2514684.51,9.01,5.35,26.12,21.4,8.43,24.02,0.941,24995.11,90.22
South-Eastern Asia,2024,168910035,27.78,4692320.77,16.33,10.78,28.21,16.68,53,14.46,0.438,67629.9,34.81
Europe,2024,122729572,17.3,2123221.6,63.5,34.62,90.3,23.31,21.25,10.87,0.804,66903.15,74.81
Europe,2024,49547290,23.69,1173775.3,150,28.08,84.04,38.37,40.43,11.06,0.39,69314.96,34.95
Western Asia,2024,36495339,3.76,137222.47,21.13,12.72,88.08,13.1,69.78,33.51,0.102,72970.56,96.98
Latin America and the Caribbean,2022,72053962,20.98,1511692.12,15.68,8.93,42.92,13.06,5.74,0.57,0.737,36072.75,55.72
Central Asia,2024,16275520,3.89,63311.77,25.79,12.22,57.2,23.2,34.32,15.48,0.815,16066.63,89.44
Central Asia,2022,128796824,18.61,2396908.89,80.02,9.93,80.92,28.39,46.6,34.73,0.321,29134.94,59.48
Central Asia,2023,1360096,27.5,37402.64,77.58,18.92,10.72,29.58,48.74,11.31,0.987,13112.5,30.93
Western Asia,2024,34807407,20.79,723645.99,29.76,13.89,25.58,26.03,61.52,8.39,0.53,53367.79,15.55
Western Asia,2021,13767915,11.41,157091.91,54.01,37.28,52.38,39.61,67.42,28.11,0.772,12265.71,22.58
Oceania,2023,137872835,4.83,665925.79,75.46,38.82,67.15,21.7,55.72,28.85,0.893,51520.7,89.05
Eastern Asia,2023,234444785,29.28,6864543.3,9.98,9.1,52.64,15.15,42.23,24.49,0.612,74069.45,68.32
Eastern Asia,2023,194923274,10.78,2101272.89,61.77,51.15,12.43,22.43,18.43,26.13,0.406,510.81,36.8
Northern America,2023,N/A,27.51,1894640.82,33.77,28.11,18.46,39.14,30.2,20.62,0.201,,33.31
Northern Africa,2024,215344202,6.15,1324366.84,28.92,9.15,92.76,18.38,16.01,15.93,0.612,13101.72,17.03
Eastern Asia,2024,139577200,6.66,929584.15,68.92,17.48,77.03,15.22,51.9,31.26,0.178,54139.34,58.97
Oceania,2020,93514552,29.28,2738106.08,12.83,11.63,17.57,32.42,69.7,8.11,0.742,62045.52,38.32
Oceania,2024,199558355,25.29,5046830.8,58.24,10.26,29.04,37.8,68.19,25.96,0.061,68424.23,29.32
South-Eastern Asia,2022,236000602,19.1,4507611.5,22.46,4.45,70.18,29,36.35,31.34,0.977,58725.33,94.87
South-Eastern Asia,2020,96110373,6.45,619911.91,45.3,25.67,84.92,17.67,22.67,14.57,0.01,7927.31,72.79
Northern Africa,2023,24252179,28.58,693127.28,15.02,12.71,23.53,28.56,55.46,24.54,0.44,74462.68,28.43
Western Asia,2020,140621853,29.47,4144126.01,15.93,13.1,59.8,36.66,25.03,4.3,0.979,,53.73
Europe ,2024,102571149,18.85,1933466.16,78.09,45.82,86.9,22.65,47.46,6.7,0.712,74256.49,50.46
Sub-Saharan Africa,2024,96732889,11.61,1123068.84,33.71,32.1,16.01,34.14,65,2.47,0.814,39696.96,20.29
Southern Asia,2024,191596540,10.27,1967696.47,21.39,6.18,72.63,26.4,50.24,10.16,0.4,71700.78,42.42
Northern Africa,2023,121040620,-19.19,2322769.5,38.19,4.91,76.42,24.37,32.64,25.98,0.419,19587.55,20.03
Latin America and the Caribbean,2020,241170781,23.77,5732629.46,48.43,18.1,93.53,39.28,16.86,34.24,0.588,70091,39.19
Western Asia,2023,201178706,27.83,5598803.39,6.04,3.56,21.15,39.54,24.11,30.38,0.93,46744.42,46.35
South-Eastern Asia,2023,162428721,27.31,4435928.37,83.54,3.29,43.11,30.28,44.94,34.62,0.66,49586.97,91.89
Europe,2024,117455597,17.32,2034330.94,27.23,3.11,90.88,28.57,60.34,18.54,0.465,52112.52,26.7
Eastern Asia,2023,224488249,5.66,1270603.49,42.7,29.39,59.75,28.32,11.02,17.2,0.202,56998.9,
Central Asia,2022,165400832,4.35,719493.62,45.66,20.78,28.59,29.66,11.79,28.38,0.618,78832.16,41.08
Latin America and the Caribbean,2022,106583634,13.26,1413298.99,70.92,60.87,10.82,19.92,44.86,7.94,0.919,56677.35,33.28
Oceania,2023,190763747,14.74,2811857.63,81.62,57.11,2.62,19.14,35.68,29.99,0.216,3211.77,69.63
South-Eastern Asia,2021,214799334,13.76,2955638.84,28.62,21.33,79.22,34.79,55.05,24.16,0.193,58666.21,37.8
Europe,2020,148392624,29.59,4390937.74,45.45,43.16,81.12,38.44,35.21,11.55,0.46,40519.68,31.09
Eastern Asia,2024,118957964,5.6,666164.6,17.93,7.84,64.37,27.99,55.39,18.63,0.676,3988.76,92.46
Europe,2020,145684816,5.13,747363.11,78.52,52.62,69.46,10.61,28.3,19.49,0.069,13637.89,75.61
Eastern Asia,2022,234856285,17.89,4201578.94,11.65,8.47,9.7,10.84,60.58,8.7,0.465,75067.89,66.91
South-Eastern Asia,2023,5369987,25.85,138814.16,22.17,12.36,56.57,27.57,6.14,13.19,0.515,36898.85,
Oceania,2024,153218465,19.17,2937197.97,43.58,13.25,19.44,23.27,68.57,30.51,0.627,55906.96,25.81
Sub-Saharan Africa,2020,152244835,10.79,1642721.77,22.69,8.1,89.63,28.15,47.23,7.6,0.36,64933.4,43.23
Latin America and the Caribbean,2024,1647077,-6.08,10014.23,46.67,34.84,13.76,33.86,10.5,34.59,0.649,70494.66,38.76
Sub-Saharan Africa,2024,113614749,25.69,2918762.9,55.51,36.8,37.61,11.6,33.03,5.51,0.935,70344.33,39.98
Western Asia,2024,75421316,9.2,693876.11,42.54,18.69,70.68,29.42,25.94,11.56,0.765,61656.87,91.46
Northern America,2022,105598332,24.4,2576599.3,37.99,18.37,30.39,16.89,15.4,14.27,0.538,72124.69,48.36
Eastern Asia,2021,40742504,5.87,239158.5,67.71,20.72,5.17,19.63,35.59,13.45,0.183,49200.62,31.99
Central Asia,2021,73280435,10.87,796558.33,,16.2,17.4,23.83,22.83,30.47,0.436,54949.31,82.91
Northern America,2020,95686718,18.65,1784557.29,39.94,16.53,36.5,39.28,58.69,6.97,0.57,48886.33,33.28
Europe ,2022,4055589,3.24,13140.11,14.33,12.94,45.18,24.01,19.51,17.09,0.439,57808.15,67.75
Latin America and the Caribbean,2020,211389843,27.72,5859726.45,30.26,26.67,64.81,27.64,9.96,29.48,0.651,27680.06,64.65
Europe,2024,114538243,6.49,743353.2,6.91,3.99,79.33,18.92,61.75,20.26,0.805,79949.33,68.17
Europe ,2023,122889496,15.1,1855631.39,40.94,24.56,75.93,12.43,19.11,34.68,0.75,57176.08,26.01
Western Asia,2022,181836441,15.02,2731183.34,71.21,37.82,34.41,35.83,42.54,17.65,0.486,54678.78,52.79
Central Asia,2024,20842040,12.33,256982.35,13.78,10.95,51.96,10.67,11.12,9.34,0.986,4843.6,55.44
Sub-Saharan Africa,2024,8096147,18.4,148969.1,18.37,5.1,90.63,35.94,63.35,17.27,0.07,25159.88,88.16
Latin America and the Caribbean,2020,205028878,3.66,750405.69,66.16,58.05,96.72,29.31,12.03,7.24,0.01,50260.13,34.27
Oceania,2021,177888148,28.48,5066254.46,81.52,11.08,7.38,22.49,54.66,28.91,0.021,23022.54,59.43
South-Eastern Asia,2020,44360379,17.93,795381.6,50.03,48.47,29.77,23.24,68.82,7.93,0.901,16456.42,53.52
Latin America and the Caribbean,2024,131780555,11.06,1457492.94,78.89,50,40.96,33.15,39.79,7.63,0.238,22378.67,16.33
Northern America,2022,25968818,20.43,530542.95,21.78,10.04,8.48,22.67,6.29,34.75,0.984,41928.35,24.88
Oceania,2024,22990547,11.08,254735.26,19.21,5.06,50.97,12.12,51.14,11.97,0.993,5496.85,19.03
Europe,2020,8769746,26.21,229855.04,12.43,9.48,17.37,25.89,30.7,28.61,0.135,59493.29,35.79
South-Eastern Asia,2024,128960048,12.21,1574602.19,10.41,9.34,83.41,24.89,35.29,4.16,0.126,63921.81,85.88
Northern Africa,2020,25401969,4.57,116087,35.99,11.04,74.65,20.15,63.56,30.46,0.68,36977.36,48.81
Eastern Asia,2020,173734608,13.2,2293296.83,61.16,41.66,78.37,37.42,22.16,18.45,0.14,77639.75,77.86
Central Asia,2024,53781488,22.72,1221915.41,68.91,11.99,49.92,34.68,27.57,1.77,0.344,62667.36,23.33
Southern Asia,2021,177451870,22.47,3987343.52,73.17,24.97,12.44,11.16,38.26,6.8,0.825,22800.86,47.74
Western Asia,2023,76124198,9.47,720896.16,72.2,11.79,76.38,37.88,41.45,30.91,0.248,57964.33,79.75
Northern America,2020,215725588,28.47,6141707.49,77.74,34.09,70.37,20.07,40.09,8.65,0.718,7676.57,76.13
Latin America and the Caribbean,2022,172161418,23.89,4112936.28,52.16,12.6,47.12,10.7,6.16,25.72,0.172,77494.33,44.73
Latin America and the Caribbean,2024,49172702,17.72,871340.28,55.83,46.57,80.15,33.63,34.58,33.6,0.128,7270.42,24.54
Northern America,2020,210147686,12.3,2584816.54,7.49,6.2,4.38,24.12,51.74,9.57,0.028,7871.28,26.55
Eastern Asia,2023,173219857,12.59,2180838,54.97,23.48,99.06,33.2,69.5,8.28,0.745,20287.92,51.71
Western Asia,2022,186747698,24.77,4625740.48,20.66,3.41,70.15,10.08,24.35,2,0.121,10470.13,75.02
Sub-Saharan Africa,2020,149841018,15.49,2321037.37,77.16,6.83,18.67,32.95,24.22,6.81,0.787,75605.02,45.37
Eastern Asia,2024,36065256,17.09,616355.23,54.13,14.47,84.41,13.67,62.27,21.46,0.94,23408.96,92.64
Latin America and the Caribbean,2022,58152807,23.64,1374732.36,74.79,17.39,95.57,12.65,25.37,28.63,0.578,50743.06,91.62
Central Asia,2022,92513605,21.81,2017721.73,25.1,22.11,39.62,24.86,47.99,30.9,0.456,52564.61,64.54
Central Asia,2021,42454092,18.2,772664.47,28.78,6,59.25,20.38,55.85,24.31,0.573,43158.81,62.99
Europe,2020,205009190,2.32,475621.32,70.47,33.52,54.26,35.41,22.03,11.44,0.097,54702.46,32.68
South-Eastern Asia,2023,175967329,14.91,2623672.88,75.2,68.36,42.97,39.72,9.72,7.45,0.556,952.72,42.8
Oceania,2021,92607549,7.23,669552.58,82.56,66.74,59.79,11.7,63.16,2.71,0.782,5177.13,78.19
South-Eastern Asia,2021,138768295,8.32,1154552.21,83.36,60.39,97.85,35.74,30.48,32.97,0.143,17625.04,20.58
Northern Africa,2020,215215719,5.11,1099752.32,7.29,6.14,72.41,30.83,62.49,10.03,0.424,20420.93,66.9
Eastern Asia,2022,52612326,6.88,361972.8,27.42,24.93,82.06,33.97,6.44,26.17,0.315,79295.22,27.82
Southern Asia,2021,226208408,10.14,2293753.26,22.72,12.79,43.4,37.21,43.55,12.59,0.623,27651.87,84.41
Europe ,2020,115179157,12.66,1458168.13,21.24,7.75,12.1,24.24,50.36,5.09,0.649,9159.89,59.36
Central Asia,2020,N/A,6.59,746178.25,68.27,24.74,75.31,27.48,45.08,11.38,0.075,47828.12,76.71
Northern Africa,2021,59260131,14.61,865790.51,12.22,12.1,19.08,28.09,63.85,22.88,0.471,64034.07,50.61
Europe ,2023,64877113,24.91,1616088.88,52.02,29.8,0.56,35.5,5,27.56,0.219,65706.1,25.72
Oceania,2023,204323334,5.6,1144210.67,8.92,5.38,86.44,30.65,53.55,23.02,0.936,30680.09,76.76
Central Asia,2021,83236262,3.73,310471.26,36.35,8.44,50.22,17.15,31.72,12.9,0.69,59481.74,50.25
Europe,2022,243699647,13.71,3341122.16,77.47,61.05,4.79,29.39,5.41,17.91,0.72,40986.71,64.1
Northern America,2024,223408550,23.09,5158503.42,21.71,14.69,58.22,22.61,52.8,28.63,0.727,65141.29,76.85
Oceania,2023,106866737,14.15,1512164.33,150,15.31,12.86,15.03,64.35,11.92,0.37,61108.15,88.56
Central Asia,2024,110423035,5.08,560949.02,82,63.98,71.22,17.17,54.37,0.79,0.554,25203.51,84.08
Southern Asia,2023,49623002,29.5,1463878.56,23.03,10.04,54.12,27.15,49.03,27.45,0.91,41705.31,35.44
Central Asia,2021,96065799,18.21,1749358.2,70.03,13.06,36.01,35.07,38.68,5.72,0.869,74921.88,76.39
Latin America and the Caribbean,2021,156321770,4.37,683126.13,62.2,11.12,3.9,16.97,19.36,24.17,0.813,13780.98,54.58
Northern Africa,2024,156306898,20.25,3165214.68,,9.12,49.86,29.99,54.61,25.03,0.568,42537.38,86.12
South-Eastern Asia,2021,234135012,15.41,3608020.53,32.1,22.38,67.71,25.93,9.14,29.32,0.961,,78.24
Northern America,2020,235196589,5.66,1331212.69,52.97,28.68,28.15,29.74,55.56,34.29,0.479,33332.28,39.25
Central Asia,2020,149608670,3.53,528118.61,20.3,18.9,97.72,26.62,31.77,2.12,0.857,46874.18,18.99
Europe,2024,187144265,3.02,565175.68,,45.99,41.25,21.13,57.15,31.15,0.005,31641.86,
South-Eastern Asia,2024,102827649,26.83,2758865.82,38.96,3.9,29.27,38.71,12.23,26.45,0.747,47398.9,92.26
Northern Africa,2021,74658998,14.89,1111672.48,79.15,16.93,80.97,38.3,7.55,20.46,0.347,46149.87,74.38
Sub-Saharan Africa,2022,51296117,28.59,1466555.99,77.99,31.34,94.55,22.96,18.4,21.72,0.094,12636.92,82.58
Northern America,2023,29374615,24.7,725552.99,47.52,44.42,82.81,19.72,24.85,22.25,0.068,25423.27,67.16
South-Eastern Asia,2020,118567085,12.88,1527144.05,84.56,80.38,12.98,28.06,38.35,22.2,0.189,6739.38,90.72
Southern Asia,2022,58394368,24.7,1442340.89,32.06,5.17,78.29,15.73,46.88,9.44,0.685,10524.81,66.78
Western Asia,2023,20408178,3.36,68571.48,34.6,5.55,98.07,18.04,35.75,3.96,0.454,51612.29,66.03
Western Asia,2022,N/A,15.16,2263196.74,18.47,12.83,91.27,26.81,25.49,14.33,0.218,35619.95,56.1
Northern America,2024,14937727,7.47,111584.82,30.05,28.73,36.45,13.9,28.8,1.58,0.672,28142.99,37.87
Southern Asia,2022,45338563,6,272031.38,50.06,14.75,73.85,11.89,64.08,33.31,0.786,70297.29,46.4
Oceania,2024,149585344,7.07,1057568.38,65.71,47.66,10.51,34.08,49.34,28.64,0.054,46001.19,50.12
South-Eastern Asia,2022,31987100,3.88,124109.95,19.14,16.15,58.46,16.57,34.8,29.91,0.102,76460.85,26.74
Central Asia,2021,176003325,27.5,4840091.44,19.35,6.73,66.21,33.74,15.08,34.99,0.544,58965.51,79.39
Latin America and the Caribbean,2021,245022363,4.41,1080548.62,56.92,47.97,52.78,14.49,36.28,0.49,0.907,19627.29,89.9
Northern America,2022,93798297,11.01,1032719.25,41.41,28.31,40.72,36.39,64.07,5.17,0.811,56548.12,53.73
Southern Asia,2024,29631605,2.87,85042.71,69.52,47.24,67.33,11.32,18.64,17.11,0.442,2604.01,42.87
Eastern Asia,2023,129689191,12.34,1600364.62,84.4,44.79,78.04,13.15,31.61,10.38,0.315,12368.6,
Oceania,2021,60796298,27.71,1684665.42,56.56,43.3,56.78,28.91,22.97,31.25,0.501,64525.47,58
Europe ,2024,232154764,18.7,4341294.09,8.05,4.8,58.65,17.45,67.24,19.97,0.332,44816.4,41.38
South-Eastern Asia,2023,227798043,-4.95,1127600.31,,13.77,64.64,33.14,54.83,3.92,0.874,9430.6,89.52
Eastern Asia,2023,87442264,10.25,896283.21,65.4,24.49,96.31,39.4,40.29,23.95,0.62,54363.9,92.59
Eastern Asia,2020,34745555,26.97,937087.62,25.02,16.34,37.99,37.98,17.84,17.59,0.228,64197.55,37.5
Southern Asia,2022,69666042,9.01,627691.04,16.54,5.32,18.99,32.95,49.16,12.12,0.582,66487.91,54.16
Europe,2023,53016306,3.37,178664.95,,56.51,70.9,26.82,56.62,26.2,0.591,16163.33,15.65
Europe ,2023,86064199,9.23,794372.56,61.71,37.65,18.95,32.52,5.5,6.87,0.855,67634.18,
Northern America,2021,152481415,14.47,2206406.08,82.55,60.42,18.19,36.46,36.01,29.64,0.831,1879.37,
Northern Africa,2024,156012260,26.52,4137445.14,48.92,42.21,73.2,28.59,6.32,34.7,0.39,37348.23,50.99
Oceania,2021,57844205,6.06,350535.88,57.47,20.62,37.89,13.24,9.03,16.64,0.52,16586.42,69.68
Central Asia,2023,144019195,2.13,306760.89,45.4,44.67,96.73,28.43,17,0.31,0.496,24504.89,42.95
Sub-Saharan Africa,2020,90215512,8.32,750593.06,11.23,3.09,49.88,33.2,63.37,14.1,0.301,14607.24,33.93
Europe,2022,183694247,6.44,1182990.95,30.99,21.6,96.65,37.23,33.74,2.48,0.645,33705.42,16.94
Latin America and the Caribbean,2024,21935324,24.74,542679.92,82.1,50.83,60.03,30.05,26.14,16.92,0.15,16023.02,40.01
Eastern Asia,2024,247060195,28.61,7068392.18,54.48,3.5,85.91,30.44,14.4,11.95,0.873,58426.58,41.45
Southern Asia,2024,190898671,20.6,3932512.62,71.23,61.71,77.52,30.87,12.09,3.39,0.65,unknown,74.19
Central Asia,2023,117268393,21.64,2537688.02,81.98,49.51,87.05,39.77,48.96,23.97,0.181,37314.1,76.24
Oceania,2023,130190573,23.68,3082912.77,54.08,46.85,37.96,34.14,41.88,33.02,0.883,21459.59,23.26
Oceania,2024,46207654,2.51,115981.21,42.7,3.58,55.51,17.09,33.67,7.14,0.819,15153.47,42.09
Western Asia,2021,66179952,8.47,560544.19,61.7,16.8,72.93,30.34,16.61,2.24,0.558,8171.45,18.97
Western Asia,2022,5215314,12.48,65087.12,36.49,13.84,88.92,21.87,18.71,27.48,0.813,27960.06,83.17
Southern Asia,2023,79016981,28.74,2270948.03,44.96,43.06,22.11,35.1,10.43,6.81,0.849,27234.13,38.95
South-Eastern Asia,2024,161853978,25.59,4141843.3,82.39,25.96,15.43,19.83,51.31,7.38,0.322,74830.39,77.53
Europe,2023,69869699,20.16,1408573.13,,50.11,47.28,15.61,28.33,32.89,0.24,69038.66,82.43
Southern Asia,2023,39209547,25.14,985728.01,33.65,26.39,28.02,22.09,7.31,5.06,0.112,46366.18,67.09
South-Eastern Asia,2023,238862428,22.38,5345741.14,34.78,11.57,1.06,35.61,65.44,20.97,0.007,,96.5
Northern Africa,2020,122457383,26.46,3240222.35,28.98,22.5,29.16,25.49,36.71,1.66,0.57,40639.83,58.09
Central Asia,2022,137789096,20.64,2843966.94,23.3,17.55,91.07,28.11,42.06,1.54,0.458,74002.68,30.72
Central Asia,2024,211258434,3.51,741517.1,60.54,41.48,8.34,10.73,5.16,4.55,0.212,68632.82,50.97
Western Asia,2024,117732222,16.89,1988497.23,10.46,6.69,25.17,21.64,13.7,12.22,0.746,14118.81,23.38
Southern Asia,2022,141763528,6.02,853416.44,13.1,6.35,13.61,30.33,44.94,18.42,0.97,25619.49,51.86
Sub Saharan Africa,2020,111885353,-27.05,3026498.8,42.71,38.09,83.34,19.11,67.34,14,0.942,20455.17,55.05
Central Asia,2021,158633887,22.94,3639061.37,65.69,58.53,46.18,27.81,42.04,17.69,0.695,21136.96,20.42
Northern Africa,2021,81313722,13.42,1091230.15,37.3,15.95,46.53,27.75,7.26,26.26,0.795,1102.24,41.7
Northern America,2022,84724096,4.69,397356.01,17.87,12.04,70.85,16.33,6.58,30.16,0.778,73731.49,39.04
Sub-Saharan Africa,2024,42908214,9.24,396471.9,57.12,17.56,18.37,31.08,6.13,31.69,0.145,55146.74,45.42
Northern America,2020,59058399,21.33,1259715.65,40.99,39.25,85.02,18.7,5.04,18.77,0.853,72779.6,25.13
Latin America and the Caribbean,2024,71446397,17.03,1216732.14,27.11,18.14,53.92,16.33,31.74,15.81,0.485,39595.72,85
Oceania,2022,92627686,16.69,1545956.08,52.7,6.47,39.41,19.47,64.61,11.59,0.886,19516.29,63.31
Europe,2020,149802480,7.44,1114530.45,26.16,12.2,23.39,23.86,41.54,25.37,0.066,54855.45,82.19
Sub-Saharan Africa,2024,181994748,25.57,4653605.71,46.83,34.53,6.41,35.4,42.88,4.12,0.498,47970.2,43.28
Sub-Saharan Africa,2022,102430632,6.99,715990.12,58.6,27.26,18.21,13.04,13.34,32.58,0.903,10717.4,83.9
Northern Africa,2024,237388043,26.73,6345382.39,56.73,45.27,79.86,14.85,9.07,22.29,0.337,21206.5,25.78
Southern Asia,2023,202335994,7.59,1535730.19,45.4,6.26,14.33,28.73,43.76,28.34,0.486,24619.73,48.29
Sub-Saharan Africa,2023,86739185,20.54,1781622.86,69,53.53,81.64,25.29,25.92,7.52,0.959,46110.69,
Sub-Saharan Africa,2023,240972821,8.28,1995254.96,40.01,31.1,87.74,30.77,30.42,31.1,0.361,63051.87,94
South-Eastern Asia,2023,45378944,26.71,1212071.59,62.7,49.19,80.46,17.87,50.17,28.5,0.83,62614.31,58.01
Central Asia,2023,169234838,25.12,4251179.13,44.57,12.92,10.04,27.33,36.11,25.03,0.988,16434.42,75.85
Europe,2022,243709400,14.01,3414368.69,52.25,10.35,65.07,14.57,57.34,25.69,0.056,78930.73,84.16
Eastern Asia,2022,6740260,-18.34,123616.37,80.48,43.76,60.73,25.92,27.43,5.68,0.016,18153.57,61.34
Central Asia,2023,118933210,4.62,549471.43,,13.08,4.86,19.5,67.45,32.46,0.697,,18.61
Northern America,2021,6181480,18.38,113615.6,37.28,22.42,94.12,39.79,35.66,2.26,0.96,9920.56,17.02
Sub Saharan Africa,2021,48778861,17.92,874117.19,9.79,9.54,65.42,39.91,21.55,14.42,0.479,78373.03,26.99
Western Asia,2021,207543055,-19.85,4119729.64,17.58,10.72,43.54,29.37,46.99,3.41,0.139,7457.57,22.96
Northern Africa,2021,105395308,4.61,485872.37,81.14,67.71,8.56,29,16.36,9.04,0.796,46860.04,53.76
Northern America,2023,186016804,25.61,4763890.35,59.15,17.89,72.61,19.24,21.56,25.87,0.74,65997.66,85.53
Northern America,2024,201821910,16.96,3422899.59,6.55,6.32,43.45,16.28,29.56,9.43,0.616,551.33,63.71
Eastern Asia,2024,46226821,11.96,552872.78,68.19,57.02,9.2,30.06,27.38,10.43,0.754,20714.24,40.72
Northern America,2024,30076836,28.8,866212.88,26.2,17.96,65.16,19,59.8,22.75,0.885,69423.71,57.84
Northern America,2021,68597721,23.01,1578433.56,22.58,3.33,73.84,30.18,19.51,21.91,0.627,75181.12,23.11
Central Asia,2023,200458403,16.15,3237403.21,55.15,11.63,58.07,38.13,68.4,32.67,0.235,11444.2,48.06
Oceania,2023,182897629,12.09,2211232.33,43.31,33.35,3.55,16.5,38.24,21.6,0.185,16007.71,66.78
Eastern Asia,2023,156767814,14.4,2257456.52,50.07,18.51,36.35,31.59,32.64,29,0.427,16747.98,92.53
Oceania,2020,202729642,17.53,3553850.62,,35.11,2.37,27.3,42.8,32.17,0.232,3942.78,93.5
Europe,2024,4591113,14.96,68683.05,24.92,20.8,72.02,30.3,47.42,25.95,0.891,70972.79,83.95
Europe,2020,175069725,28.84,5049010.87,77.97,73.52,64.7,29.28,49.5,1.71,0.264,20744.83,79.84
Europe,2024,196731506,2.08,409201.53,30.27,14.49,34.43,12.72,40.32,10.5,0.133,72371.87,30.04
South-Eastern Asia,2021,53510812,14.97,801056.86,19.21,3.18,61.58,13.77,24.91,25,0.745,76182.06,90.37
Sub-Saharan Africa,2024,66037188,5.87,387638.29,5.58,4.75,28.62,27.08,56.05,14.73,0.528,23443.08,95.51
Eastern Asia,2023,49072290,3.86,189419.04,81.2,8.17,50.57,28.61,51.13,32.39,0.344,30239.95,60.11
Western Asia,2021,35327788,17.34,612583.84,32.84,30.73,30.8,29.02,30.06,34.51,0.892,25782.5,15.47
Eastern Asia,2021,199513071,21.15,4219701.45,76.22,71.73,2.06,38.81,38.82,5.39,0.695,51329.57,84.55
Central Asia,2020,202421862,6.19,1252991.33,33.34,12.67,35.96,34.38,39.68,34.08,0.302,20222.67,18.64
Western Asia,2024,216795415,21.34,4626414.16,31.91,16.86,4.95,35,69.94,20.49,0.761,35194.94,86.68
Sub-Saharan Africa,2023,203068504,22.62,4593409.56,69.11,55.44,87.79,35.85,57.66,8.73,0.876,39116.88,26.22
Europe,2020,231286683,24.69,5710468.2,40.07,29.45,10.79,13.65,30.89,8.28,0.865,69232.7,26.62
Latin America and the Caribbean,2020,37346953,14.62,546012.45,14.86,4.42,47.47,28.21,15.96,5.37,0.7,73373.16,15.1
Europe,2022,66004452,28.03,1850104.79,54.02,40.63,5.85,13.62,9.64,27,0.497,1983.68,81.74
South-Eastern Asia,2023,153778750,11.65,1791522.44,65.99,13.67,0.09,30.67,10.47,14.13,0.819,31075.13,19.38
Latin America and the Caribbean,2022,78084097,3.37,263143.41,21.38,12.86,46.31,25.63,49.85,1.33,0.756,15149.5,
Central Asia,2024,100687441,11.09,1116623.72,81.94,12.18,81.57,29.52,19.59,19.92,0.576,4238.17,72.15
Southern Asia,2024,219911232,29.49,6485182.23,5.83,4.32,36.26,15.31,20.23,7.95,0.822,46884.62,48.3
Southern Asia,2022,81382349,22.58,1837613.44,,20.19,45.44,10.37,26.97,17.06,0.258,45292.34,37.22
Oceania,2020,100130817,23.82,2385116.06,54.18,43.51,35.5,39.92,13.19,22.33,0.963,50534.11,60.47
South-Eastern Asia,2024,215751349,26.6,5738985.88,66.27,48.85,35.42,17.35,37.31,3.52,0.639,48998.14,89.88
Sub-Saharan Africa,2024,135066108,24.18,3265898.49,19.84,13.35,98.29,32.52,35.9,28.43,0.121,47317.04,
Northern America,2024,144320487,14.34,2069555.78,31.53,20.25,84.83,17.28,48.86,25.73,0.963,17732.67,57.67
Southern Asia,2024,56745122,28.32,1607021.86,46.41,21.8,6.79,12.23,23.72,29.92,0.942,57178.51,86.94
Sub-Saharan Africa,2023,221530067,14.12,3128004.55,75.95,41.61,55.92,13.29,63.07,13.72,0.48,79027.07,83.54
Europe ,2020,227237961,26.45,6010444.07,44.09,3.34,17.88,13.88,63.71,25.3,0.449,27626.87,15.55
Northern Africa,2024,153043023,8.15,1247300.64,62.66,34.92,55.21,38.53,60.9,29.73,0.052,79064.79,93.36
Central Asia,2023,199621297,15.8,3154016.49,6.53,4.2,46.77,21.31,8.3,24.12,0.752,75907.47,
South-Eastern Asia,2021,169711760,-22.01,3735355.84,66.86,6.12,38.5,15.9,21.68,14.39,0.056,49154.46,30.91
South-Eastern Asia,2023,96295061,21.39,2059751.35,38.39,13.7,67.17,38.7,49.02,21.37,0.513,63296.88,79.11
Northern America,2020,11572394,5.58,64573.96,62.98,40.71,0.98,11.55,40.57,3.18,0.607,14241.95,72.02
Northern Africa,2023,247229825,28.75,7107857.47,54.29,46.51,37.71,15.12,46.36,28.15,0.15,24222.56,42.97
Oceania,2023,103781290,17.4,1805794.45,59.67,4.01,12.59,16.4,5.45,6.49,0.845,52171.48,28.37
Sub-Saharan Africa,2021,154159442,9.72,1498429.78,42.14,35.47,30.54,13.91,14.15,5.73,0.408,42422.85,76.89
Eastern Asia,2021,45797032,22.94,1050583.91,56.78,15.1,11.68,38.04,23.24,6.63,0.925,12922.12,39.74
Sub Saharan Africa,2021,229112225,27.34,6263928.23,,21.6,18.52,11.13,18.97,14.54,0.014,78631.21,30.75
Western Asia,2020,248635214,24.31,6044322.05,,18.78,74.15,36.26,34.15,34.04,0.528,63591.42,21.4
Europe,2022,131509202,2.28,299840.98,30.11,18.2,30.67,24.37,6.86,18.92,0.547,60975.1,87.58
Europe,2024,88571279,19.44,1721825.66,17.72,17.26,60.92,14.91,57.27,4.94,0.271,45254.51,27.64
Northern America,2022,105255182,22.91,2411396.22,63.06,28.35,70.49,13.72,30.25,25.73,0.425,78865.1,91.75
Europe,2024,117111254,22.53,2638516.55,19.97,17.39,93.79,12.62,47.93,21.92,0.512,51134.46,90.07
Oceania,2020,28753060,16.09,462636.74,75.6,60.27,6.58,23.85,18.76,19.06,0.213,71338.84,19.34
Southern Asia,2021,87046727,2.15,187150.46,78.61,76.44,23.41,11.22,67.65,7.32,0.536,52092.1,64.19
Central Asia,2021,144760838,3.03,438625.34,18.34,8.61,90.84,33.49,19.56,0.72,0.234,72192.06,41.95
Western Asia,2023,3101953,28.45,88250.56,49.93,4.97,85.09,27.39,61.4,9.95,0.857,16446.69,38.42
South-Eastern Asia,2024,86234909,6.93,597607.92,7.47,4.53,30.43,38.92,63.13,8.58,0.108,76300.3,50.95
Eastern Asia,2020,16357391,7.12,116464.62,83.83,5.66,10.85,18.46,52.74,25.02,0.797,43840.25,64.76
Sub-Saharan Africa,2022,141041010,23.61,3329978.25,27.94,3.58,99.06,37.21,35.66,28.23,0.43,41489.36,56.69
Southern Asia,2020,218308902,15.33,3346675.47,28.41,7.32,61.45,37.72,22.18,30.61,0.663,1954.02,85.5
Northern Africa,2022,91547759,23.51,2152287.81,24.6,19.24,17.85,32.16,30.53,0.28,0.071,38039.4,17.57
Northern Africa,2022,84585713,29.07,2458906.68,65.38,46.16,74.29,19.91,23.9,5.06,0.603,73831.27,78.49
Sub-Saharan Africa,2023,209505797,12.2,2555970.72,72.67,10.28,64.05,34.97,12.07,30.08,0.74,40940.33,94.68
Northern America,2020,21379001,23.76,507965.06,66.72,13.09,85.57,38.35,22.71,6.7,0.165,2291.18,48.74
Eastern Asia,2021,233003584,10.99,2560709.39,32.65,17.72,21.5,14.73,21.97,30.93,0.066,43824.17,44.5
South-Eastern Asia,2024,52956433,22.21,1176162.38,82.4,78.37,74.93,16.37,18.07,9.64,0.749,28735.04,36.69
Oceania,2024,234150410,19.88,4654910.15,67.09,6.18,7.34,39.93,49.43,10.82,0.238,33794.9,93.5
South-Eastern Asia,2022,9432087,16.6,156572.64,25.98,23.77,46.46,31.92,35.39,13.08,0.027,64108.71,73.23
Northern America,2021,217279839,7.99,1736065.91,13.43,4.71,89.87,28.7,55.18,8.02,0.629,15905.22,58.22
Western Asia,2024,46990125,27.77,1304915.77,,64.18,73.2,24.72,69.25,16.92,0.7,66044.56,34.73
Northern Africa,2020,229366607,11.69,2681295.64,44.47,20.26,69.78,23.58,59.64,18.58,0.588,55924.51,71.04
Central Asia,2023,180320649,22.73,4098688.35,81.43,29.82,97.29,27.97,25.14,4.82,0.518,77029.95,84.85
Sub-Saharan Africa,2024,235831551,3.52,830127.06,66.89,46.94,83.75,13.15,30.61,11.8,0.772,60913.24,56.5
Central Asia,2024,220966141,23.62,5219220.25,75.25,49.21,77.11,19.49,36.54,15.11,0.214,68158.39,59.71
Northern Africa,2020,151950605,11.38,1729197.88,83.59,82.43,67.2,39.51,12.65,0.42,0.851,55550.24,40.9
Oceania,2022,106760809,13.88,1481840.03,47.87,20.89,12.57,35.4,47.62,8.22,0.962,13155.06,70.82
Latin America and the Caribbean,2021,141516938,15.69,2220400.76,30.66,27.99,60.67,32.24,6.97,3.43,0.403,33667.15,20.47
Eastern Asia,2021,192101684,10.96,2105434.46,72.16,25.99,10.77,35.33,28.49,12.49,0.67,26903.13,40.02
South-Eastern Asia,2024,223390301,3.26,728252.38,9.35,6.27,61.37,17.27,63.23,28.32,0.859,36830.01,82.71
Northern Africa,2022,187867321,17.76,3336523.62,10.54,4.45,1.04,35.94,22.88,8.01,0.905,38522.98,39.81
Western Asia,2023,223425744,12.18,2721325.56,54.17,48.02,26.87,12.87,26.14,22.35,0.997,14292.82,82.33
Sub-Saharan Africa,2024,160800993,9.06,1456857,37.06,30.37,50.98,16.48,39.31,18.43,0.486,29588.6,63.18
South-Eastern Asia,2024,223515565,5.28,1180162.18,43.08,3.29,79.22,39.06,7.29,20.5,0.612,1315.4,78.55
Northern America,2023,41676616,2.6,108359.2,14.9,9.02,45.2,35.88,61.55,33.34,0.475,76575.19,40.45
Oceania,2023,67897047,17.09,1160360.53,22.73,21.87,47.27,15.81,17.12,6.88,0.085,31011.56,43.77
Latin America and the Caribbean,2020,247095121,19.91,4919663.86,150,14,68.41,24.19,52.02,13.5,0.726,45755.11,
South-Eastern Asia,2024,189824323,9.85,1869769.58,26.3,7.87,31.55,28.44,34.47,9.16,0.983,32368.52,40.8
Sub-Saharan Africa,2022,70135958,22.51,1578760.41,10.16,4.18,78.62,22.44,11.59,11.51,0.636,50585.25,29.81
Western Asia,2021,158506934,12.85,2036814.1,64.51,42.03,7.52,14.67,53.35,3.71,0.202,69055.47,95
Latin America and the Caribbean,2024,96726058,3.8,367559.02,82.87,19.29,98.65,19.63,65.26,22.27,0.096,20886.63,
Oceania,2021,194343182,30,5830295.46,51.75,36.19,15.12,13.66,23.52,19.88,0.127,74784.33,78.88
Eastern Asia,2020,41539669,23.51,976597.62,37.27,29.78,1.7,22.78,32.61,6.87,0.219,4316.04,69.6
Sub-Saharan Africa,2020,90491986,30,2714759.58,56.04,43.65,3.89,33.67,9.45,0.68,0.553,61737.27,53.64
Eastern Asia,2023,39692466,27.17,1078444.3,71.16,57.17,5.61,37.86,34.27,8.94,0.732,3455.96,27.27
Europe,2022,208874164,4.57,954554.93,13.46,8.99,97.02,14.61,63.01,13.8,0.458,51723.45,73.05
Western Asia,2024,32363909,17.11,553746.48,51.3,42.72,42.02,37.11,57.95,19.02,0.289,58550.32,73.07
Latin America and the Caribbean,2022,93345924,29.69,2771440.48,17.91,12.78,21.74,28.5,48.74,30.33,0.518,67006,23.6
Oceania,2021,184222299,3.59,661358.05,41.98,27.25,53.13,30.1,14.87,24.63,0.031,24048.56,91.98
Southern Asia,2021,105389496,6.33,667115.51,37.91,18.16,28.26,15.68,20.22,23.81,0.114,,28.15
Central Asia,2024,130488445,8.02,1046517.33,6.76,5.55,65.06,14.8,46.24,18.78,0.15,17185.67,54.15
Eastern Asia,2023,155665007,17.64,2745930.72,46.94,44.67,42.64,12.89,19.01,23.68,0.406,61946.91,59.35
Latin America and the Caribbean,2020,42506123,3.58,152171.92,53.97,31.42,75.8,15.08,56.77,28.86,0.197,30413.14,49.07
Sub Saharan Africa,2020,218501570,13.57,2965066.3,10.16,8.61,57.43,29.28,30.45,3.44,0.367,48669.23,61.34
Western Asia,2020,15116858,25.48,385177.54,74.71,29.17,70.79,24.44,43.96,24.34,0.621,55616.09,61.93
Northern Africa,2021,73480643,23.35,1715773.01,36.85,5.79,56.76,22.25,28.99,4.95,0.666,35706.47,45.04
Sub-Saharan Africa,2023,20293422,27.78,563751.26,150,4.21,63.31,26.21,60.6,28.06,0.081,23241.33,61.71
Northern Africa,2023,142823621,22.82,3259235.03,56.98,6.77,28.51,18,64.36,8,0.513,76831.06,97.36
South-Eastern Asia,2020,23775563,5.2,123632.93,22.78,17.68,71.36,10.39,30.3,14.66,0.355,47968.12,46.76
Southern Asia,2024,123440312,10.53,1299826.49,64.99,57.24,26.05,14.28,51.51,16.42,0.091,33732.9,20.49
Southern Asia,2024,191955536,20.47,3929329.82,,15.46,80.05,34.56,48.4,23.43,0.102,37499.05,86.95
Northern America,2023,28928392,4.96,143484.82,72.17,60.96,48.92,28.42,20,32.09,0.573,51253.48,52.21
Northern Africa,2023,209677594,-20.42,4281616.47,77.48,14.3,69.61,37.44,45.61,20.81,0.153,17846.43,62.41
Central Asia,2024,246275451,18.41,4533931.05,58.85,53.8,54.33,13.01,42.52,30.06,0.672,67819.24,26.25
Northern America,2023,20839289,28,583500.09,53.38,46.18,62.8,30.47,5.3,32.1,0.854,74230.09,23.18
Oceania,2022,160047540,12.55,2008596.63,15.61,9.07,97.22,28.72,67.74,14.26,0.305,14303.08,55.69
Eastern Asia,2024,36339550,14.55,528740.45,14.42,6.79,17.31,38.16,63.6,21.93,0.939,76074.65,90.47
Western Asia,2024,202377884,28.22,5711103.89,64.63,44.8,54.85,12.59,15.11,12.41,0.589,44181.86,76.66
Europe,2021,55231758,15.05,831237.96,13.33,5.04,44.68,23.21,65.24,15.1,0.082,38565.23,74.16
Northern Africa,2023,178331862,11.84,2111449.25,5.15,3.54,46.43,20.54,39.29,27.77,0.929,27076.69,76.33
Eastern Asia,2022,214344586,26.22,5620115.04,6.23,5.57,47.67,36.89,11.35,8,0.492,55127.98,
Northern America,2020,192619827,16.15,3110810.21,60.79,49.01,43.94,37.43,66.73,25.09,0.097,,22.78
Eastern Asia,2023,31080708,21.96,682532.35,28.47,20.4,95.93,32.16,60.69,5.13,0.496,16457.9,63.72
Sub-Saharan Africa,2021,14849682,10.53,156367.15,80.24,17.13,46.17,25.07,11.75,26.96,0.813,53073.94,31.54
Southern Asia,2021,235676382,22.57,5319215.94,20.27,7.89,5.99,31.58,65.39,15.13,0.265,18934.83,79.98
South-Eastern Asia,2022,118586694,8.99,1066094.38,56.41,18.45,74.09,22.4,40.32,0.36,0.145,41942.93,49.47
Latin America and the Caribbean,2024,23964388,18.76,449571.92,70.59,66.23,68.69,19.69,35.69,6.11,0.271,62036.04,95.29
Southern Asia,2023,70239024,24.87,1746844.53,73.26,46.85,25.2,15.91,12.72,20,0.387,4878.46,74.11
Northern America,2022,110034444,7.89,868171.76,54.08,26.58,39.63,18.38,23.56,29.24,0.236,70397.73,45.44
Southern Asia,2020,29671987,12.42,368526.08,,18.73,15.28,22.95,28.23,34.42,0.564,36871.49,94.68
Latin America and the Caribbean,2023,146420299,26.7,3909421.98,83.74,41.68,43.02,12.84,6.73,4.52,0.035,63429.4,37.67
Sub-Saharan Africa,2022,2031034,2.44,4955.72,36.47,17.9,74.64,27.01,60.77,24.01,0.818,45477.1,58.94
Western Asia,2022,127979250,7.05,902253.71,76.73,10.34,58.72,14.75,43.86,22.11,0.25,71625.58,80.15
Northern Africa,2024,233175775,15.12,3525617.72,150,24.53,72.98,18.97,25.6,4.82,0.727,30129.83,84.41
Eastern Asia,2024,186557672,24.6,4589318.73,46.53,34.04,1.08,31.4,60.56,9.67,0.065,17178.54,73.06
Central Asia,2022,7558754,28.92,218599.17,31.53,9.73,71.72,29.5,27.29,19.59,0.627,33411.9,81.63
Central Asia,2023,239468796,25.93,6209425.88,12.54,8.57,72.92,10.51,44.48,12.6,0.884,66423.58,35.9
Western Asia,2023,191771347,29.95,5743551.84,70.04,12.04,66.5,12.71,44.27,18.46,0.207,72773.47,48.16
Eastern Asia,2020,87129792,27.28,2376900.73,49,44.41,23.93,22.97,39.23,12.23,0.34,13301.03,29.31
Sub-Saharan Africa,2020,165009257,21.18,3494896.06,16.72,5.01,42.88,17.64,66.88,14.97,0.93,10821.53,97.5
Europe,2021,211043069,19.6,4136444.15,40.33,23.22,22.79,11.03,8.62,14.03,0.848,55450.18,68.41
Europe ,2020,66931105,24.89,1665915.2,7.98,7.08,15.7,31.82,65.42,16.46,0.135,50195.78,19.35
Southern Asia,2024,107829145,3.72,401124.42,49.02,32.65,29.03,36.94,37.53,4.49,0.896,45918.33,72.1
Northern Africa,2022,205530293,27.61,5674691.39,70.29,54.32,89.28,25.1,56.1,5.72,0.082,65819.2,55.22
Oceania,2024,154938177,4.22,653839.11,43.68,39.8,78.86,22.97,29.05,8.65,0.444,71511.46,45.75
Oceania,2024,39918968,25.45,1015937.74,51.46,26.9,60.57,20.03,57.31,20.68,0.849,47484.35,29.21
Oceania,2023,76946487,8.44,649428.35,17.53,13.39,87.32,23.64,7.37,10.06,0.872,,76
Europe,2023,207334021,18.47,3829459.37,82.08,64.51,43.69,36.21,59.24,19.06,0.351,,60.73
Europe,2021,210328164,18.42,3874244.78,26.93,24.68,11.51,32.73,17.96,17.39,0.861,,44.45
Northern America,2020,107508281,13.51,1452436.88,37.09,4.3,70.05,32.77,43.65,14.91,0.196,15920.06,70.69
Northern Africa,2022,210158951,21.08,4430150.69,79.48,16.32,76.83,21.67,29.95,31.63,0.46,75426.54,83
Northern America,2022,238896288,8.07,1927893.04,15.75,13.27,69.24,28.35,16.19,26.45,0.647,46730.59,52.97
Latin America and the Caribbean,2022,169777727,10.68,1813226.12,74.69,6.55,90.44,31.57,25.35,23.59,0.429,76974.83,17.33
South-Eastern Asia,2021,81292801,7.34,596689.16,14.36,3.33,4.03,31.08,37.33,11.15,0.088,14314.05,37.47
Eastern Asia,2024,211783686,8.2,1736626.23,7.8,3.01,91.65,23.84,44.16,34.01,0.465,30017.8,48.89
Western Asia,2022,118723459,29.83,3541520.78,69.33,33.62,71.45,34.7,28.36,6.21,0.162,,20.18
Europe,2021,242770319,28.51,6921381.79,63.92,47.81,3.36,29.83,18.59,33.61,0.018,68672.81,60.35
Europe,2020,178093168,8,1424745.34,48.57,41.69,44.43,28.77,54.33,27.94,0.648,62655,65.22
Sub-Saharan Africa,2022,213500565,9.48,2023985.36,49.58,16.48,49.42,22.4,26.42,6.97,0.356,66492.94,67.05
South-Eastern Asia,2022,66014082,27.27,1800204.02,49,13.75,73.91,36.96,52.76,28.3,0.935,42237.29,89.92
Northern America,2024,226771867,16.79,3807499.65,60.25,49.81,12.62,30.16,34.34,5.82,0.646,34278.32,90.4
Northern America,2023,87382438,20.49,1790466.15,46.87,11.42,6.83,17.68,57.89,4.25,0.072,18152.34,39.05
Southern Asia,2021,117964761,9.78,1153695.36,70.99,44.35,59.82,19.34,57.53,20.04,0.027,60701.56,77.66
Sub-Saharan Africa,2023,90279879,19.04,1718928.9,8.16,4.67,47,16.2,48.71,12.88,0.188,69561.1,31.65
Europe,2022,59451379,26.93,1601025.64,60.58,26.96,93.44,16,5.26,21.42,0.056,67904.06,64.51
South-Eastern Asia,2021,166654816,24.06,4009714.87,44.76,28.85,27.21,23.69,59.51,7.34,0.711,51029.19,21.24
Sub-Saharan Africa,2020,170575926,11.1,1893392.78,79.85,20.86,39.61,32.18,36.76,21.85,0.764,72381.65,51.4
Northern Africa,2021,124620956,11.98,1492959.05,37.04,27.36,61.23,39.74,59.59,34.11,0.773,34091.38,
Southern Asia,2021,119045154,2.29,272613.4,13.66,4.31,22.55,15.79,55.04,16.07,0.973,67314.23,
Northern Africa,2024,58326859,15.36,895900.55,30.87,20.67,49.54,20.25,18.16,5.07,0.743,66256.68,80.08
Northern Africa,2023,207121962,26.07,5399669.55,62.51,59,33.12,35.89,23.28,12.1,0.773,61571.15,70.72
Oceania,2024,158441542,4.98,789038.88,30.42,13,8.81,32.14,7.21,31.73,0.103,19164.44,29.22
South-Eastern Asia,2021,58150791,24.27,1411319.7,20.72,3.41,31.73,14.73,34.96,25.86,0.404,60860.91,70.43
Northern Africa,2023,68919403,23.3,1605822.09,53.93,39.25,59.65,31.07,26.44,28.36,0.068,38915.58,94.53
Southern Asia,2024,36179727,3.52,127352.64,23.44,7.8,20.21,38.45,35.5,22.61,0.237,46179.78,
Oceania,2020,18059278,2.51,45328.79,32.42,12.81,52.17,13.52,39.91,27.25,0.758,65637.08,72.14
Northern America,2022,157518748,28.2,4442028.69,60.76,48.83,98.64,14.94,29.62,27.45,0.654,42314.34,77.75
Northern America,2021,195469756,-16.3,3186157.02,65.05,39.3,22.43,21.65,52.73,32.89,0.8,37696.64,18.92
Europe,2022,22135451,28.74,636172.86,33.74,4.89,10.46,31.01,29.1,20.49,0.864,34735.52,64.1
Eastern Asia,2024,229922932,12.08,2777469.02,23.88,17.32,9.12,37.6,57.12,33.14,0.401,32695.8,48.55
Latin America and the Caribbean,2022,192406798,22.07,4246418.03,30.42,10.86,77.33,16.58,47.12,28.63,0.353,4435.43,44.71
Western Asia,2022,216586963,20.88,4522335.79,16.78,5.13,85.57,16.78,20.26,18.67,0.354,63795.65,68.93
Europe,2023,71458467,17.79,1271246.13,78.91,26.08,42.14,23.98,47.93,27.25,0.63,69857.98,95.23
South-Eastern Asia,2021,155291836,9.76,1515648.32,29.66,17.29,3.76,38.52,39.79,28.18,0.703,8756.12,61.31
Latin America and the Caribbean,2022,145846923,22.88,3336977.6,77.91,47.42,50.07,23.92,25.87,16.15,0.181,54283.92,32.75
Eastern Asia,2020,215399700,3.45,743128.96,51.55,23.12,61.5,31.02,34.63,17.25,0.245,52313.05,53.55
Southern Asia,2022,126436406,6.06,766204.62,51.75,40.6,44,32.1,50.82,15.83,0.746,25690.39,81.77
South-Eastern Asia,2024,96754542,19.28,1865427.57,65.74,23,15.97,34.05,17.88,1.28,0.151,59007.74,27.39
Sub-Saharan Africa,2023,179268254,29,5198779.37,61.03,36.68,58.68,12.8,28.78,31.29,0.01,2044.4,37.78
Northern America,2020,42962081,17.5,751836.42,40.15,23.44,80.33,36.41,18.54,14.4,0.809,34653.66,21.37
Oceania,2020,45724102,5.84,267028.76,42.47,23.75,15.5,32.6,12.81,8.33,0.645,23474.23,22.84
Central Asia,2023,192615873,8.27,1592933.27,15.55,3.99,89.37,30.49,45.96,31.13,0.939,15081.46,62.66
Northern America,2023,217257680,6.69,1453453.88,57.1,33.89,80.72,11.29,12.54,24.68,0.216,611.05,88.06
Eastern Asia,2023,N/A,8.07,1115994.59,39.01,19.46,58.89,22.78,32.55,16.86,0.327,35437.68,17.4
Northern America,2021,41039806,4.38,179754.35,19.23,10.58,69,29.66,56.28,18.88,0.835,17825.09,41.05
Latin America and the Caribbean,2023,16478114,13.97,230199.25,50.18,24.72,32.42,14.89,51.82,18.06,0.749,49695.69,64.09
Sub-Saharan Africa,2021,216643646,17.51,3793430.24,48.58,9.13,30.74,21.51,37.76,23.1,0.467,51332.35,78.28
Eastern Asia,2024,226122916,13.54,3061704.28,23.89,20.36,77.25,29.82,46.07,29.04,0.377,59478.06,40.05
Northern Africa,2024,7246569,17.92,129858.52,73.58,58.83,67.3,23.82,33.32,11.46,0.72,unknown,87.01
Northern Africa,2020,186408530,17.78,3314343.66,42.78,38.4,7.81,21.67,14.31,0.09,0.37,40498.51,19.89
Oceania,2020,175475187,19.67,3451596.93,54.19,51.84,98.36,33.92,28.21,33.12,0.275,9137.72,23.41
Southern Asia,2022,33554398,-16.68,559687.36,43.13,36.73,84.35,31.95,58.44,21.37,0.593,28159.1,51.19
Northern Africa,2024,247512446,14.44,3574079.72,41.19,6.96,86.3,31.29,60.67,18.25,0.943,32174.08,73.34
Oceania,2022,177270869,16.96,3006513.94,7,3.27,0.58,26.75,60.73,30.91,0.322,37198.76,59.05
Eastern Asia,2023,55849336,17.76,991884.21,46.16,18.58,13.33,13.77,40.67,14.03,0.322,19110.07,79.57
Northern America,2021,223449233,5.57,1244612.23,61.15,43.91,45.49,26.98,40.29,16.22,0.227,10206.83,49.87
Western Asia,2021,204118594,22.24,4539597.53,76.86,57.27,33.96,18.64,5.66,24.5,0.973,68235.19,24.58
Sub-Saharan Africa,2021,126837546,13.11,1662840.23,10.64,4.22,94.46,25.57,11.08,8.33,0.818,1557.69,75.04
Europe,2021,32666411,17.94,586035.41,49.37,35.94,85,39.25,35.72,10.6,0.317,17222.08,68.33
Oceania,2022,219554544,26.42,5800631.05,33.68,23.29,63.19,12.19,58.45,21.11,0.115,34223.44,28.38
Southern Asia,2023,198961481,14.18,2821273.8,61.83,43.73,67.82,10.87,49,21.73,0.282,2235.44,47.48
Latin America and the Caribbean,2022,167176927,17.92,2995810.53,80.2,66.65,93.81,10.65,6.7,30.71,0.914,54092.88,25.66
Sub-Saharan Africa,2020,75822702,22.45,1702219.66,67.41,9.72,88.59,29.54,18.77,16.06,0.314,74813.8,55.72
Southern Asia,2020,164306150,15.13,2485952.05,54.21,35.64,64.6,15.93,11.12,32.37,0.887,74348.98,58.64
Central Asia,2022,19930585,24.26,483515.99,,60.39,92.09,37.7,50.23,21.39,0.362,39477.49,57.75
Northern America,2024,47934947,9.81,470241.83,45.16,3.43,90.18,13.77,23.78,32.7,0.5,54596.7,40.39
Southern Asia,2020,8400330,12.64,106180.17,8.77,7.36,82.53,26.66,16.25,24.25,0.124,76536.62,28.42
South-Eastern Asia,2020,185723534,22.45,4169493.34,64.48,17.44,78.94,19.36,35,34.67,0.5,9263.09,32.07
Latin America and the Caribbean,2021,176064038,24.12,4246664.6,32.21,7.13,28.86,16.61,29.37,22.5,0.709,67987.29,63.29
Latin America and the Caribbean,2022,36881999,7.09,261493.37,11.92,11.39,29.8,19.19,68.75,0.36,0.925,11003.28,58.3
Sub-Saharan Africa,2021,48828092,18.48,902343.14,26.44,19.22,61,14.89,7.97,0.61,0.265,77754.39,
Western Asia,2022,133068942,17.13,2279470.98,39.37,20.96,53.7,18.85,35,30.31,0.878,10920.05,70.79
Central Asia,2024,121946806,21.18,2582833.35,21.25,13,83.15,32.19,67.61,29.75,0.785,64264.07,47.76
Northern America,2024,N/A,8.55,1069588.37,42.36,16.14,33.46,37.36,59.8,5.2,0.009,71670.08,48.79
Oceania,2023,78374635,14.71,1152890.88,48.97,31.19,84.1,34.77,55.84,27.96,0.616,8845.01,30.09
Northern Africa,2022,231340556,7.41,1714233.52,43.09,5.39,6.06,11.82,15.93,17.27,0.414,61415.37,51.83
Latin America and the Caribbean,2022,186724922,21.02,3924957.86,48.97,13.77,3.56,30.62,48.26,31.83,0.279,20495.4,97.02
Oceania,2023,122232258,19.65,2401863.87,74.31,8.51,54.23,35.7,51.75,20.96,0.653,55192.39,90.91
Southern Asia,2022,35826694,29.71,1064411.08,69.36,31.34,0.95,15.25,65.08,28.23,0.553,28057.9,87.36
Sub-Saharan Africa,2020,235082110,14.12,3319359.39,29.39,24.61,42.22,30.16,16.43,2.1,0.579,44122.05,68.27
Europe,2023,239550947,20.7,4958704.6,74.6,71.86,2.98,19.31,45.2,5.29,0.212,72039.38,48.39
Europe,2023,53058368,9.73,516257.92,20,18.23,79.52,15.06,5.68,4.29,0.111,61185.47,48.84
Latin America and the Caribbean,2024,245401497,2.55,625773.82,30.6,12.3,2.96,34.41,56.48,0.36,0.785,56696.36,
Oceania,2021,34801659,9.77,340012.21,,70.35,21.74,39.14,52.46,13.37,0.343,69462.79,38.05
South-Eastern Asia,2020,38542088,2.71,104449.06,45.53,12.07,99.39,14.57,62.29,5.16,0.396,50433.48,90.54
Europe,2022,75401102,15.35,1157406.92,17.63,12.54,35.68,13.55,51.17,33.12,0.085,20790.04,22.68
Northern America,2021,186891320,17.46,3263122.45,67.41,10.81,14.36,14.71,13.97,26.24,0.338,42297.46,17.15
Central Asia,2022,201438148,24.44,4923148.34,38.45,22.7,63.59,23.36,20.79,14.53,0.706,64837.37,87.96
Sub-Saharan Africa,2022,180588640,8.19,1479020.96,58.85,14.06,4.77,26.13,14.88,31.45,0.828,60797.39,84.01
Europe ,2020,217598550,4.61,1003129.32,80.08,67.85,43.94,26.66,30.63,9.98,0.015,10016.81,35.55
Northern Africa,2020,75482844,23.72,1790453.06,77.24,18.73,74.72,17.85,27.57,9.18,0.212,22685.43,45.15
Western Asia,2023,5555093,19.37,107602.15,22.26,16.95,40.21,27.32,16.45,8.92,0.301,59853.3,81.66
Sub-Saharan Africa,2020,139558636,24.3,3391274.85,18.87,12.05,5.13,12.51,5.77,20.75,0.545,39598.68,39.85
Western Asia,2023,130074230,14.68,1909489.7,25.61,24.4,31.36,12.88,13.14,15.09,0.975,74081.1,25.54
Southern Asia,2021,217069050,21.87,4747300.12,80.89,61.65,8.1,34.82,20.55,24.19,0.523,67928.44,23.24
Europe,2024,200239003,4.59,919097.02,,23.07,90.94,37.39,7,34.22,0.025,34889.63,35.62
Southern Asia,2024,196611106,20.76,4081646.56,69.59,21.17,97.09,25.78,25.62,16.11,0.91,48499.53,68.51
Northern America,2021,214753829,7.45,1599916.03,21.94,19.94,53.2,39.91,28.37,1.33,0.171,24970.73,
Northern America,2023,104690751,-17.97,1881292.8,27.23,10.94,94.33,29.81,31.66,25.58,0.477,42432.52,90.55
Eastern Asia,2022,214387978,26.4,5659842.62,17.56,16.57,72.49,38.93,69.42,7.44,0.762,2694.29,43.01
Oceania,2020,173229381,15.28,2646944.94,74.44,42.49,41.23,23.42,17.63,23.85,0.361,27141.12,82.06
Europe,2024,66776372,6.94,463428.02,22.58,15.28,79.53,30.53,63.85,5.99,0.905,11088.39,21.74
Sub-Saharan Africa,2021,N/A,13.46,1950855.25,,56.3,24.37,19.07,10.65,25.18,0.819,38716.52,66.15
Sub-Saharan Africa,2022,28224431,20.85,588479.39,25.61,12.11,27.13,27.35,46.67,22.49,0.687,56449.97,27.53
Southern Asia,2024,8275309,23.16,191656.16,52.9,49,68.94,24.51,24.01,5.74,0.254,65484.11,92.63
Sub-Saharan Africa,2023,159855029,28.67,4583043.68,27.94,7.72,87.85,10.06,51.4,3.59,0.923,58175.85,74.57
Central Asia,2024,209575053,11.23,2353527.85,65.22,42.45,55.2,34.84,36.43,31.19,0.839,unknown,89.28
Central Asia,2020,212245865,29.02,6159375,63.53,50.71,53.86,38.95,50.76,14.67,0.069,78241.85,88.19
Eastern Asia,2022,50713682,13.73,696298.85,48.31,4.34,4.07,26.74,7.85,15.85,0.919,62582.04,95.47
Oceania,2023,112961949,14.41,1627781.69,50.59,39.84,22.16,16.56,41.52,23.72,0.511,24485.66,47.29
Europe,2024,107570585,4.89,526020.16,45.28,38.96,32.6,12.07,25.48,26.73,0.284,19323.89,20.73
Southern Asia,2022,77856033,3.06,238239.46,28.84,22.22,85.44,28.36,47.77,27.44,0.423,11513.69,39.4
Eastern Asia,2022,230866531,15.83,3654617.19,56.94,16.08,44.47,38.2,65.55,11.27,0.698,43394.36,85.43
Sub-Saharan Africa,2020,78540269,18.62,1462419.81,14.84,12.56,48.01,38.81,20.8,23.7,0.377,,67.28
Northern America,2020,106660486,5.96,635696.5,,25.18,33.18,33.28,52.59,3.35,0.122,10432.93,17.69
Sub-Saharan Africa,2021,64297336,26.6,1710309.14,19.32,11.61,93.35,23.36,67.39,12.87,0.916,61605.79,16.58
Eastern Asia,2024,219364221,16.88,3702868.05,46.85,15.43,66.85,18.28,26.16,0.07,0.12,33053.78,53.64
Central Asia,2024,15843431,8.31,131658.91,51.93,10.03,64.1,28.45,39.52,15.06,0.832,62353.99,65.46
Oceania,2021,155772694,16.32,2542210.37,55.09,42.99,77.39,15.54,9.06,21.51,0.95,unknown,78.84
Eastern Asia,2024,152195087,7.98,1214516.79,64.68,7.64,48.59,27.29,52.4,19.25,0.549,32566.24,85.55
Sub-Saharan Africa,2024,N/A,24.6,2954473.75,62.3,34.78,83.48,38.38,65.5,10.63,0.385,61918.24,72.86
Sub-Saharan Africa,2020,32017576,-22.09,707268.25,50.86,6.52,86.59,37.44,13.34,28.18,0.421,4624.13,18.67
South-Eastern Asia,2023,75069181,20.02,1502885,66.56,38.39,66.07,16.47,49.74,34.74,0.352,16201.83,39.19
South-Eastern Asia,2020,160115811,5.43,869428.85,44.87,33.39,71.07,23.18,23.67,12.86,0.279,62052.89,21.86
Oceania,2022,196658408,12.74,2505428.12,62.47,61.36,60.93,34.95,19.15,3.78,0.392,27695.25,24.58
Latin America and the Caribbean,2024,13525897,17.69,239273.12,10.27,9.48,58.34,34.56,49.74,2.6,0.4,33123.41,97.48
Northern Africa,2021,120051563,12.21,1465829.58,63.14,52.93,6.4,39.25,40.45,24.57,0.897,23048.48,52.98
Sub-Saharan Africa,2020,182148960,17.78,3238608.51,16.79,12.04,63.78,30.6,52.73,29.9,0.625,12084.71,40.41
Northern America,2023,78478256,21.8,1710825.98,25.36,18.66,47.75,24.67,45.41,4.9,0.931,49866.51,44.7
Europe,2024,68697446,23.95,1645303.83,49.66,43.04,31.73,18.97,23.14,17.63,0.676,78635.26,46.34
Sub-Saharan Africa,2022,146868466,13.19,1937195.07,12.7,8.47,35.04,33.13,32.17,34.8,0.71,21054.98,24.94
Oceania,2022,163961158,8.06,1321526.93,60.98,34.1,93.5,13.8,35.3,32.14,0.641,41208.63,
Oceania,2024,237335522,12.52,2971440.74,8,4.84,26.87,13.42,15.81,32.55,0.367,56268.66,91.03
Western Asia,2023,167165649,18.71,3127669.29,77.54,73.73,42.83,22.08,67.94,25.63,0.867,62046.61,70.5
South-Eastern Asia,2022,113832925,28.84,3282941.56,42.3,11.49,20.08,38.94,26.01,33.45,0.376,58221.45,66.39
Central Asia,2021,165490118,24.37,4032994.18,8.04,6.6,56.33,31.62,59.59,33.74,0.469,41739.47,43.87
Oceania,2024,130132714,11.08,1441870.47,28.96,14.29,49.35,18.15,7.34,8.98,0.689,,20.85
Sub-Saharan Africa,2020,77377019,7.93,613599.76,9.07,8.29,67.41,15.52,9.26,32.19,0.28,21287.96,66.61
Northern America,2024,94693018,20.9,1979084.08,18.4,14.31,79.28,19.93,31.17,30.7,0.521,47587.81,21.99
Central Asia,2023,218198521,21.42,4673812.32,27.94,24.62,23.59,27.31,8.49,27.41,0.991,54228.1,67.04
Sub-Saharan Africa,2022,127788667,22.44,2867577.69,,25.39,65.53,24.48,34.34,17.45,0.063,66014.16,94.16
Northern America,2020,133270782,18.16,2420197.4,63.93,5.14,11.27,37.18,31.82,32.89,0.281,51290.29,51.43
Northern Africa,2020,179398955,14.04,2518761.33,48,22.69,64.76,37.52,37.58,25.64,0.844,60716.11,
South-Eastern Asia,2024,219455818,18.22,3998485,35.38,7.92,29.03,32.12,64.2,5.36,0.243,57968.46,86.07
Western Asia,2023,50076569,15.34,768174.57,63.72,48.95,46.12,16.38,47.99,31.06,0.301,34015.97,54.53
Northern Africa,2022,192314357,21.29,4094372.66,150,22.12,97.45,39.31,48.15,28.72,0.872,17952.3,81.82
Sub Saharan Africa,2022,37970888,29.37,1115204.98,37.18,33.06,83.36,15.35,41.94,5.87,0.361,48266.49,42.95
Northern America,2020,60297724,23.84,1437497.74,82.78,78.13,50.03,15.58,9.97,15.56,0.022,71586.36,68.26
Central Asia,2020,188893673,23.89,4512669.85,13.58,3.38,98.71,11.76,33.33,29.68,0.155,9576.94,72.25
Eastern Asia,2023,194904669,4.95,964778.11,74.4,67.49,13.83,20.45,51.76,15.61,0.357,76039.89,41.49
Western Asia,2023,59217744,12.18,721272.12,45.78,44.07,63.75,19.97,22.73,17.3,0.617,46291.05,25.64
Western Asia,2021,187229815,15.57,2915168.22,21.22,18.16,27.98,22.69,9.78,25.57,0.269,45210.01,21.42
Oceania,2022,74090704,2.12,157072.29,47.9,19.87,36.18,33.98,37.56,5.95,0.22,25310.72,43.13
Europe,2023,107007443,7.98,853919.4,30.34,11.73,85.23,16.73,16.25,29.25,0.291,56630.44,63.11
Western Asia,2022,171414116,2.09,358255.5,30.11,28.78,13.99,10.3,5.18,24.96,0.568,79594.34,42.55
Southern Asia,2022,122287823,17.51,2141259.78,43.57,38.34,74.61,30.96,51.5,22.34,0.843,22277.33,44.09
Northern Africa,2022,180678187,17.94,3241366.67,31.94,24.01,10.14,25.32,33.4,7.99,0.239,29678.2,86.17
Western Asia,2020,10250874,23.26,238435.33,76.25,40.86,46.62,14.85,21.66,1.86,0.119,48358.52,16.14
Oceania,2020,20383097,25.24,514469.37,64.57,6.69,90.73,38.72,66.66,6.26,0.654,,45.14
Western Asia,2024,157502542,17.55,2764169.61,64.92,25.45,53.09,39.87,16.11,24.35,0.371,59622.12,35.78
South-Eastern Asia,2023,247277877,25.6,6330313.65,29.93,27.84,64.67,11.66,47.5,13.52,0.151,74209.31,96.13
South-Eastern Asia,2023,98620027,24.89,2454652.47,49.38,42.02,4.06,38.76,20.96,8.81,0.543,52382.6,23.23
Eastern Asia,2020,214248251,2.76,591325.17,39.95,4.99,74.48,25.93,21.4,8.57,0.586,10239.29,67.71
Oceania,2023,5250708,17.23,90469.7,28.56,11.72,31.66,29.29,38.58,22.46,0.77,52332.69,86.03
Northern America,2023,146710975,5.19,761429.96,33.32,23.76,49.32,19.21,60.61,21.57,0.885,77870.9,65.43
Eastern Asia,2023,32292641,12.98,419158.48,65.97,20.15,58.85,34.78,68.96,25.97,0.111,42841.64,15.04
Sub-Saharan Africa,2020,129135029,14.52,1875040.62,21.77,21.34,86.55,29.22,44.75,14.14,0.026,46865.19,54.24
Southern Asia,2024,N/A,3.36,483564.26,22.83,20.7,18.47,25,46.9,1.78,0.599,35868.92,
Northern Africa,2024,62015065,24.3,1506966.08,63.34,45.73,70.71,21.39,41.99,27.61,0.251,28188.74,61.13
Oceania,2023,236711839,4.7,1112545.64,75.95,47.32,19.91,37.76,40.72,25.69,0.21,,89.68
Eastern Asia,2022,35983183,9.06,326007.64,76.64,27.95,84.89,25.36,42.26,16.4,0.756,31455.29,68.68
Northern Africa,2023,158794142,18.26,2899581.03,52.66,21.59,95.05,39.67,43.64,5.91,0.633,56983.95,97.87
Sub Saharan Africa,2024,188980396,23.71,4480725.19,42.82,6.82,69.57,13.84,48.98,13.5,0.614,19063.05,66.15
Central Asia,2021,133124047,22.62,3011265.94,16.19,7.92,25.9,13.03,20.88,3.14,0.474,4965.59,79.48
Southern Asia,2021,130748857,20.83,2723498.69,74.74,45.62,90.04,26.9,46.53,33.53,0.818,78192.74,61.41
Southern Asia,2024,236504890,26.59,6288665.03,59.15,56.51,32.72,32.22,32.45,6.23,0.212,20521.04,57.09
Central Asia,2021,100829633,11.04,1113159.15,,50.09,4.19,27.39,61.47,12.02,0.757,39837.45,63.68
Northern Africa,2022,31337056,16.31,511107.38,41.22,14.13,49.03,13.91,17.01,26.61,0.23,24758.54,24.5
Western Asia,2020,246707722,22.67,5592864.06,69.51,5.81,45.95,18.18,30.36,6.54,0.067,51227.4,94.87
Europe,2024,204552784,11.94,2442360.24,40.65,31.1,28.13,34.4,60.49,4.92,0.93,74827.43,42.99
Sub Saharan Africa,2022,10919575,29.36,320598.72,15.56,3.58,34.12,12.36,43.19,21.59,0.815,79649.99,17.45
Northern America,2021,144712812,3.2,463081,,11.18,64.9,20.4,31.17,26.89,0.781,,70.69
Southern Asia,2022,28804055,23.88,687840.83,69.96,26.82,64.41,16.59,65.09,3.04,0.709,59675.71,73.65
Southern Asia,2021,58891426,17.68,1041200.41,8.88,6.34,96.1,34.34,44.41,11.31,0.931,70938.37,89.8
Central Asia,2024,137632820,20.24,2785688.28,78.68,66.69,27.75,31.07,63.36,18.25,0.742,4322.66,67.1
Northern Africa,2023,208430255,8.93,1861282.18,36.58,35.39,42.64,33.07,42.68,30.47,0.938,39543.06,71.26
Northern America,2021,6024810,9.16,55187.26,16.32,9.28,74.34,11.25,51.79,18.05,0.677,54760.64,41.07
Northern Africa,2024,222091145,8.06,1790054.63,75.52,9.86,36.79,29.11,58.94,34.61,0.808,unknown,92.02
Latin America and the Caribbean,2020,183179035,21.54,3945676.41,31.76,24.31,1.96,34.27,48.93,30.45,0.621,48158.75,34.23
Western Asia,2020,179391452,14.06,2522243.82,44.08,13.23,7.77,14.2,22.82,6.37,0.886,63300.23,33.49
Latin America and the Caribbean,2021,113074987,14.66,1657679.31,83.44,60.08,38.17,10.01,30.62,10.9,0.459,45826.05,67.1
Europe ,2024,31786198,-10.88,345833.83,32.32,8.56,75.67,21.43,14.37,28.31,0.536,58287.81,42.06
Europe ,2020,244212982,12.88,3145463.21,70.11,18.74,73.84,26.04,46.96,15.91,0.986,,47.26
Sub-Saharan Africa,2023,229952119,14.86,3417088.49,13.73,12.47,45.6,18.2,55.61,1.31,0.602,41538.93,48.76
Latin America and the Caribbean,2021,86906434,21.02,1826773.24,74.15,40.11,70.08,35.04,15.26,20.98,0.73,10436.27,52.77
Latin America and the Caribbean,2021,226511659,4.47,1012507.12,44.04,40.89,99.64,15.74,16.56,0.71,0.996,74010.64,85.61
Western Asia,2024,192688410,10.84,2088742.36,46.76,38.56,25.73,25.42,11.52,17.79,0.687,22773.4,28.82
Southern Asia,2023,44324770,2.2,97514.49,10.25,7.43,68.45,29.31,61.66,7.91,0.322,45252.68,27.29
Eastern Asia,2023,94182770,18.39,1732021.14,10.5,7.9,23.7,22.65,20.47,0.11,0.265,12732.76,36.49
Europe,2021,147871036,16.94,2504935.35,69.88,9.02,26.62,37.9,38.22,6.07,0.22,59926.84,52.99
Eastern Asia,2023,63400424,21.08,1336480.94,35.79,26.85,62.85,35.13,58.55,5.84,0.41,72085.76,91.02
Central Asia,2024,N/A,26.95,5707055.57,72.83,55.6,65.62,38.94,16.83,21.93,0.927,16761.75,39.36
Northern America,2022,74727995,7.79,582131.08,18.2,15.9,79.47,10.78,21.76,6.79,0.743,4929.92,30.28
Western Asia,2020,169111714,22.57,3816851.38,150,18.55,2.47,14.48,25.13,16.26,0.57,16512.61,58.97
Oceania,2022,53292520,2.57,136961.78,78.03,58.66,47.04,11.72,50.9,10.7,0.013,26748.17,30.92
South-Eastern Asia,2024,22562279,12.65,285412.83,42.01,34.39,15.94,25.98,5.63,2.18,0.653,74256.86,20.02
Southern Asia,2022,89951876,21.7,1951955.71,24.85,24.45,54.63,16.64,37.85,27.32,0.256,46114.35,80.52
Northern America,2020,82385953,11.33,933432.85,62.26,13.47,41.47,27.81,67.54,8.03,0.586,3001.25,35.78
Oceania,2023,63169391,23.13,1461108.01,13.55,12.76,1.99,21.68,62.46,16.85,0.242,45267.32,52.28
Latin America and the Caribbean,2022,247533981,10.32,2554550.68,72.74,57.63,89.69,27.63,34,28.36,0.684,20737.97,43.42
Latin America and the Caribbean,2020,106309216,12.65,1344811.58,17.55,12.87,60.95,30.26,7.64,5.22,0.56,21505.42,57.16
Southern Asia,2021,94922102,11.96,1135268.34,38.42,6.03,75.58,38.93,27.74,1.25,0.006,23245.42,69.02
Oceania,2021,43357336,25.44,1103010.63,,13.81,33.09,21.02,33.06,31.55,0.017,4702.99,69.19
Europe,2024,185659235,25.83,4795578.04,12.44,6.87,26.67,13.45,37.41,20.29,0.608,6116.74,42.6
Central Asia,2020,80810230,7.22,583449.86,53.74,17.54,36.53,20.97,20.48,11.54,0.223,34106.72,32.56
Northern Africa,2022,N/A,23.65,353220.06,76.05,68.76,23.53,34.06,33.6,8.91,0.181,5884.87,56.53
South-Eastern Asia,2024,27964505,26.67,745813.35,53.91,14.32,57.94,11,54.24,27.16,0.361,75503.23,31.53
Sub-Saharan Africa,2020,55420831,2.88,159611.99,56.49,10.55,99.8,12.67,68.91,14.3,0.182,20772.27,63.17
Northern America,2021,99432348,6.05,601565.71,68.61,19.28,30.87,33.94,60.82,24.7,0.123,25333.14,65.44
Western Asia,2022,197736745,24.94,4931554.42,54.43,46.63,68.77,29.49,12.87,29.03,0.89,54257.66,17.51
Western Asia,2021,99789647,29.05,2898889.25,45.09,15.76,56.61,30.37,25.21,0.78,0.854,,44.9
Oceania,2020,52125197,20.42,1064396.52,16.89,11.72,54.86,21.53,11.61,2.57,0.444,41197.28,
Northern America,2022,88464464,12.22,1081035.75,81.8,75.17,80.12,10.13,46.51,31.75,0.676,54652.49,38.9
Western Asia,2020,89830072,19.03,1709466.27,23.47,12.3,59.28,32.26,19.39,2.37,0.187,51131.78,81.7
Western Asia,2021,134976442,3.15,425175.79,77.11,57.83,87.53,26.19,31.25,6.32,0.648,5805.1,38.66
Eastern Asia,2020,37447188,7.39,276734.72,54.5,25.52,24.78,18.24,13.23,22.32,0.778,46671.23,48.45
Latin America and the Caribbean,2022,221105155,7.46,1649444.46,81.74,15.5,62.79,12.85,53.65,23.44,0.66,31617.76,17.34
Oceania,2023,196613903,3.86,758929.67,7.44,7.17,46.85,37.19,31.76,10.74,0.275,41050.85,77.11
Sub-Saharan Africa,2020,175390406,10.79,1892462.48,,21.89,82.91,34.77,52.15,9.79,0.319,52363.92,69.1
Northern Africa,2020,131871728,24.04,3170196.34,83.26,16.54,10.99,15.32,6.37,29.46,0.007,35728.67,92.09
Central Asia,2023,181535055,11.35,2060422.87,46.57,10.36,94.78,28.55,57.99,34.54,0.859,29242.16,72.76
South-Eastern Asia,2024,106628563,18.55,1977959.84,47.67,38.68,8.48,21,45.38,14.32,0.728,43729.97,
Latin America and the Caribbean,2022,148332333,24.48,3631175.51,38.81,7.3,4.97,22.56,69.79,13.28,0.141,6553.63,31.93
Central Asia,2020,98903403,8.35,825843.42,41.75,19.41,43.57,20.46,10.58,15.76,0.331,57743.29,96.1
Central Asia,2024,117016869,19.84,2321614.68,9.15,6.91,44.35,13.61,63.98,16.04,0.945,60828.38,64.67
Western Asia,2020,84222501,10.73,903707.44,29.79,13.67,93.77,38.35,56.3,0.39,0.205,48237.01,27.58
Southern Asia,2022,26607545,6.17,164168.55,47.66,44.88,96.85,17.57,32.02,6.71,0.494,46625.04,51.5
Oceania,2021,138542482,20.6,2853975.13,34.2,27.91,78.54,15.68,33.37,32.63,0.131,3455.15,68.56
Europe,2023,16097258,25.5,410480.08,59.27,21.54,63.12,20.55,68.15,24.73,0.239,,65.85
Southern Asia,2024,18742523,21.32,399590.59,10.52,8.94,66.48,14.96,46.23,25.02,0.482,35412.13,79.56
Western Asia,2023,191065257,23.71,4530157.24,26.36,8.05,7.35,20.23,42.69,6.31,0.858,5510.93,95.12
Europe,2022,68247135,24.77,1690481.53,,13.36,81.31,35.5,32.59,16.06,0.237,34328.33,56.28
Oceania,2020,243386186,3.9,949206.13,,25.18,19.18,23.84,37.84,20,0.881,,22.62
Eastern Asia,2021,15567398,7.37,114731.72,41.82,17.01,34.74,36.74,24.28,7.01,0.154,1087.94,41.47
Latin America and the Caribbean,2024,59239486,23.16,1371986.5,34.43,7.15,66.76,20.26,29.4,3.48,0.499,,91.64
Northern America,2020,62285978,24.52,1527252.18,82.74,68.7,22.12,16.4,26.28,30,0.669,33979.49,41.64
Northern America,2020,137027738,8.62,1181179.1,39.96,37.82,24.5,26.69,53.49,20.84,0.368,44846.06,71.01
South-Eastern Asia,2024,158043740,24.82,3922645.63,25.51,5.71,89.08,29.92,7.63,5.4,0.741,70948.19,55.17
Northern Africa,2020,122461500,17.64,2160220.86,69.93,57.45,50.63,14.12,22.72,6.6,0.817,61034.19,44.13
Sub-Saharan Africa,2023,109013714,14.66,1598141.05,51.04,21.52,38.51,15.87,37.19,31.39,0.987,61324.71,96.34
Latin America and the Caribbean,2024,4346828,8.67,37687,56.91,12.43,34.64,26.97,26.73,0.01,0.455,8413.73,23.85
Northern America,2020,N/A,6.63,744876.54,48.79,7.98,69.03,35.13,48.77,21.44,0.302,71383.15,49.47
South-Eastern Asia,2022,70329724,11.52,810198.42,73.66,36.46,4,23.91,68.56,33.97,0.864,61848.52,62.14
Latin America and the Caribbean,2023,4514685,7.69,34717.93,55.75,40.09,41.81,32.03,11.94,30.02,0.73,12879.23,32.27
Northern America,2022,207508980,9.92,2058489.08,70.24,65.55,61.4,29.96,17.18,22,0.617,65896.2,58.48
Europe,2020,181958354,13.56,2467355.28,7.94,6.96,93.95,36.4,31.26,6.78,0.396,21649.15,93.72
Western Asia,2021,237809850,3.3,784772.51,77.81,36.95,96.77,22.47,16.06,9.27,0.619,4939.66,21.32
Europe,2022,142127486,24.69,3509127.63,80.64,31.46,41.25,11.58,23.64,20.86,0.365,5660.2,17.71
Latin America and the Caribbean,2024,204283235,21.97,4488102.67,30.59,10.24,34.65,35.06,67.79,26.68,0.605,25139.41,87.37
Southern Asia,2020,8160852,6.42,52392.67,16.6,3.66,37.12,25.44,43.71,14.05,0.101,28717.06,62.16
Oceania,2024,165913695,22.72,3769559.15,18.09,10.5,57.08,27.03,11.88,1.61,0.169,17611.4,32.43
Southern Asia,2020,75069704,28.27,2122220.53,13.26,12.75,21.79,24.87,62.22,11.63,0.321,47981.56,24.22
Western Asia,2022,234479311,15.5,3634429.32,22.01,21.31,6.61,38.59,46.87,19.22,0.398,50299.81,96.78
Eastern Asia,2024,106633929,21.65,2308624.56,24.29,20.3,60.22,10.95,28.39,17.72,0.43,3625,43.21
Sub-Saharan Africa,2021,188067112,28.96,5446423.56,76.97,12.36,60.85,17.38,6.42,5.83,0.101,64361.6,17.85
Southern Asia,2023,166665316,3.76,626661.59,75.02,7.66,63.13,33.16,7.36,8.95,0.335,47566.09,47.38
Northern Africa,2020,191390734,11.42,2185682.18,12.41,11.22,99.15,38.95,39.34,27.88,0.973,56922.53,91.61
Eastern Asia,2020,163363590,5.39,880529.75,23.97,14.63,68.72,27.29,22.24,29.14,0.742,69055.56,68.37
Southern Asia,2022,177046451,17.48,3094771.96,76.93,6.37,58.43,16.64,19.8,27.49,0.835,27229.95,81.68
South-Eastern Asia,2023,246120523,16.33,4019148.14,8.89,7.46,53.52,14.31,38.21,17.41,0.639,4989.21,45.65
Sub-Saharan Africa,2021,246676793,23.62,5826505.85,64.26,59.81,75.6,38.01,49.41,11.23,0.545,33111.48,87.04
South-Eastern Asia,2022,241106240,12.15,2929440.82,45.31,38.44,7.6,14.51,26.98,13.62,0.811,18367.72,82.27
Central Asia,2023,205834623,2.05,421960.98,62.24,10.61,19.5,22.85,62.4,9.13,0.623,35612.3,85.13
Europe,2020,237727801,4.94,1174375.34,49.4,37.27,55.08,12.85,66.54,22.17,0.507,28612.74,35.7
Sub-Saharan Africa,2023,47190656,6.65,313817.86,71.99,61.88,52.04,36.61,63.34,23.87,0.22,41161.65,22.1
Oceania,2022,160905141,2.07,333073.64,68.82,35.04,70.94,21.83,13.69,2.06,0.904,66495.85,82.25
Northern Africa,2024,188956303,18.37,3471127.29,12.4,12.33,49.59,32.28,32.06,21.56,0.884,71485.05,89.68
Oceania,2023,38168853,13.46,513752.76,72.4,4.94,64.81,36.93,47.69,13.51,0.465,74312.45,21.11
Eastern Asia,2023,53453305,16.49,881445,41.03,20.96,23.38,28.47,11.64,19.51,0.199,53628.34,84.62
Latin America and the Caribbean,2022,152596732,20.95,3196901.54,78.22,35.54,30.23,22.58,31.44,19.65,0.16,5226.33,15.11
Southern Asia,2021,109012852,11.41,1243836.64,,3.73,83.24,15.88,68.16,0.5,0.929,50728.44,84.83
Latin America and the Caribbean,2022,173766191,28.69,4985352.02,23.51,12.99,7.12,14.52,27.38,3.91,0.241,39553.3,62.36
Oceania,2020,90671399,18.56,1682861.17,40.1,19.07,42.64,25.81,32.84,6.48,0.063,33947.64,47.47
Southern Asia,2024,159836550,25.95,4147758.47,8.82,7.49,77.28,12.11,47.55,26.55,0.203,58906.02,86.79
Sub-Saharan Africa,2020,163574631,5.98,978176.29,30.79,25.7,26.83,31.04,66.81,23.29,0.034,12221.87,18.17
Eastern Asia,2021,205648042,17.53,3605010.18,31.48,29.22,53.78,26.32,45.54,13.71,0.326,62083.56,77.86
Eastern Asia,2024,113659582,8.29,942237.93,150,15.7,52.15,24.38,60.38,12.29,0.539,3227.61,70.51
Latin America and the Caribbean,2021,40951233,19.29,789949.28,78.17,19.45,51.02,39.98,29.63,31.73,0.691,51732.41,26.69
Southern Asia,2020,88341201,14.38,1270346.47,72.47,17.37,39.03,16.44,60.26,26.69,0.812,7113.54,16.15
Northern America,2022,24327352,17.13,416727.54,18.74,15.53,73.95,16,38.9,31.19,0.095,49365.89,66.47
Sub Saharan Africa,2023,30075218,4.71,141654.28,37.42,11.9,15.26,32.37,48.81,7.94,0.715,35784.97,61.99
Northern America,2020,174890356,5.11,893689.72,66.61,8.82,56.93,15.93,66.85,34.12,0.358,65812.73,38.72
South-Eastern Asia,2020,32844029,6.94,227937.56,56.16,53.82,18.29,14.93,34,33.56,0.445,17166.44,17.36
Eastern Asia,2020,219249342,2.29,502080.99,57.6,12.04,26.57,37.21,32.98,9.78,0.195,,20.25
Central Asia,2023,112317136,23.38,2625974.64,77.63,41.8,13.78,24.66,5.27,18.83,0.924,78676.85,95.85
Sub-Saharan Africa,2021,133232491,15.71,2093082.43,9.01,7.56,82.79,39.61,65.42,24.68,0.256,68918.17,
Southern Asia,2021,122361872,10.45,1278681.56,19.1,5.51,41.71,30.84,33.15,23.03,0.977,75830.24,41.48
South-Eastern Asia,2023,7172856,5.4,38733.42,34.13,27.75,84.43,11.64,40.35,24.51,0.63,55572.99,96.15
South-Eastern Asia,2021,217620828,9.36,2036930.95,41.03,38.54,5.81,13.04,31.92,4.7,0.676,39967.96,41.64
Southern Asia,2020,37100054,15.88,589148.86,,4.74,52.77,12.19,11.17,7.93,0.859,50822.37,75.91
Western Asia,2024,100561781,14.54,1462168.3,66.44,11.97,3.19,21.73,16.77,30.52,0.157,38684.76,66.1
Europe,2021,139105812,3.93,546685.84,8.55,5.85,49.56,11.64,62.3,33.19,0.239,60985.27,24.08
Oceania,2022,77747117,8.46,657740.61,82.83,62.92,70.99,28.11,55.17,4.23,0.908,64414.72,93.22
Northern America,2020,164939060,18.25,3010137.85,59.91,6.39,89.28,21,47.35,13.49,0.587,12613.21,55.15
Latin America and the Caribbean,2020,145487842,21.27,3094526.4,8.86,8.35,91.56,38.71,57.99,16.23,0.544,61455.74,57.51
Northern Africa,2023,190017535,24.59,4672531.19,37.67,18.75,7.9,33.55,64.15,32.36,0.876,8011.04,15.75
Europe,2023,3142386,17.88,56185.86,16.4,15.76,38.03,26.22,26.27,8.22,0.522,41384.85,96.38
Northern Africa,2022,200075072,28.13,5628111.78,79.77,48.87,89.28,27.36,57.2,32.21,0.958,59552.4,47.99
Europe,2020,239425282,5.42,1297685.03,36.01,10.41,49.12,15.35,62.37,32.95,0.579,16002.82,73.24
Eastern Asia,2020,2247423,12.3,27643.3,36.07,4.61,21.82,25.94,8.9,29.4,0.723,35816.37,
Northern Africa,2020,230879526,6.81,1572289.57,,4.52,33.34,16.84,38.69,8.34,0.464,65604.54,71.4
Eastern Asia,2020,27515577,7.65,210494.16,24.51,11.85,45.92,30.97,64.3,11.68,0.809,,31.62
Southern Asia,2022,217008095,11.54,2504273.42,7.99,3.92,14.27,12.78,23.11,20.27,0.424,68961.46,53.98
Sub Saharan Africa,2023,162425464,28.7,4661610.82,55.97,31.34,16.87,39.95,35.79,27.5,0.322,5063.85,30.2
Eastern Asia,2020,101350454,19.83,2009779.5,25.49,19.57,18.34,15.13,21.45,33.06,0.227,53965.89,57.69
Southern Asia,2023,74478395,-21.02,1565535.86,14.12,13.39,29.79,33.7,24.3,9.96,0.996,50605.78,19.33
Central Asia,2020,23475631,26.86,630555.45,26.75,10.65,33.23,35.03,5.08,3.3,0.088,13913.06,60.98
Northern Africa,2021,113579932,12.03,1366366.58,33.34,4.24,20.76,32.14,28.41,7.67,0.586,8863.31,77.4
Sub-Saharan Africa,2023,152251879,6.28,956141.8,27.01,20.76,38.48,15.11,56.71,22.27,0.627,6982.42,49.02
Central Asia,2021,238133832,25.5,6072412.72,38.05,28.24,92.63,32.49,69.8,14.78,0.788,57696.03,27.09
Western Asia,2023,69762307,21.95,1531282.64,41.5,24.13,48.42,29.4,25.29,2.34,0.24,58053.54,35.98
Western Asia,2022,148299742,18.98,2814729.1,51.69,4.39,86.59,32.81,69.73,31.08,0.477,54566.12,53.68
Oceania,2022,182480439,17.11,3122240.31,52.09,6.91,3.04,21.96,45.44,9.16,0.283,69517.19,96.12
South-Eastern Asia,2021,10793645,15.43,166545.94,14.3,14.11,96.78,22.74,68.4,12.97,0.758,14075.31,54.54
Western Asia,2020,163265540,25.31,4132250.82,47.94,11.78,50.24,27.98,33.07,30.44,0.581,,82.15
Eastern Asia,2023,23308108,18.92,440989.4,24.51,22.33,92.06,25.68,22.23,26.17,0.385,4809.93,25.19
Northern America,2023,57064737,17.41,993497.07,82.73,44.1,54,37.84,17.68,21.41,0.855,18954.91,26.02
Central Asia,2022,7646986,24.71,188957.02,78.61,53.58,95.99,34.9,16.95,30.91,0.06,37338.29,44.71
Latin America and the Caribbean,2023,227225652,10.08,2290434.57,28.92,5.73,6.41,24.93,60.69,2.74,0.051,34900.63,49.84
Central Asia,2022,195842343,16.3,3192230.19,70.98,35.81,10.04,14.9,69.68,20.57,0.772,43007.43,85.84
Europe,2020,12509027,8.93,111705.61,80.33,24.54,90.16,27.48,25.02,23.62,0.084,66137.51,63.57
Southern Asia,2024,197470428,9.92,1958906.65,6.64,3.46,16.74,12.96,9.97,20.92,0.949,3967.4,87.71
Eastern Asia,2021,18299407,8.88,162498.73,13.09,5.1,44.11,25.38,45.45,32.48,0.356,67100.1,23.36
Sub-Saharan Africa,2020,177875456,29.54,5254440.97,34.88,23.19,4.08,34.4,17.65,11.62,0.267,19842.13,97.28
Latin America and the Caribbean,2021,189221127,24.72,4677546.26,,6.19,90.2,15.96,19.35,2.31,0.835,32527.51,50.28
Europe,2021,52207537,15.9,830099.84,16.94,11.71,11.31,37.1,61.16,6.72,0.574,2191.43,40.27
Western Asia,2023,247458670,2.87,710206.38,69.91,61.89,28.98,21.99,63.3,26.5,0.77,28065.73,83.36
Oceania,2024,68939612,11.25,775570.64,17.33,6.63,72.86,38.09,11.55,20.99,0.657,7904.5,27.85
Latin America and the Caribbean,2021,164521358,25.75,4236424.97,47.6,38.84,79.86,20.12,59.15,21.45,0.949,24533.59,17.46
Southern Asia,2021,33878963,7.67,259851.65,63.12,6.62,86.32,16.28,21.65,29.99,0.817,72831.19,96.02
Latin America and the Caribbean,2023,73442080,15.54,1141289.92,11.98,4.59,8.08,25.45,38.03,9.54,0.041,58081.22,22.1
Sub Saharan Africa,2022,247990409,21.16,5247477.05,,15.96,20.39,32.23,56.11,5.69,0.528,59441.12,71.51
Eastern Asia,2024,191051589,24.64,4707511.15,23.04,20.99,49.46,25.39,44.26,22.26,0.063,15112.64,81.79
Northern Africa,2021,193974436,29.28,5679571.49,72.85,69.45,48.06,34.26,29.8,6.03,0.819,35276.17,39.56
Northern Africa,2022,205359737,7.21,1480643.7,29.18,23.74,98.67,11.51,37.2,17.08,0.586,32723.8,27.85
South-Eastern Asia,2024,129400167,20.54,2657879.43,75.64,28.21,77.41,18.79,7.81,15.57,0.987,52508.37,87.44
Eastern Asia,2020,63185530,14.33,905448.64,72.88,22.13,80.83,18.74,13.9,11.35,0.8,,44.86
Eastern Asia,2021,239235032,26.38,6311020.14,83.58,63.79,70.05,26.39,67.23,28.36,0.937,72036.38,15
Central Asia,2024,50422306,25.42,1281735.02,77.15,67.99,73.6,31.18,29.92,22.01,0.98,52468.68,95.19
Northern Africa,2021,239749204,26.37,6322186.51,80.16,69.58,11.42,20.89,25.17,14.63,0.783,17977.36,91.16
Latin America and the Caribbean,2021,29417581,10.23,300941.85,74.86,13.87,10.85,25.66,16.92,20.24,0.634,56480.54,78.28
Central Asia,2023,141858637,17.96,2547781.12,56.89,40.26,32.2,12.84,35.62,27.73,0.16,77636.23,48.7
South-Eastern Asia,2023,105641886,19.14,2021985.7,,52.56,14.13,25.9,7.34,31.84,0.66,71702.35,24.48
Latin America and the Caribbean,2024,153722508,12.93,1987632.03,19.38,16.35,86.83,31.74,62.05,5.39,0.736,69033.51,58.16
Oceania,2020,168704263,8.32,1403619.47,59.86,29.2,3.92,17.26,52.79,29.21,0.139,33750.27,94.4
Northern America,2023,13962463,15.19,212089.81,19.12,15.53,59.64,28.95,25.11,12.97,0.864,25452.56,73.83
Western Asia,2024,89460915,29.34,2624783.25,33.88,27.27,5.43,13.09,21.44,13.96,0.29,,58.69
Southern Asia,2022,1630527,4.94,8054.8,83.84,9.51,93.18,29.83,58.27,14.77,0.049,51372.87,68.15
Sub-Saharan Africa,2021,45081707,13.37,602742.42,40.92,24.49,25.58,30.75,38.94,7.57,0.292,11060.36,85.29
Northern America,2020,16982254,8.06,136876.97,69.54,9.96,5.99,31.36,7.03,26.68,0.251,40635.27,96.86
Sub-Saharan Africa,2023,173851858,28.85,5015626.1,84.07,75.4,48.36,20.87,15.26,13.47,0.541,79761.36,96.8
Southern Asia,2024,141234025,17.67,2495605.22,43.6,36.1,72.32,28.14,33.65,32.97,0.619,77074.28,48.53
Southern Asia,2020,238778793,21.12,5043008.11,44.34,23.29,13.08,28.78,57.2,5.1,0.144,4619.43,66.42
Northern Africa,2024,66575601,22.19,1477312.59,73.06,64.16,53.5,18.17,49.06,18.97,0.145,71434.71,77.66
Sub-Saharan Africa,2023,124897153,29.97,3743167.68,73.1,31.97,70.56,33.29,51.49,6.86,0.881,33278.88,15.58
Eastern Asia,2023,155056654,-15.86,2459198.53,18.47,13.13,82.41,21.09,55.53,34.6,0.778,38803.31,86.47
Oceania,2021,186070885,29.56,5500255.36,69.68,54.29,58.17,26.66,43.88,17.11,0.179,53939.89,23.47
Latin America and the Caribbean,2020,145013322,28.26,4098076.48,50.9,39.35,3.24,12.6,15.43,29.45,0.576,47083.04,84.19
Europe,2021,60285289,6.54,394265.79,32.62,5.42,77.49,15.44,46.98,19.4,0.039,25563.07,45.56
Oceania,2020,235971808,17.68,4171981.57,,39.32,14,10.21,48.52,2.95,0.782,17698.94,44.89
Sub-Saharan Africa,2024,161591672,8.89,1436549.96,14.87,8.74,24.29,14.71,26.49,17.24,0.006,5799.81,29.74
Oceania,2024,36233339,-29.9,1083376.84,62.81,6.17,7.04,37.08,67.3,1.03,0.601,66933.55,76.25
Southern Asia,2020,235930508,21.95,5178674.65,9.36,5.22,68.72,18.98,55.21,26.38,0.691,15610.99,48.11
Northern Africa,2022,165847833,28.58,4739931.07,53.03,11.69,19.53,13.14,29.51,34.42,0.81,17486.49,67.25
Oceania,2020,238700357,12.12,2893048.33,21.22,8.66,34.24,28.66,69.46,22.5,0.296,15853.69,59.68
Central Asia,2022,29853956,16.57,494680.05,17.07,8.31,13.33,32.17,23.43,6.51,0.025,68593.95,54.65
Europe,2021,93527164,22.65,2118390.26,73.73,15.96,42.03,29.56,64.62,9.57,0.112,24480.46,65.05
Eastern Asia,2024,216062207,21.14,4567555.06,150,7.43,33.83,31.37,10.14,10.3,0.153,73055.3,44.48
Southern Asia,2024,165001652,29.62,4887348.93,31.34,28.86,38.11,11.36,53.21,20.99,0.092,,65.82
Southern Asia,2024,108855709,25.68,2795414.61,82.15,63.14,55.21,14.15,45.32,0.37,0.506,76205.99,74.21
Europe,2024,32706880,6.5,212594.72,5.58,4.32,50.15,18.56,46.86,25.66,0.723,21640.33,30.26
Southern Asia,2021,57864963,16.62,961715.69,18.57,5.33,41.36,28.61,23.29,17.82,0.411,63836.38,22.6
Northern Africa,2023,25353697,6.47,164038.42,,14,63.45,18.99,50.47,10.27,0.829,14812.15,94.65
South-Eastern Asia,2024,223507848,3.18,710754.96,50.64,37.51,28.37,24,14.04,14.8,0.179,67007.27,34.38
Central Asia,2023,13101218,25.23,330543.73,20.45,4.19,76.03,19.61,48.34,13.64,0.968,37482.03,21.25
Northern Africa,2021,222817136,25.13,5599394.63,44.67,42.31,59.93,39.59,54.24,1.65,0.293,74933.56,58.96
Central Asia,2022,3248262,12.59,40895.62,9.96,9.68,10.47,11.99,16.23,12.38,0.394,41695.19,97.45
Western Asia,2022,1709243,22.35,38201.58,28.56,12.81,39.72,34.46,66.12,20.19,0.492,71051.7,62.23
Latin America and the Caribbean,2023,105162164,16.32,1716246.52,15.08,14.99,6.1,18.34,49.3,10.17,0.146,22035.33,95.67
Eastern Asia,2021,89684855,6.65,596404.29,36.83,26.01,77.53,31.26,34.13,33.56,0.564,34302.37,80.55
Southern Asia,2022,187212442,20.4,3819133.82,43.22,26.89,33.44,15.8,46.3,9.13,0.263,70424.75,52.39
South-Eastern Asia,2024,80797036,25.93,2095067.14,75.64,59.26,57.43,21.39,48.01,13.38,0.559,13494.03,50.31
Europe,2020,203010884,24.02,4876321.43,68.23,21.53,7.47,13.82,14.36,21.7,0.216,35844.48,81.85
Northern America,2023,49040794,23.25,1140198.46,83.91,43,39.55,32.92,56.13,33.11,0.315,39185.88,66.65
Southern Asia,2021,190343927,5.2,989788.42,50.16,16.33,55.95,11.11,62.64,25.4,0.533,70698.97,44.12
Northern America,2021,237247499,13.84,3283505.39,150,50.67,49.78,24.26,15.53,26.9,0.291,,
Latin America and the Caribbean,2024,81105150,15.95,1293627.14,22.08,6.89,6.86,37.36,25.94,18.27,0.318,2118.3,93.12
Northern Africa,2020,157106304,6.27,985056.53,44.2,5.95,93.92,29.54,51.65,16.88,0.85,36446.11,58.57
South-Eastern Asia,2020,152742604,26.88,4105721.2,5.99,3.5,93.04,19.02,65.55,8.78,0.006,58707.71,64.34
Northern America,2023,21779411,19.28,419907.04,64.2,7.24,12.71,33.93,29.5,0.76,0.275,49096.21,85.47
Northern America,2022,76228735,14.8,1128185.28,57.34,14.84,0.47,39.19,25.1,19.59,0.042,78851.78,94.44
South-Eastern Asia,2022,71062710,13.77,978533.52,35.32,34.48,64.42,31.8,58.53,2.21,0.847,18374.81,64.55
Northern Africa,2020,146575029,16.72,2450734.48,53.13,52.78,96.95,15.22,17.3,5.44,0.278,41227.88,61.29
Sub-Saharan Africa,2023,3384774,8.34,28229.02,61.29,32.92,61.78,31.1,37.21,6.22,0.894,50225.33,97.15
Western Asia,2024,88725902,7.6,674316.86,10.05,5.27,39.94,29.82,14.66,23.45,0.424,36287.82,40.05
Southern Asia,2020,115478182,15.89,1834948.31,,7.44,64.99,36.14,45.69,26.73,0.978,79954.27,77.18
Sub-Saharan Africa,2022,57654028,22.27,1283955.2,51.08,7.32,66.09,26.22,16,31.78,0.496,14485.58,80.4
South-Eastern Asia,2024,60209693,12.36,744191.81,30.09,29.06,4.2,25.61,54.35,29.24,0.541,61582.1,95.8
Northern America,2024,227108458,3.11,706307.3,67.19,21.62,79.44,38.89,31.32,26.07,0.866,5886.77,62.79
South-Eastern Asia,2024,141814702,6.71,951576.65,67.29,49.65,44.08,13.66,33.94,3.93,0.3,21435.57,52.15
Northern Africa,2022,33361082,3.39,113094.07,23.32,9.42,77.35,16.29,5.16,17.29,0.024,27142.94,43.02
Europe ,2021,77288562,10.04,775977.16,18.52,10.14,88.37,25.12,12.93,8.95,0.311,8801.95,82.98
Europe,2020,204735610,6.7,1371728.59,69.5,28.37,50.9,30.68,25.41,8,0.502,71944.39,21.88
Europe ,2020,213078873,24.46,5211909.23,23.38,6.31,63.93,29.49,23.64,18.97,0.882,40545.87,23.89
Sub-Saharan Africa,2020,5519553,10.23,56465.03,77.02,6.3,38.77,10.58,12.7,4.58,0.35,64720.87,25.52
Western Asia,2020,113090862,21.82,2467642.61,7.34,6.42,91.31,23.41,17.95,31.55,0.772,31444.95,26.2
Europe,2024,98167396,4.42,433899.89,82.27,6.71,5.8,17.22,28.73,16.35,0.365,6643.18,73.07
Southern Asia,2020,25752998,21.95,565278.31,65.84,63.9,81.09,28.18,29.93,9.47,0.811,37931.84,
Northern Africa,2020,144583577,9.43,1363423.13,70.89,42.11,66.42,12.79,27.81,28.55,0.604,6340.94,56.43
Western Asia,2020,104013291,23.6,2454713.67,65.86,57.89,8.88,17.14,7.45,27.4,0.754,77379.1,56.69
Northern America,2022,168792257,14.52,2450863.57,22.35,17.81,19.74,18.06,60.59,27.3,0.848,43813.73,47.89
Southern Asia,2020,47180111,16.05,757240.78,44.06,5.6,94.46,21.05,47.3,34.85,0.169,76601.37,66.54
Southern Asia,2022,181382555,28.75,5214748.46,79.93,14.52,42.37,36.66,17.77,26.37,0.768,14988.9,
Northern Africa,2020,53314760,14.04,748539.23,35.85,7.51,76.41,26.78,29.25,30.28,0.725,73335.73,74.7
South-Eastern Asia,2024,77939722,15.24,1187801.36,20.95,16.3,32.04,39.17,13.58,29.68,0.502,39362.08,21.4
Northern Africa,2020,141990067,10.84,1539172.33,55.03,26.79,80.92,11.05,65.37,18.44,0.629,55966.98,61.93
Sub-Saharan Africa,2024,214548059,16.13,3460660.19,52.63,44.73,95.74,37.69,18.28,29.3,0.613,11374.08,65.04
Eastern Asia,2021,249052451,12.77,3180399.8,68.83,46.84,94.64,32.34,27.11,16.33,0.456,34466.5,78.79
Eastern Asia,2020,12564467,24.52,308080.73,64.46,16.48,92.38,38.72,40.09,14.88,0.471,65579.05,23.56
Sub-Saharan Africa,2024,114941245,5.53,635625.08,48.99,8.61,91.96,12.65,12.64,7.82,0.532,45990.76,70.9
Northern Africa,2021,223495955,16.79,3752497.08,79.03,8.36,13.56,31.85,67.96,32.82,0.838,68448.75,81.09
Northern America,2022,70017566,7.83,548237.54,,34.34,33.5,25.25,18.84,30.92,0.872,5573.13,49.63
Latin America and the Caribbean,2024,106381312,24.66,2623363.15,76.29,39.24,42.43,22.99,38.33,22.24,0.755,36789.65,65.29
Europe,2020,81883268,26.44,2164993.61,53.92,7.69,91.57,32.55,29.2,34.06,0.597,59403.22,68.72
Oceania,2022,189694639,28.21,5351285.77,,23.55,29.27,39.13,17.71,25.48,0.6,78474.7,43.5
Europe ,2024,178680341,4.81,859452.44,21.67,5.77,6.95,32.56,64.58,23.76,0.991,59865.61,44
Northern America,2022,150050906,2.26,339115.05,17.75,5.68,46.34,10.21,19.7,0.6,0.836,73077.15,45.9
Western Asia,2024,60847808,23.87,1452437.18,5.71,4.72,4.4,22.82,26.58,13.35,0.738,58164.21,19.57
South-Eastern Asia,2021,177404543,-8.31,1474231.75,84.03,38.17,15.33,12.74,68.01,4.67,0.28,57074.5,88.04
South-Eastern Asia,2020,97872724,-17.41,1703964.12,28.1,28.01,73.18,30.69,27.71,22.67,0.863,18631.14,60.47
Europe,2020,83115167,29.88,2483481.19,150,23.28,38.3,31.31,11.25,26.27,0.507,41474.78,28.48
South-Eastern Asia,2023,78520185,14.95,1173876.77,13.61,3.16,79.41,27.38,26.84,13.01,0.385,63270.87,74.08
Oceania,2023,24824272,13.8,342574.95,5.5,5.18,50.41,26.99,60.77,29.07,0.184,,28.48
Western Asia,2022,207970836,21.27,4423539.68,32.82,16.42,33.95,34.05,63.47,5.52,0.216,4975.56,65.79
Northern Africa,2023,182114946,19.45,3542135.7,61.84,35.79,39.27,35.69,60.27,16.5,0.401,17914.12,70.94
Europe ,2024,112405119,7.65,859899.16,150,23.1,18.47,26.09,42.7,14.84,0.614,14605.01,92.33
South-Eastern Asia,2023,173111268,17.34,3001749.39,74.97,42.78,84.92,14.63,7.21,27.74,0.173,63364.72,75.57
South-Eastern Asia,2020,195203945,22.77,4444793.83,5.84,5.13,77.57,22.54,34.64,30.75,0.427,27188.58,21.24
Latin America and the Caribbean,2023,235985119,8.56,2020032.62,49.88,17.59,27.09,20.96,19.31,3.69,0.806,4380.83,70.59
Sub-Saharan Africa,2023,71980285,2.03,146119.98,42.13,31.45,73.6,12.52,17.59,2.57,0.504,5732.39,61.27
South-Eastern Asia,2022,5454283,15.82,86286.76,21.92,16.91,27.14,14.1,58.85,26.13,0.213,63734.12,36.46
Southern Asia,2021,213766109,12.81,2738343.86,67.62,18.2,24.15,29.06,37.84,17.8,0.222,63878.12,84.34
Latin America and the Caribbean,2021,36955456,11.51,425357.3,9.29,3.94,59.29,15.67,47.52,8.98,0.463,14838.62,56.19
Western Asia,2022,183516372,23.56,4323645.72,71.06,45.84,8.78,37.49,48.52,20.43,0.071,35871.2,54.68
Sub-Saharan Africa,2024,156199131,6.49,1013732.36,49.38,34.22,99.14,32.04,41.24,3.96,0.111,22961.96,15.19
Northern America,2022,22191165,17.91,397443.77,45.69,18.16,36.11,29.02,42.43,34.19,0.871,57995.59,29.02
Northern America,2024,163017978,16.96,2764784.91,75.09,3.63,35.17,11.81,15.73,3.95,0.631,,25.51
South-Eastern Asia,2023,64078249,19.22,1231583.95,72.29,10.23,87.05,14.45,10.54,34.13,0.606,71375.91,45.56
Northern Africa,2020,56458011,5.24,295839.98,84.55,44.68,95.42,17.29,17.07,29.2,0.347,30816.43,26.45
Northern Africa,2024,159534234,25.03,3993141.88,49.06,15.9,21.45,36.65,45.63,29.18,0.752,10157.67,
Europe,2023,198126901,10.85,2149676.88,150,6.21,64.88,16.66,16.62,12.22,0.637,6109.7,47.43
South-Eastern Asia,2020,12440177,5.18,64440.12,55.24,48.86,50.87,28.07,41.48,23.47,0.185,,90.77
Europe,2021,47860263,14.52,694931.02,47.91,12.42,57.39,14.45,18.9,32.18,0.017,62029.21,62.48
Europe,2020,46281475,20.39,943679.28,75.72,6.23,11.05,36.81,35.41,22.9,0.908,49322.82,76.73
Eastern Asia,2022,136787676,27.24,3726096.29,,66.66,22.24,24.64,21.99,27.93,0.176,23462.71,37.84
Southern Asia,2021,8770419,25.94,227504.67,41.7,40.44,31.29,30.09,12.75,4.07,0.271,72138.44,56.57
Eastern Asia,2021,232244064,19.22,4463730.91,76.73,47.18,89.46,10.83,65.98,7.29,0.365,20638.09,51.44
Europe,2021,184932619,29.86,5522088,68.47,20.02,11.18,22.64,17.95,24.39,0.991,11202.22,15.33
Southern Asia,2024,199971410,17.1,3419511.11,50,36.39,81.5,33.41,24.08,3.01,0.678,35138.03,18.86
Western Asia,2023,18404547,29.58,544406.5,22.65,15.05,66.31,35.19,58.54,12.87,0.176,9456.51,71.24
Europe,2022,78420072,23.75,1862476.71,39.14,27.24,71.02,27.97,57.57,18.15,0.552,46212.67,71.15
Northern America,2024,245990977,5.53,1360330.1,42.97,7.39,14.37,19.21,40.35,25.72,0.777,31983.52,20.5
Central Asia,2022,68774997,4.22,290230.49,74.16,68.71,49.9,13.83,9.84,28.7,0.885,36267.47,36.17
Europe,2021,183292626,14.27,2615585.77,27.74,9.76,54.95,32.51,68.45,20.08,0.206,65811.19,67.74
South-Eastern Asia,2023,150163123,12.22,1834993.36,30.45,17.96,31.17,21.29,68.17,30.36,0.936,54052.48,89.55
Central Asia,2020,22053212,16.47,363216.4,15.22,9.47,44.68,11.29,45.62,18.85,0.691,20814.27,59.36
Southern Asia,2023,205002965,13.23,2712189.23,39.3,29.23,96.93,38.23,39.28,25.86,0.476,27285.62,72.55
Sub-Saharan Africa,2022,76964026,12.45,958202.12,47.23,34.05,19.91,34.26,49.11,33.29,0.982,40886.46,15.07
Eastern Asia,2021,94135267,20.12,1894001.57,43.2,41.16,57.26,22.78,35.23,28.75,0.875,48570.5,
Europe,2021,97902184,26.34,2578743.53,30.22,19.34,14.58,37.06,35.45,24.03,0.011,57639.33,85.44
Northern America,2020,135276323,24.51,3315622.68,28.4,4.12,15.34,21.34,62.31,30.75,0.346,34263.15,
Western Asia,2022,173686288,16.05,2787664.92,79.65,54.78,94.47,20.96,61.52,12.69,0.697,38144.75,82.14
Northern America,2021,42245306,27.25,1151184.59,31.59,28.09,13.64,15.86,16.94,20.61,0.553,25278.31,80.59
Western Asia,2020,70295791,3.64,255876.68,67.76,54.18,87.13,32.92,53.82,22.06,0.666,19541.51,34.82
Europe,2023,16142275,13.17,212593.76,38.2,23.93,3.53,38.71,63.48,12.23,0.354,,46.11
Northern America,2023,41031562,24.93,1022916.84,,32.25,5.57,29.17,16.43,4.37,0.655,6066.51,
Europe,2020,70585535,26.22,1850752.73,6.4,3.33,61.28,25.42,20.73,9.43,0.756,57312.8,27.79
Northern Africa,2024,11610985,25.47,295731.79,51.62,50.21,89.2,32.6,23.5,34.81,0.892,8114.27,70.64
Oceania,2022,87431723,13.74,1201311.87,30.7,23.07,73.88,26.32,67.17,17.35,0.34,58935.22,39.76
Northern America,2020,56287099,27.06,1523128.9,44.29,11.87,50.19,20.51,16.72,3.15,0.534,71956.02,35.58
Central Asia,2024,128381201,2.21,283722.45,6.14,4.61,88.97,15.93,31.97,22.55,0.163,11826.37,27.14
Southern Asia,2024,194344155,15.9,3090072.06,18.51,13.51,24.14,26.89,18.44,32.13,0.905,58542.46,38.34
Northern America,2020,147391813,2.29,337527.25,66.55,41.02,33.98,26.84,68.81,32.35,0.05,20096.71,39.64
Central Asia,2021,191452815,9.25,1770938.54,25.86,17.24,40.18,36.77,68,34.35,0.144,68345.33,25.54
South-Eastern Asia,2022,187997854,23.81,4476228.9,84.5,38.21,32.71,32.83,38.69,18.92,0.981,912.46,45.47
Eastern Asia,2023,47594223,10.36,493076.15,22.16,21.9,62.27,18.69,47.03,20.41,0.156,26416.03,15.5
Northern Africa,2023,82578032,23.94,1976918.09,70.88,40.98,31.46,26.12,21.95,33.77,0.379,13745.04,38.55
South-Eastern Asia,2023,84846328,12.2,1035125.2,65.38,55.53,5.9,22.4,11.24,17.41,0.662,50876.98,33.14
Western Asia,2023,140106811,18.87,2643815.52,18.86,12.22,99.92,28.47,32.32,6.98,0.344,58643.53,26.25
Europe ,2021,N/A,23.56,964052.61,51.07,6.96,66.02,29.13,39.29,28.36,0.155,57836.07,74.36
Sub Saharan Africa,2024,232111881,26.46,6141680.37,55.21,37.39,81.89,15.42,14.99,28.45,0.563,29103.99,25.36
Sub Saharan Africa,2021,189965976,22.15,4207746.37,24.08,4.39,8.86,31.73,51.51,27.82,0.443,78918.44,75.42
South-Eastern Asia,2022,143827769,21.43,3082229.09,5.22,4.69,17.67,19.89,37.18,3.49,0.801,66591.42,24.82
Latin America and the Caribbean,2021,214184919,2.77,593292.23,56.28,38.84,89.98,18,56.69,11.07,0.373,41525.01,78.28
Northern Africa,2023,119609321,28.91,3457905.47,20.57,6.89,55.11,24.34,48.32,3.2,0.475,13334.29,92.47
Europe ,2021,2937580,14.42,42359.9,13.97,9.57,79.63,24.92,44.06,26.1,0.014,67010.63,31.16
Eastern Asia,2022,151769679,21.52,3266083.49,48.16,43.5,73.21,38.04,5.93,31.57,0.31,62700.63,96.11
Latin America and the Caribbean,2020,146289577,9.62,1407305.73,15.07,10.35,33.32,29.35,12.88,16.63,0.227,49704.94,25.32
Western Asia,2024,201394679,14.27,2873902.07,30.22,26.09,65.73,15.31,17.85,10.58,0.569,40436.32,54.73
Oceania,2024,135261386,5.36,725001.03,47.83,32.03,4.14,24.52,8.94,32.86,0.385,67228.34,92.2
Northern America,2023,230251345,17.12,3941903.03,74.47,66.59,67.03,12.31,12.27,21.38,0.233,76271.22,34.24
Central Asia,2022,16629896,19.09,317464.71,26.02,13.46,33.66,10.07,29.55,16.38,0.53,67464.56,68.35
Europe,2020,158986041,24.03,3820434.57,80.19,47.86,15.77,17.83,33.65,0.2,0.358,34871.47,20.3
Northern America,2024,207266074,3.61,748230.53,66.64,64.53,96.05,34.39,50.47,26.62,0.242,53638.91,65.66
South-Eastern Asia,2023,105559397,7.59,801195.82,150,21.13,35.11,17.55,39.21,17.05,0.427,32537.75,30
Sub-Saharan Africa,2022,232557366,8.23,1913947.12,58.94,7.27,36.29,24.45,42.81,5.57,0.822,75064.04,68.72
Northern America,2022,117267777,16,1876284.43,21.35,17.43,18.87,24.72,48.77,25.91,0.378,53975.83,57.06
Western Asia,2021,6551369,18.1,118579.78,36.64,11.59,2.11,18.84,37.44,5.27,0.998,54415.28,44.41
Western Asia,2024,216083430,9.22,1992289.22,6.11,4.43,27.65,23.72,35.42,29.35,0.044,79857.94,22.48
Sub Saharan Africa,2024,162602350,22.29,3624406.38,21.7,8.75,95.27,26.64,38.38,20.71,0.979,26766.97,63.18
Eastern Asia,2022,176984189,19.02,3366239.27,45.08,34.28,63.31,35.66,36.86,2.27,0.324,44811.38,84.32
Northern America,2024,227377140,6.04,1373357.93,24.34,23.45,20.79,10.34,18.59,21.74,0.889,32043.66,84.81
Latin America and the Caribbean,2024,2128561,17.93,38165.1,76.65,63.99,69.3,36.51,29.15,31.03,0.704,47396.15,28.43
Sub-Saharan Africa,2023,236742314,7.35,1740056.01,5.19,4.22,28.9,39.17,40.91,18.15,0.295,12315.38,28.81
South-Eastern Asia,2023,25050144,8.36,209419.2,27.95,24.32,23.65,14.75,26.19,29.59,0.195,27550.9,61.65
Europe,2022,12850325,11.3,145208.67,,7.75,94.65,26.65,51.89,9.09,0.436,17531.03,35.49
Sub Saharan Africa,2024,N/A,10.68,650116.83,53.26,33.8,49.82,30.12,5.99,26.85,0.35,44397.9,74.76
Southern Asia,2020,130490224,21.88,2855126.1,,38.19,21.34,28.09,10,11.98,0.218,20602.96,61.79
Central Asia,2021,77638663,9.97,774057.47,71.68,69.95,82.65,24.21,18.18,7.98,0.457,43408.6,21.96
Latin America and the Caribbean,2023,42813780,9.78,418718.77,12.1,6.67,76.63,11.02,21.57,21.8,0.202,31354.33,68.3
Southern Asia,2022,182464547,4.31,786422.2,83.96,52.05,6.89,15.3,6.08,0.08,0.514,908.66,68.02
South-Eastern Asia,2024,98389887,14.33,1409927.08,78.77,29.1,42.19,19.26,60.48,15.21,0.664,,96.8
Oceania,2021,205083815,15.6,3199307.51,25.88,13.87,4.51,19.28,42.87,20.58,0.685,25836.58,60.31
Oceania,2021,75720487,4.34,328626.91,13.75,13.24,87.81,32.9,52.6,7.55,0.416,41881.12,71.68
Oceania,2020,183281883,13.34,2444980.32,,8.79,91.76,32.47,64.82,28.75,0.187,79522.95,86
Europe,2022,61353414,26.7,1638136.15,77.23,65.49,34.67,10.83,9.14,11.33,0.038,41240.16,21.98
Europe ,2021,225897859,2.36,533118.95,35.22,25.63,31.54,16.93,41.5,25.77,0.132,27171.58,54.6
South-Eastern Asia,2024,2295671,4.83,11088.09,24.26,13.48,0.16,20.54,21.02,13.72,0.31,76917.08,65.65
Central Asia,2022,50355849,24.73,1245300.15,24.11,10.31,65.62,10.71,8.99,3.41,0.143,49983,56.74
Northern Africa,2021,176092193,12.87,2266306.52,53.35,37.86,90.32,22,24.62,32.01,0.33,73222.95,66.81
Oceania,2024,215527952,26.68,5750285.76,11.29,8.5,35.42,25.64,37.49,20.43,0.055,51428.13,63.95
Eastern Asia,2022,89589410,5.29,473927.98,23.89,19.46,24.25,35.72,22.81,18.28,0.783,10943.27,28.91
Northern Africa,2022,35950723,27.11,974624.1,27.84,12.99,50.38,16.46,25.7,31.83,0.399,20087.09,28.85
Eastern Asia,2020,184358123,16.14,2975540.11,59.03,35.51,29.34,12.99,52.91,19.81,0.273,50332.77,83.74
Northern Africa,2021,128241589,17.11,2194213.59,65.27,49.3,6.62,10.1,43.91,30.06,0.826,78904.21,19.07
Eastern Asia,2023,105910260,5.14,544378.74,72.93,3.83,56.27,32.71,24.11,1.33,0.753,40217.49,88.64
Northern America,2023,151916631,16.27,2471683.59,58.61,37.2,32.06,12.63,20.86,8.96,0.269,62917.9,25.03
Latin America and the Caribbean,2023,228703314,21.96,5022324.78,46.96,18.91,34.23,31.35,26.46,1.92,0.222,64082.88,57.33
Eastern Asia,2022,83054824,27.97,2323043.43,67.68,29.54,15.83,29.47,52.84,21.99,0.08,41179.8,79.63
Southern Asia,2023,128218455,14.66,1879682.55,81.07,57.04,64.8,25.05,67.98,11.71,0.728,17599.19,37.26
Latin America and the Caribbean,2020,234455367,12.09,2834565.39,15.52,10.82,42.16,23.21,34.02,19.87,0.728,unknown,15.6
Oceania,2020,96562576,-21.91,2115686.04,35.17,8.86,89.16,32.11,21.52,29.83,0.278,23983.86,54.96
Central Asia,2024,212493109,23.25,4940464.78,46.44,29.14,36.44,33.33,38.05,10.15,0.825,11778.54,96.83
Europe,2021,83337527,28.34,2361785.52,47.3,45.75,86.55,19.61,30.77,19.16,0.129,41076.12,
Eastern Asia,2023,29879938,19.25,575188.81,73.57,51.45,0.6,18,12.6,3.82,0.328,77993.49,33.95
Latin America and the Caribbean,2023,129441030,28.88,3738256.95,34.53,3.46,84.91,15.42,69.41,7.99,0.657,8228.72,23.33
Northern Africa,2024,171647680,8.77,1505350.15,41.59,21.84,32.48,21.33,49.51,14.85,0.888,74495.6,58.1
Western Asia,2023,240040676,21.61,5187279.01,74.68,56.67,31.21,26.75,36.12,16.24,0.944,6561.07,
Sub-Saharan Africa,2021,151959343,17.53,2663847.28,71.24,30.16,3.37,37.14,47.24,34.23,0.642,36373.64,32.7
Europe,2021,134194443,21.01,2819425.25,7.49,5.48,64.18,17.12,22.16,21.87,0.656,8797.57,67.25
Europe ,2023,165371325,19.54,3231355.69,,8.86,42.59,22.58,28.33,18.32,0.095,20479.25,95.39
Latin America and the Caribbean,2024,115035931,27.3,3140480.92,83.04,17.98,84.6,31.86,35.34,14.73,0.045,36887.94,59.16
Oceania,2020,117604105,24.92,2930694.3,43.02,9.32,28.27,10.65,52.53,13.92,0.166,74732.7,82.59
Eastern Asia,2024,83902497,17.07,1432215.62,76.03,4.99,49.91,14.09,47.72,6.59,0.443,30783.96,97.52
Eastern Asia,2022,130124317,25.29,3290843.98,81.31,64.2,15.76,34.38,16.56,5.93,0.444,9858.46,94.84
Northern Africa,2021,76611079,24.79,1899188.65,46.14,16.96,81.63,19.65,8.87,0.39,0.448,35712.59,52.56
Europe,2024,77979817,26.99,2104675.26,64.95,47.18,66.29,18.12,67.82,20.04,0.456,,77.27
Sub-Saharan Africa,2022,206727272,7.97,1647616.36,150,32.36,69.3,22.72,63.06,30.63,0.608,37593.35,58.64
Oceania,2020,194055146,26.63,5167688.54,18.33,7.16,20.97,22.68,9.13,2.37,0.653,29864.76,87.81
Latin America and the Caribbean,2024,7076930,25.4,179754.02,9.08,7.02,3.51,36.44,27.96,20,0.834,59010.02,76.72
Central Asia,2023,39456283,7.32,288819.99,63.51,34.21,89.68,23.56,11.49,29.56,0.877,,89.71
Southern Asia,2023,226032172,4.56,1030706.7,,26.22,74.92,26.88,13.18,33.08,0.646,38502.93,50.64
Southern Asia,2020,151128094,8.25,1246806.78,38.86,13.35,59.41,11.21,66.91,28.94,0.485,23275.78,30.67
Northern America,2021,229861461,23.96,5507480.61,50.7,32.4,98.44,22.5,24.29,34.53,0.633,78084.4,19.45
Eastern Asia,2024,64352141,28.3,1821165.59,60.29,43.81,35.21,11.64,60.36,3.9,0.099,76190.42,85.13
Europe,2024,54671123,26.66,1457532.14,55.95,14.23,45.4,28.31,31.59,20.39,0.413,60813.77,29.53
Southern Asia,2020,227995222,13.76,3137214.25,79.82,22.63,81.93,20.78,31.79,4.36,0.254,44957.88,57.74
Oceania,2020,136859277,18.5,2531896.62,46.56,41.84,12.62,26.38,9.88,26.96,0.953,48849.07,31.83
Central Asia,2021,218885173,21.16,4631610.26,14.26,14.1,78.5,28.83,19.22,2.93,0.441,67929.3,76.11
Oceania,2022,44920304,6.13,275361.46,30.57,29.53,2.3,16.4,53.45,1.23,0.87,63514.27,72.93
Europe,2024,219794280,6.98,1534164.07,47.45,27.81,60.35,39.8,42.01,30.94,0.982,76072.28,20.91
Sub Saharan Africa,2022,231680834,15.12,3503014.21,43.63,36.07,83.77,10.84,34.12,31.77,0.013,79587.4,40.49
Europe,2021,187435572,18.86,3535034.89,59.17,47.59,67.92,33.94,63.78,20.23,0.477,12389.03,58.66
Central Asia,2022,130339975,12.88,1678778.88,55.36,37.4,67.37,19.91,61.18,28.43,0.327,10689.78,49.23
Northern America,2023,135773156,19.12,2595982.74,64,49.04,26.34,15.87,6.95,16.29,0.616,1610.81,97.39
Latin America and the Caribbean,2023,3414578,19.94,68086.69,16.91,14.24,6.88,32.23,41.11,21.65,0.833,48384.57,74.85
Latin America and the Caribbean,2020,103509518,13.68,1416010.21,42.56,16.23,75.11,12.8,18.47,2.37,0.416,56512.93,
Oceania,2021,148785257,18.55,2759966.52,15.11,7.49,4.77,18.3,31.54,16.36,0.268,72818.42,17.22
Central Asia,2020,160051283,4.04,646607.18,52.02,24.44,73.76,24.92,47.69,21.67,0.755,13414.59,64.56
Europe,2021,213732958,20.06,4287483.14,79.2,37.43,15.31,24.14,56.73,0.83,0.93,45642.21,67.02
Southern Asia,2021,208014163,4.47,929823.31,150,51.41,74.72,14.11,59.65,2.6,0.345,46021.48,68.92
Oceania,2022,211303091,22.1,4669798.31,82.32,80.69,65.05,19.71,11.48,31.35,0.109,11327.14,
Western Asia,2023,179810899,27.19,4889058.34,40.01,30.34,73.95,30.98,16.3,34.65,0.613,30583.74,29.58
Europe,2020,212982843,20.96,4464120.39,66.76,13.57,28.95,27.44,37.41,26.69,0.897,22141.79,35.96
Sub-Saharan Africa,2022,242831724,21.48,5216025.43,31.23,17.75,67.71,31.21,20.13,8,0.652,13867.65,16.08
Eastern Asia,2024,40954854,10.43,427159.13,17.56,8,60.25,15.45,39.21,25.96,0.28,10682.16,
Central Asia,2020,202532742,23.54,4767620.75,49.21,26.45,61.53,34.82,44.63,16.6,0.74,59254.95,18.72
Eastern Asia,2024,242239702,3.94,954424.43,60.54,50.57,40.31,31.94,49.11,2.75,0.715,28204.57,73.76
South-Eastern Asia,2022,17217664,27.26,469353.52,33.99,33.15,44.62,24.87,31.21,4.01,0.474,17681.41,78.26
Europe ,2021,28066545,2.83,79428.32,82.31,68.39,40.43,26.31,45.09,23.86,0.423,24620.66,27.06
Oceania,2022,46147660,28.42,1311516.5,72.26,55.89,33.48,19.37,17.1,32.63,0.779,75141.95,
Latin America and the Caribbean,2020,112007954,5.03,563400.01,63.86,8.16,74.73,26.95,53.37,20.56,0.899,18662.6,63.83
Eastern Asia,2021,228358665,19.06,4352516.15,14,12.61,64.34,12.74,27.26,22.29,0.996,21021.88,30.94
Europe ,2023,221693444,3.26,722720.63,10.79,7.98,81.87,17.17,43.28,22.06,0.42,19237.8,71.77
Europe ,2024,239587744,6.16,1475860.5,5.81,3.27,35.37,36.85,22.36,11.81,0.782,74321.22,28.22
South-Eastern Asia,2024,29586598,25.24,746765.73,67.79,48.31,36.36,36.61,40.33,7.85,0.047,16718.27,29.99
Central Asia,2020,181730679,8.35,1517451.17,52.65,18.2,9.36,24.06,18.88,15.22,0.474,11001.24,85.42
Latin America and the Caribbean,2021,47936304,7.52,360481.01,77.24,3.92,15.73,23.88,45.75,11.3,0.592,13223.96,68.06
Central Asia,2024,118375985,15.08,1785109.85,14.14,6.8,23.53,24.82,68.14,4.65,0.452,73836.66,30.67
Southern Asia,2022,120216912,29.47,3542792.4,75.11,74.01,68.76,27.23,40.45,18.42,0.442,34524.71,
Southern Asia,2023,28108893,12.57,353328.79,19.99,11.15,77.87,10.85,32.99,32.74,0.455,39804.17,69.13
Northern Africa,2023,197874917,25.22,4990405.41,,16.26,84.62,26.27,38.93,18.33,0.18,73537.72,62.8
Sub-Saharan Africa,2024,22819687,5.96,136005.33,26.8,23.65,82.59,12.51,15.14,24.56,0.502,77775.89,65.38
Sub Saharan Africa,2020,193872704,9.04,1752609.24,67.81,50.91,43.29,11.04,25.88,16.03,0.112,39377.12,43.02
Northern Africa,2020,54807461,13.21,724006.56,,46.19,90.84,22.68,60.88,25.05,0.622,63027.29,92.31
Northern America,2024,216793996,14.97,3245406.12,60.76,7.71,44.84,30.4,32.67,33.69,0.303,65844.67,
Central Asia,2022,63331098,4.56,288789.81,75.82,47.9,74.22,20.42,31.62,13.57,0.721,4325.74,23.56
Eastern Asia,2020,198218954,4.37,866216.83,9.92,4.11,22.23,25.89,58.61,26.4,0.313,76512.98,96.7
Oceania,2024,5582667,14.38,80278.75,22.73,19.05,19.16,18.75,27.22,3.19,0.047,,57.74
Europe,2023,22838111,27.92,637640.06,58.09,28.26,55.07,31.04,69.38,33.68,0.173,9586.44,70.75
Northern America,2023,88417460,6.14,542883.2,47.83,39.49,80.71,23.17,7.93,6.02,0.387,52829.56,65.9
Latin America and the Caribbean,2023,90087516,6.03,543227.72,23.44,15.57,99.69,39.53,66.34,0.61,0.461,79304,21.99
Oceania,2020,40361330,29.59,1194291.75,52.41,4.17,80.95,16.02,44.72,25.07,0.933,15314.95,60.27
Southern Asia,2024,117665796,5.74,675401.67,82.65,46.52,67.86,27.52,28.62,1.49,0.744,64828.46,63.83
Oceania,2021,41500443,7.2,298803.19,6.3,5.71,95.88,32.32,14.99,8.56,0.062,47252.9,91.39
Oceania,2020,213502777,14.84,3168381.21,63.07,4.38,32.35,34.67,20.89,25.67,0.826,18757.78,60.68
Sub-Saharan Africa,2020,153349093,16.69,2559396.36,47.13,20.11,70.39,21.19,32.83,14.26,0.342,40835.35,28.07
Europe,2021,160426844,8.95,1435820.25,77.01,34.68,29.04,10.19,51.5,2.84,0.43,59872.67,20.25
Central Asia,2020,230954336,26.84,6198814.38,16.18,13.07,69.23,14.56,12.47,3.27,0.769,59058.7,83.38
Southern Asia,2022,223855006,8.81,1972162.6,29.09,16.83,42.23,23.6,34.02,18.22,0.986,23165.49,22.45
Central Asia,2023,15533415,29.3,455129.06,28.12,16.79,17.89,10.2,30.45,1.33,0.813,72442.28,40.8
Western Asia,2024,25978432,-27.42,712328.61,10.46,7.06,3.29,25.86,57.3,27.79,0.191,27806.33,23.89
Oceania,2021,40011854,25.01,1000696.47,31.88,29.99,75.65,20.01,18.66,18.29,0.204,unknown,88.27
Eastern Asia,2024,17327073,12.68,219707.29,,30.03,38.6,22.54,22.3,3.68,0.973,59537.65,84.15
Northern America,2021,155108791,9.05,1403734.56,37.73,18.52,86.22,37.08,30.79,17.39,0.216,56542.69,63.82
Europe,2024,N/A,22.37,1120439.52,73.44,13.27,37.79,23.7,36,5.02,0.652,79160.32,25.34
Northern Africa,2024,141228730,22.06,3115505.78,47.55,16.08,3.53,19.53,23.54,11.9,0.749,56573.98,77.5
Western Asia,2022,135147210,12.3,1662310.68,32.69,10.24,91.95,11.64,23.8,25.43,0.698,28658.04,
Eastern Asia,2021,142405698,20,2848113.96,18.84,5.39,49.46,25.91,22.58,33.76,0.383,36172.22,48.02
Latin America and the Caribbean,2022,212084513,28.69,6084704.68,56.34,47.08,25.65,31.93,27.99,1.85,0.824,30604.17,29.42
Oceania,2024,156256560,17.9,2796992.42,84.58,10.25,97.43,19.03,31.8,32.04,0.666,2420.05,92.09
Southern Asia,2024,80572559,23.3,1877340.62,18.56,17.57,66.91,13.13,49.01,1.68,0.467,51591.53,34.2
Sub-Saharan Africa,2023,218955625,14.08,3082895.2,75.15,7.36,25.17,19.87,5.14,31.44,0.325,52467.77,26.77
Northern America,2021,63230159,2.21,139738.65,,9.23,10.77,17.3,56.44,7.42,0.2,24653.02,63.72
Northern Africa,2020,113471382,14.23,1614697.77,53.99,51.69,2.18,39.96,66.14,4.52,0.543,514.2,85.77
Western Asia,2020,82661295,9.3,768750.04,35.99,3.96,33.88,15.12,38.98,31.66,0.611,61635.37,62.3
Central Asia,2022,192567084,7.56,1455807.16,49.1,31.46,10.81,20.52,45.55,9.06,0.685,31100.2,39.41
Central Asia,2020,214747184,9.79,2102374.93,58.54,31.96,16.96,25.54,57.78,6.5,0.369,51120.97,82.24
Europe ,2020,169870160,3.57,606436.47,57.81,37.81,78.61,11.17,33.73,33.65,0.204,17699.66,58.47
South-Eastern Asia,2022,248427456,23.47,5830592.39,6.91,5.59,72.78,27.3,26.19,17.15,0.315,53244.96,40.46
Latin America and the Caribbean,2020,22546329,22.18,500077.58,69.95,65.66,2.39,18.75,50.79,25.74,0.879,16555.69,
South-Eastern Asia,2021,200620176,27.45,5507023.83,16.67,5.25,74.43,19.76,55.4,17.06,0.846,78390.21,18.86
South-Eastern Asia,2024,156609922,3.98,623307.49,45.75,4.23,2.41,22.45,46.1,33.77,0.348,3351.64,46.99
Europe ,2024,50044424,6.34,317281.65,63.44,36.9,42.7,20.7,16.57,23.02,0.57,74738.09,90.83
Western Asia,2020,88392988,4.84,427822.06,41.43,17.54,76.91,37.13,69.31,5.29,0.677,23065.51,88.84
Eastern Asia,2022,41289482,19.76,815880.16,62.47,18.02,89.76,11.04,28.48,8.48,0.483,,92.88
Europe,2023,149582237,4.36,652178.55,18.32,17.41,39.75,21.37,38.37,24.43,0.063,41797.56,64.56
Northern America,2023,195752083,23.71,4641281.89,37.05,19.92,60.14,31.95,6.12,29.33,0.223,5176.42,
Latin America and the Caribbean,2020,186766814,6.94,1296161.69,34.67,24.39,40.93,24.02,20.66,1.6,0.398,58968.7,
Oceania,2024,135894582,14.48,1967753.55,71.36,19.99,95.2,15.98,19.28,10.21,0.502,20060.31,91.33
Northern Africa,2021,141300651,27.14,3834899.67,83.7,17.62,83.21,35.29,58.35,2.55,0.928,33742.45,50.51
Northern America,2023,151447214,4.03,610332.27,74.72,15.15,22.72,39.28,62.9,31.84,0.252,21593.5,59.2
Europe,2024,105425394,6.47,682102.3,79.52,64.41,41.1,21.73,54.79,1.19,0.527,25511.1,68.15
Central Asia,2024,126169373,17.45,2201655.56,150,15.42,0.29,13.57,26.02,9.15,0.801,33558.09,83.28
Europe,2024,86434824,23.05,1992322.69,46.21,24.37,94.46,26.38,67.67,26.06,0.707,71668.24,82.59
Latin America and the Caribbean,2020,222057929,15.73,3492971.22,73.27,27.62,39.83,38.68,29.23,2.19,0.575,8931.32,56.06
Oceania,2024,166789346,21.62,3605985.66,45.13,26.89,22.47,30.15,22.4,26.46,0.971,,63.88
Northern America,2022,118379454,3.69,436820.19,41.03,25.36,40.72,18.83,54.7,14.65,0.798,5904.28,16.49
Sub-Saharan Africa,2024,244479287,4.27,1043926.56,45.04,15.32,21.73,20.87,21.74,20.21,0.006,4623.54,24.66
Oceania,2021,249887018,13.89,3470930.68,81.82,70.19,44.09,30.76,20.25,31.4,0.655,69613.59,40.6
Northern America,2023,10284670,25.19,259070.84,41.22,28.03,42.92,22.11,16.69,18.49,0.466,29379.92,
Europe ,2024,60945436,4.51,274863.92,27,20.73,14.33,37.19,17.04,22.13,0.084,12684.54,
Sub-Saharan Africa,2021,215490503,4.82,1038664.22,12.75,5.11,36.61,23.1,33.62,6.51,0.506,23162.19,45.48
Europe,2024,44688854,21.81,974663.91,76.24,20.16,63.35,12.9,43.12,13.59,0.791,60733.62,82.38
Oceania,2020,160374305,22.22,3563517.06,,28.66,4.6,16.02,6.49,4.79,0.713,18349.36,19.63
Sub-Saharan Africa,2021,145451051,23.73,3451553.44,62.23,18.38,85.42,12.24,23.48,22.46,0.445,75715.61,94.77
Latin America and the Caribbean,2024,187374452,22.75,4262768.78,43.04,40.31,80.39,18.6,23.8,7.39,0.731,62584.79,
Sub-Saharan Africa,2021,69537305,3.17,220433.26,8.89,6.15,10.96,16.75,60.23,4.65,0.116,20069.96,59.48
Eastern Asia,2023,184301911,5.37,989701.26,78.91,65.23,55.61,14.48,19.08,3.55,0.019,10131.04,82.09
Oceania,2020,122046091,14.35,1751361.41,21.48,17.48,25.9,22.03,45.52,28.04,0.602,1322.75,
Northern Africa,2021,136506322,3.41,465486.56,80.94,66.45,58.99,21.38,12.26,30.62,0.343,55684.34,
Northern America,2023,181521562,23.71,4303876.24,7.29,7.23,28.52,17.5,53.02,18.26,0.947,47233.43,
South-Eastern Asia,2023,224856025,16.7,3755095.62,25.92,21.05,81.62,21.44,43.09,11.29,0.449,32046.66,95.55
Northern America,2023,217848296,7.12,1551079.87,69.53,9.15,79.14,39.16,62.39,30.49,0.887,43128.47,19.22
Central Asia,2023,89049623,20.35,1812159.83,67.96,38.24,88.01,36.28,12.29,5.62,0.932,34825.34,77.07
Western Asia,2024,135990426,24.35,3311366.87,20.13,3.71,37.94,30.43,6.06,7.02,0.749,16251.63,69.74
Sub-Saharan Africa,2022,186642901,16.07,2999351.42,78.24,24.4,22.4,12.98,48.52,25.28,0.786,63617.4,74.24
Oceania,2021,227781531,6.94,1580803.83,63.25,31.63,85.75,28.89,57.38,22.36,0.06,50831.52,16.5
Sub-Saharan Africa,2021,223737321,13.68,3060726.55,24.67,9.09,56.8,37.3,27.15,10.76,0.299,21118.21,55.56
Europe,2020,81826419,7.64,625153.84,65.02,3.48,82.93,21.02,23.5,18.61,0.259,,35.5
Northern Africa,2020,66622812,15.98,1064632.54,62.96,38.03,42.65,25.03,26.94,11.1,0.085,78431.9,74.6
Northern America,2020,51110333,2.34,119598.18,28.82,26.17,95.57,35.63,62.96,29.46,0.671,76133.3,
Northern America,2024,64755801,19.49,1262090.56,74.56,21.24,28.15,25.44,63.79,25.57,0.272,60925.57,54.79
Northern America,2022,95605918,21.73,2077516.6,82.11,52.56,95.34,31.4,39.8,10.27,0.342,66330.57,68.2
Western Asia,2020,191652989,28.92,5542604.44,25.26,18.83,94.05,28.86,20.88,32.72,0.748,,59.72
Latin America and the Caribbean,2023,242079179,5.54,1341118.65,59.52,55.46,0.37,11.85,31.87,5.42,0.344,70915.81,27.5
Northern Africa,2020,45688697,14.39,657460.35,41.41,31.59,33.3,21.07,8.4,7.02,0.147,73498.22,22.58
Central Asia,2023,177749368,13.14,2335626.7,150,26.3,36.52,14.54,21.81,24.98,0.16,2640.66,92.61
Eastern Asia,2024,168156596,29.32,4930351.39,37.26,33.71,70.33,12.49,44.33,15.56,0.123,980.96,96.75
Northern Africa,2020,178780373,23.45,4192399.75,76.21,6.24,89.11,37.45,14.05,2.35,0.619,53908.18,25.14
Central Asia,2024,234662001,4.2,985580.4,25.78,4.08,64.96,17.2,16.51,12.03,0.497,72743.5,70.29
Latin America and the Caribbean,2024,24981308,19.76,493630.65,81.36,62.04,40.59,39.54,58.48,18.59,0.169,71753.42,34.24
Latin America and the Caribbean,2021,178429452,5.46,974224.81,66.82,60.59,50.66,25.46,51.06,30.39,0.501,6079.01,61.87
Northern Africa,2022,45260682,7.46,337644.69,34.34,30.05,91.38,28.3,24.97,33.53,0.519,41345.43,91.65
Eastern Asia,2023,64311596,26.45,1701041.71,,21.06,32.35,15.64,26.75,3.16,0.985,60240.89,75.1
Northern Africa,2023,9010466,5.42,48836.73,37.39,20.51,7.8,35.24,63.69,19.11,0.132,56349.46,41.2
Northern Africa,2022,81014541,21.91,1775028.59,,33.2,62.11,31.14,58.05,1.66,0.464,25111.54,38.23
South-Eastern Asia,2022,220091232,13.23,2911807,45.5,24.72,78.07,27.65,22.49,11.76,0.437,,82.84
Eastern Asia,2024,36837436,19,699911.28,16.54,11.41,21.01,28.3,24.37,23.18,0.286,53753.48,34.55
Northern America,2022,107885140,-20.36,2196541.45,46.48,12.87,8.03,15.09,52.86,12.63,0.51,29632.83,93.2
Eastern Asia,2023,57395764,18.09,1038289.37,49.93,23.33,91.05,12.84,28.27,21.23,0.908,61024.16,48.78
Europe,2023,9751511,17.84,173966.96,78.03,57.58,77.14,13.16,36.83,34.8,0.234,46611.55,49.59
Western Asia,2024,218881290,20.54,4495821.7,53.68,26.32,87.34,32.16,26.99,9.13,0.803,10748.95,
Europe,2021,106172023,16.81,1784751.71,52.83,22.71,26.19,25.37,63.07,24.26,0.563,21513.06,91.07
Eastern Asia,2020,91850484,4.73,434452.79,10.78,4.15,94.6,13.72,14.34,5.15,0.73,26993.45,74.51
Southern Asia,2024,28405665,22.22,631173.88,28.17,24.69,70.23,26.06,48,26.37,0.489,56084.29,89.86
Northern Africa,2022,106528071,29.3,3121272.48,32.93,27.72,17.74,10.94,65.46,30.52,0.977,6838.41,
Oceania,2023,196951320,5.31,1045811.51,33.86,25.67,29.36,13.13,18.39,2.11,0.833,71027.57,65.18
Oceania,2022,146517979,23.35,3421194.81,39.78,7.43,92,24.59,19.85,8.13,0.293,26476.34,33.96
Europe,2023,48356316,23.03,1113645.96,62.39,41.82,33.22,32.4,11.65,33.83,0.629,26876.04,45.27
Western Asia,2024,40018442,16.56,662705.4,18.66,14.53,41.66,36.29,67.66,27.33,0.137,63314.53,65.78
Latin America and the Caribbean,2021,90527143,3.66,331329.34,75.56,65.45,41.43,21.72,9.53,30.2,0.051,55498.54,54.63
Northern Africa,2020,166109477,26.57,4413528.8,42.94,9.9,58.81,11.58,65.14,6.52,0.929,35003.8,81.57
Europe ,2020,101958068,22.62,2306291.5,79.14,5.37,83.79,12.39,48.84,21.38,0.266,14251.33,25.8
Latin America and the Caribbean,2024,67987137,27.23,1851289.74,59.44,45.29,59.57,18.01,33.87,16.58,0.185,26824.15,16.97
Central Asia,2024,31239703,-7.53,235234.96,61.31,29.77,30.77,16.68,55.98,26.77,0.697,60234.61,15.18
Eastern Asia,2024,74936417,27.55,2064498.29,80.49,35.45,17.81,27.87,35.28,22.29,0.922,14812.1,44.44
Eastern Asia,2024,69957769,18.03,1261338.58,59.68,55.47,11.48,30.94,59.71,33.97,0.289,8963.5,30.01
Sub Saharan Africa,2024,168189840,8.01,1347200.62,39.39,18.85,54.82,34.7,26.57,27.49,0.461,16530.5,45.28
Northern Africa,2021,65370553,16.53,1080575.24,150,36.7,63.62,26.21,12.12,0.42,0.959,,54.77
Northern America,2023,247862311,9.52,2359649.2,76.91,22.94,7.44,29.27,56.66,24.6,0.344,,33.85
Western Asia,2024,214706052,29.28,6286593.2,8.91,4.37,20.07,37.05,36.18,13.45,0.696,63634.38,88.83
Oceania,2022,132118218,26.46,3495848.05,47.93,16.14,51.02,33.9,62.48,29.55,0.859,68735.88,30.12
Sub-Saharan Africa,2024,74651584,25.48,1902122.36,21.91,14.07,84.31,27.51,7.4,31.49,0.662,73868.97,63.69
Northern America,2023,199600376,3.24,646705.22,70.43,55.25,58.97,17.98,28.25,20.06,0.935,55493.59,36.93
Latin America and the Caribbean,2020,175370341,24.68,4328140.02,50.03,16.76,28.68,36.97,67.85,10.04,0.542,7956.48,60.73
Southern Asia,2023,112329463,4.63,520085.41,84.22,50.33,80.24,28.81,61.98,22.9,0.269,25237.83,53
Western Asia,2021,124089782,23.74,2945891.42,81.87,13.11,49.27,39.23,32.45,23.23,0.611,30884.24,80.29
Europe,2020,112565021,2.55,287040.8,44.39,40.1,96.74,23.1,49.62,7.53,0.791,11072.04,33.45
Central Asia,2021,228043846,12.1,2759330.54,81.87,79.76,68.14,36.85,68,2.25,0.599,73162.84,88.02
Western Asia,2020,16317746,15.95,260268.05,78.2,37.95,88.48,32.16,40.23,11.27,0.377,20534.74,
Europe,2021,162360892,14.26,2315266.32,60.41,59.89,34.8,39.75,16.29,16.6,0.185,38002.62,22.98
Latin America and the Caribbean,2023,54614933,19.98,1091206.36,35.26,10.91,36.62,14.42,18.87,17.47,0.734,6951.7,46.28
South-Eastern Asia,2020,94122756,11.46,1078646.78,6.02,3.07,1.58,24.2,29.59,0.82,0.249,12022.84,84.38
Central Asia,2023,186231037,7.37,1372522.74,11.33,4.07,12.4,28.47,41.44,19.67,0.987,29746.58,50.75
Sub-Saharan Africa,2020,165560698,17.73,2935391.18,50.67,39.64,97.3,10.03,49.7,26.39,0.996,54556.49,21.18
Western Asia,2021,9276513,29.02,269204.41,50.01,16.2,37.32,32.2,18.54,23.28,0.299,17147.99,82.52
Latin America and the Caribbean,2020,9457659,8.56,80957.56,45.96,29.35,96.33,10.54,7.38,0.51,0.231,33066.04,73.72
Sub-Saharan Africa,2021,190285717,14.74,2804811.47,16.22,6.56,16.05,14.84,33.97,28.95,0.508,78205.6,34.91
South-Eastern Asia,2024,37213211,3.47,129129.84,,28.64,28.97,37.12,35.06,2.78,0.85,61528.79,87.29
Latin America and the Caribbean,2020,78669827,11.04,868514.89,59.26,56.27,83.31,38.97,54.22,11.34,0.39,79384.01,17.56
Central Asia,2021,89731544,7.57,679267.79,29.19,11.98,39.54,32.77,27.95,2.87,0.571,56273.2,22.59
Europe,2024,233243240,17.96,4189048.59,59.32,43.37,97.23,23.1,5.96,4.49,0.437,12333.1,62.73
Northern America,2024,216107041,28.9,6245493.48,9.32,4.4,93.67,11.35,26.49,23.37,0.713,29214.78,27.86
Europe,2020,4655416,15.2,70762.32,17.69,13.84,49.22,34.79,7.06,23.5,0.447,,59.58
Sub-Saharan Africa,2020,102956965,23.54,2423606.96,15.04,10.14,98.07,32.67,51.32,22.73,0.726,33713.65,65.03
Sub-Saharan Africa,2023,95472639,27.03,2580625.43,28.28,9.06,52.81,35.63,61.04,31.36,0.271,77826.16,55.28
Sub-Saharan Africa,2023,235925088,14.32,3378447.26,55.58,40.87,14.72,16.79,54.46,8.39,0.498,50142.5,
Europe,2022,35783808,14.26,510277.1,63.56,39.24,8.19,12.79,66.9,5.17,0.775,69594.94,83.72
Latin America and the Caribbean,2024,7345294,12.78,93872.86,70.23,53.97,19.53,18.15,25.39,21.52,0.039,69002.09,73.47
Eastern Asia,2024,214234035,4.57,979049.54,27.65,4.92,10.98,13.02,11.91,32.81,0.396,52803.91,21.87
Central Asia,2022,60168002,29.57,1779167.82,73.94,35.61,48.98,12.47,31.3,21.41,0.99,39019.54,61.58
Northern Africa,2023,220867544,29.28,6467001.69,17.02,16.22,18.77,17.38,17.5,12.18,0.118,12238.33,94.98
Central Asia,2024,183282471,24.43,4477590.77,65.99,63.98,43.98,16.85,11.61,29.33,0.635,27242.74,67.91
Southern Asia,2023,189856030,8.68,1647950.34,58.83,22.08,74.2,22.34,47.08,27.63,0.068,41289.31,
South-Eastern Asia,2024,202214695,20.39,4123157.63,27.06,9.38,23.04,31.39,55.38,14.07,0.681,9134.11,
Oceania,2020,219188162,23.86,5229829.55,42.43,35.55,75.35,14.57,36.6,19.28,0.589,64413.43,22.94
Southern Asia,2020,132865745,22.07,2932346.99,50.99,50.53,90.03,13.15,13.11,7.93,0.023,60138.51,37.75
Northern America,2024,32092652,18.95,608155.76,6.94,6.2,50.5,19.36,21.47,34.6,0.788,12883.46,23.74
Northern America,2024,141311991,20.92,2956246.85,38.45,19.64,63.48,13.99,38.1,3.66,0.274,18702.59,45.96
Northern America,2024,187065074,7.75,1449754.32,67.79,39.29,53.22,38.72,52.07,21.12,0.043,65603.57,18.52
Sub-Saharan Africa,2022,32939597,25.95,854782.54,32.09,25.59,74.65,10.41,52.73,24.7,0.896,21929.29,32.38
South-Eastern Asia,2022,193319455,28.7,5548268.36,48.83,8.78,68.66,37.41,30.16,8.3,0.067,8597.2,27.57
Southern Asia,2023,182442441,5.58,1018028.82,7.03,4.47,26.48,13.32,14.37,5.47,0.441,40887.36,57.93
Western Asia,2022,128094003,25.66,3286892.12,11.25,6.13,17.04,32.96,43.59,1.14,0.959,27419.92,68.93
Central Asia,2021,50221020,19.67,987847.46,62.36,41.43,81.43,19.06,58.19,26.96,0.46,66836.99,31.37
Western Asia,2023,65190913,13.3,867039.14,57.99,25,26.13,38.47,30.77,30.55,0.32,64917.2,67.44
Oceania,2024,24126637,9.71,234269.65,54.02,8.94,66.08,32.83,66.76,8.49,0.115,8832.04,36.31
Central Asia,2024,156075744,18.4,2871793.69,75.35,29.67,75.02,37.07,19.29,7.95,0.691,59196.07,65.1
Southern Asia,2021,103742329,8.83,916044.77,,56.57,27.44,19.28,38.59,24.39,0.728,14379.4,28.63
Europe,2022,188313080,6.49,1222151.89,30.49,5.68,70.3,29.74,60.38,12.97,0.54,61307.24,76.36
South-Eastern Asia,2022,5428875,8.35,45331.11,21.18,14.66,34.79,11.99,25.09,12.79,0.635,60396.94,64.37
Eastern Asia,2024,1890503,12.84,24274.06,60.39,4.1,25.29,39.37,57.67,25.6,0.797,53963.14,26.4
Latin America and the Caribbean,2020,194754114,7.82,1522977.17,5.6,5.25,62.19,21.47,18.66,30.31,0.625,30495.26,87.96
Europe,2022,140305037,-27.43,3848567.16,43.97,13.44,45.04,36.3,37.02,24.78,0.026,75602.04,
Central Asia,2021,206369636,19.66,4057227.04,74.92,27.2,23.65,36.54,11.27,1.25,0.413,33258.43,97.29
Southern Asia,2020,245244592,5.78,1417513.74,19.26,15.77,52.42,35.16,9.73,12.09,0.572,31288.67,59.49
Latin America and the Caribbean,2024,119369359,14.74,1759504.35,55.79,38.05,48.15,32.78,34.29,27.55,0.013,31135.26,
Oceania,2023,84243548,4.63,390047.63,5.27,3.4,72.83,33.09,65.3,30.16,0.829,61554.69,76.72
Northern Africa,2021,78054305,15.09,1177839.46,67.5,42.71,94.52,36.09,52.51,28.35,0.877,4844.94,84.72
Southern Asia,2020,151070888,27.53,4158981.55,80.48,78.72,93.62,12.87,17.02,5.83,0.877,59213.18,88.32
Southern Asia,2022,61794720,29.03,1793900.72,48.18,10.28,29.24,33.55,49.18,10.4,0.103,70707.11,17.95
Oceania,2023,13558187,2.23,30234.76,150,24.81,15.33,32.49,34.8,32.21,0.257,61664.1,18.29
South-Eastern Asia,2021,159800721,4.49,717505.24,43.38,16.65,88.83,32.65,15.9,22.95,0.339,49234.72,21.69
Latin America and the Caribbean,2023,240456367,22.16,5328513.09,71.58,16.9,40.5,39.54,50.16,20.34,0.283,24021.1,90.99
South-Eastern Asia,2022,174178286,2.38,414544.32,77.41,76.57,92.67,19.29,17.73,1.58,0.794,67297.41,92.52
Oceania,2020,197999165,20.23,4005523.11,56.61,56.01,56.44,10.98,16.28,1.5,0.949,45887.27,52.74
Latin America and the Caribbean,2023,24442062,4.14,101190.14,26.21,20.36,50.69,29.02,46.8,21.93,0.73,31772.07,34.56
Oceania,2022,157401253,12.39,1950201.52,36.07,6.8,91.01,24.41,58.39,20.99,0.019,47543.8,70.87
Sub-Saharan Africa,2022,222742965,12.57,2799879.07,69.9,15.27,70.68,14.35,60.37,13.76,0.183,67453.4,34.2
Latin America and the Caribbean,2020,244083941,24.87,6070367.61,50.87,13,63.77,30.34,47.49,29,0.861,18231.66,73.62
South-Eastern Asia,2021,111993040,17.92,2006915.28,49.66,46.19,82.63,39.09,52.83,11.93,0.826,60469.33,79.8
Western Asia,2020,138349062,27.22,3765861.47,150,10.47,76.49,26.97,31.42,4.58,0.514,66560.24,70.67
Europe,2023,17441824,11.89,207383.29,6.97,4.73,94.95,11.38,44.69,18.16,0.49,47480.57,55.65
Sub-Saharan Africa,2024,140566627,27.96,3930242.89,16.39,13.83,8.72,15,23.36,20.26,0.877,76612.42,32.86
Latin America and the Caribbean,2023,239400608,8.21,1965478.99,30.18,25.33,18.34,13.41,30.19,24.69,0.302,59457.14,17.4
Sub-Saharan Africa,2023,218740076,25.22,5516624.72,68.91,31.37,10.74,29.4,58.26,34.12,0.787,13805.07,83.1
Northern Africa,2023,29491111,24.37,718698.38,70.09,42.95,72.56,37.59,40.35,3.26,0.413,26341.73,37.36
Europe,2023,66032461,27,1782876.45,17.49,8.7,89.72,38.75,17.75,2.79,0.319,66688.41,37.57
Europe,2021,94063580,15.2,1429766.42,78.55,20.47,76.1,28.46,21.73,0.29,0.605,,85.93
Northern Africa,2023,216488464,6.53,1413669.67,75.64,18.69,84.09,25.93,9.38,16.72,0.544,3281.96,44.02
Oceania,2021,124384145,8.71,1083385.9,,3.03,25.29,38.41,50.46,9.67,0.516,72229.61,85.62
Western Asia,2024,149511340,26.93,4026340.39,8.79,7.24,22.39,36.43,53.87,11.48,0.826,78513.85,43.8
Sub Saharan Africa,2021,227145308,23.18,5265228.24,45.98,22.43,99.56,26.18,22.55,19.13,0.057,10270.45,53.24
Southern Asia,2023,210880989,12.72,2682406.18,19.72,14.94,89.08,37.04,37.87,0.48,0.145,64763.54,
Northern Africa,2023,125659235,27.3,3430497.12,20.16,3.77,51.15,15.28,49.01,16.95,0.785,66593.19,21.86
Latin America and the Caribbean,2021,78619121,20.01,1573168.61,150,17.04,13.85,18.3,56.26,4.39,0.564,24323.75,73.44
Northern Africa,2024,170270033,18.61,3168725.31,64.7,59.77,63.03,19.42,9.23,12.56,0.336,29701.99,23.05
Western Asia,2020,18534627,27.56,510814.32,41.64,6.52,41.83,26.18,57.13,23.17,0.034,64532.08,15.93
Western Asia,2020,98407557,6.25,615047.23,15.69,6.31,27.67,39.09,15.66,4.46,0.891,17993.13,31.57
Sub-Saharan Africa,2023,77044101,19.11,1472312.77,71.59,60.75,28.54,39.94,45.67,19.9,0.491,49395.51,65.72
Northern America,2021,234204996,7.16,1676907.77,44.69,11.83,80.36,22.62,52.23,27.74,0.988,46873.86,97.24
Northern America,2023,74252719,20.36,1511785.36,44.28,29.86,2.58,16.93,6.44,23.19,0.394,32186.56,67.96
Northern Africa,2022,177786091,14.36,2553008.27,15.46,4.23,49.81,26.37,49.62,27.49,0.164,18377.21,63.92
Northern Africa,2020,237121826,20.6,4884709.62,76.05,35.49,43.08,33.22,34.59,3.69,0.91,,63.21
Northern Africa,2023,132038901,-27.84,3675963,44.04,39.72,20.04,35.35,45.19,0.57,0.339,30496.49,76.44
Northern Africa,2021,182922561,11.49,2101780.23,40.25,4.69,78.5,23.5,15.71,27.86,0.011,37112.4,60.4
Eastern Asia,2023,51769733,5.67,293534.39,23.7,8.37,87.83,25.59,53.93,16.34,0.479,71856.69,70.24
Southern Asia,2020,168100153,14.56,2447538.23,84.96,79.07,21.97,32.84,29.41,7.47,0.171,61325.58,71.09
Oceania,2021,229828097,13.36,3070503.38,18.32,4.78,88.59,15.38,45.03,12.44,0.313,75379.18,15.99
Eastern Asia,2024,217615557,13.63,2966100.04,46.19,12,64.68,15.71,63.29,6.05,0.998,5707.99,39.57
Northern Africa,2021,53869123,22.77,1226599.93,69.17,56.59,67.81,29.34,51.32,31.42,0.678,47940.51,38.63
Northern America,2023,128768275,3.76,484168.71,22.44,4.15,25.13,31.73,45.23,21.74,0.432,50995.34,72.83
South-Eastern Asia,2024,169642297,26.47,4490431.6,,29.01,81.86,30.7,32.65,27.35,0.95,76165.64,46.08
Eastern Asia,2024,191107921,19.99,3820247.34,150,3.65,43.11,27.55,35.52,25.62,0.589,58447.39,18.29
Northern America,2020,161625487,23.5,3798198.94,6.91,6.77,8.82,13.19,41.4,14.99,0.424,16592.81,83.04
Northern America,2020,85318875,10.6,904380.07,33.19,6.32,49.87,32.14,64.58,3.93,0.804,20487.35,69.64
Central Asia,2023,237975286,10.62,2527297.54,54.03,46.56,31.9,25.7,6.37,34.08,0.876,34583.82,66.26
Latin America and the Caribbean,2022,185117498,12.77,2363950.45,42.82,24.91,59.26,38.57,62.92,5.65,0.332,28779,30.84
Southern Asia,2021,154232487,23.96,3695410.39,82.34,62.88,24.32,37.19,9.91,28.51,0.084,58369.89,24.98
Europe,2021,126061742,27.86,3512080.13,56.52,48.12,45.32,15.36,31.75,10.93,0.183,73583.87,
Oceania,2020,18576746,25.38,471477.81,50.01,35.01,61.3,26.25,61.42,10.7,0.694,59866.7,95.37
Southern Asia,2022,34892549,23.2,809507.14,14.32,4.41,4.12,21.42,69.38,33.78,0.944,,40.61
Northern America,2021,49962606,2.13,106420.35,74.69,52.94,39.8,31.66,44.56,9.82,0.592,36399.25,75.72
Sub-Saharan Africa,2020,191291347,10.52,2012384.97,68.32,61.16,63.15,24.22,31.9,26.39,0.383,30145.29,41.19
Northern America,2020,209537505,16.79,3518134.71,64.73,55.83,12.62,19.84,5.61,5.59,0.712,52823.57,35.24
Europe,2024,124834051,-12.12,1512988.7,80.05,54.71,16.21,39.08,49.62,5.43,0.585,65195.8,80.47
Southern Asia,2020,151746679,12.41,1883176.29,33.38,7.85,4.26,29.47,49.4,12.06,0.113,6334.34,67.69
Europe ,2024,241629687,15.54,3754925.34,,28.78,13.15,32.89,58.18,17.55,0.209,48970.85,56.03
Sub Saharan Africa,2024,20823272,25.82,537656.88,,51.33,55.86,30.07,60.71,27.11,0.764,61488.65,37.93
South-Eastern Asia,2020,136826933,25.63,3506874.29,54.91,9.41,7.32,13.78,64.15,2.99,0.581,14618.77,37.12
Southern Asia,2023,1298973,25.5,33123.81,47.9,6.14,46.24,28.68,66.51,22.9,0.745,unknown,18.37
South-Eastern Asia,2023,228000265,16.64,3793924.41,83.51,58.9,32.51,19.13,16.65,5.55,0.021,77481.08,82.92
Europe,2020,58393653,9.81,572841.74,83.62,20.97,97.47,19.06,66.9,24.87,0.406,42309.86,39.84
Europe ,2024,116063977,2.77,321497.22,28.69,27.14,88.59,23.63,51.89,24.46,0.111,12582.79,21.87
Oceania,2021,189674069,6.46,1225294.49,60.77,39.64,20.3,10.34,49.46,2.16,0.472,4086.61,82.5
Western Asia,2022,62616659,26.05,1631163.97,25.58,23.88,64.09,14.34,66.16,34.7,0.357,33130.59,33.91
Eastern Asia,2023,40239009,18.82,757298.15,44.04,15.8,72.74,21.36,13.4,22.51,0.789,35683.12,65.36
Europe,2021,135983008,14.22,1933678.37,43.89,19.91,75.83,36.3,42.78,15.43,0.595,17572.39,29.35
Sub-Saharan Africa,2022,21512662,13.97,300531.89,31.76,18.9,46.36,17.94,20.34,30.77,0.091,33080.02,51.7
Eastern Asia,2024,135996071,9.15,1244364.05,18.17,14.9,10.64,17.24,30.97,5.82,0.086,5660.9,58.89
Sub-Saharan Africa,2023,177972717,23.06,4104050.85,84.81,16.83,80.35,22.91,64.04,30.57,0.678,75579.41,84.66
Latin America and the Caribbean,2021,28381961,-27.62,783909.76,68.76,15.83,19.78,23.54,42.65,34.62,0.889,11716.62,53.4
Latin America and the Caribbean,2023,182978339,14.49,2651356.13,51.52,41.21,16.78,12.41,19.61,18.77,0.671,52443.41,29.8
Northern Africa,2022,107325898,7.54,809237.27,84.29,50.59,73.67,29.53,40.99,23.31,0.263,27828.46,92.47
Southern Asia,2023,44860734,26.64,1195089.95,71.09,41.02,20.29,28.21,35.95,16.37,0.851,59235.77,55.74
South-Eastern Asia,2024,106097739,3.73,395744.57,60.1,4.37,64.61,30.88,65.2,27.09,0.256,38239.2,23.13
Northern America,2024,178462920,10.85,1936322.68,,26.38,34.73,33.2,25.88,1.3,0.274,16355.7,18.44
Sub-Saharan Africa,2020,189984768,21.24,4035276.47,63.12,52.53,13.24,37.62,18.84,8.25,0.084,35508.22,52.57
Western Asia,2020,160621270,27.04,4343199.14,53.17,14.08,33.73,34.48,40.67,15.66,0.375,32186.57,29.21
Oceania,2023,74501371,14.98,1116030.54,23.28,16.64,89.01,19.18,36.64,32.12,0.498,26675.43,81.96
Western Asia,2022,82269930,12.89,1060459.4,53.16,40,77.79,33.14,46.45,9.08,0.792,4540.86,74.32
South-Eastern Asia,2022,68156405,18.33,1249306.9,47.99,14.88,38.38,37.29,25.9,10.1,0.277,17159.53,57.31
Sub-Saharan Africa,2024,226203590,3.96,895766.22,18.91,15.77,88.35,10.43,54.99,31.28,0.859,43127.01,16.5
Western Asia,2023,227597318,11.02,2508122.44,46.88,45.27,82.82,14.94,21.61,31.26,0.831,51853.88,22.47
Northern America,2024,207525409,3.71,769919.27,19.34,15.85,9.36,12.63,10.12,14.82,0.724,28277.75,96.2
Northern Africa,2021,99330706,15.57,1546579.09,77.8,75.6,83.11,10.64,30.68,33.97,0.577,32411.77,80.2
Northern America,2021,177049380,17.13,3032855.88,25.53,3.05,67.79,24.85,18.35,10.9,0.787,8800.77,95.52
Europe,2020,112870372,29.59,3339834.31,,25.26,66.69,39.2,22.11,5.51,0.763,41129.19,67.49
Western Asia,2023,75483777,17.41,1314172.56,55.24,19.45,4.36,27.37,28.53,14.9,0.001,78796.69,28.51
South-Eastern Asia,2021,145565804,26.01,3786166.56,17.02,7.69,45.43,31.96,41.59,21.62,0.652,8686.72,25.39
Southern Asia,2020,90615912,4.5,407771.6,150,12.12,71.07,21.55,18.14,2.3,0.042,21392.77,20.47
Europe,2024,134071637,24.49,3283414.39,74.02,58.57,9.07,14.86,35.39,22.88,0.39,2071.81,80.95
Central Asia,2020,82636092,13.29,1098233.66,18.77,17.44,67.43,12.44,8.71,18.32,0.969,32626.17,32.52
Latin America and the Caribbean,2022,144288610,19.38,2796313.26,18.16,4.25,27.42,24.86,16.53,14.94,0.565,11712.82,94.27
South-Eastern Asia,2021,80746664,6.16,497399.45,80.56,63.88,98.38,34.5,53.28,20.8,0.673,42285.83,37.6
Sub Saharan Africa,2024,225085289,2.72,612231.99,36.95,3.7,95.2,24.43,30.12,14.01,0.627,27174.85,62.42
Sub-Saharan Africa,2023,77028464,28.12,2166040.41,23.88,11.66,56.77,28.21,29,15.61,0.996,72450.26,95.1
Sub Saharan Africa,2024,27113678,13.93,377693.53,65.28,23.52,67.46,39.89,24,3.09,0.563,71354.85,62.48
Northern Africa,2024,49492099,4.64,229643.34,68.1,57.23,37.38,19.01,31.93,12.2,0.16,24076.41,88.1
Northern Africa,2023,N/A,12.58,697420.61,56.91,39.07,44.35,20.96,39.58,10.83,0.212,34333.81,34.36
Sub-Saharan Africa,2023,159535881,20,3190717.62,38.26,37.23,43.61,18.11,25.79,3.7,0.679,71032.43,55.08
Eastern Asia,2023,248952148,7.52,1872120.15,150,5.34,6.36,36.98,31.09,10.12,0.877,8125.67,29.93
South-Eastern Asia,2022,230320707,10.36,2386122.52,76.89,16.42,33.18,39.63,10.85,32.12,0.132,62476.24,
Western Asia,2020,141053094,4.21,593833.53,80.65,78.62,8.59,39.64,61.49,32.09,0.862,2146.76,97.79
Northern America,2024,81954110,22.93,1879207.74,11.86,11.15,20.68,31.41,38.86,23.3,0.172,50541.1,24.17
Oceania,2021,179039725,23.3,4171625.59,51.93,21.18,95.75,25.92,21.82,13.74,0.736,46792.43,77.84
South-Eastern Asia,2021,13086685,7.28,95271.07,6.41,5.34,53.24,31.9,42.87,18.11,0.996,75584.32,
Europe,2022,215990252,25.22,5447274.16,17.63,10.98,6.21,23.31,39.82,32.09,0.755,4183.45,46.4
Latin America and the Caribbean,2023,184632515,18.93,3495093.51,78.75,61.55,43.32,12.82,56.11,26.98,0.962,4421.6,94.13
Northern Africa,2024,57880423,-6.82,394744.48,82.08,29.29,11.73,14.46,41.12,5.29,0.447,73004.86,15.8
Europe,2020,162762996,8.44,1373719.69,22.5,16.19,65.72,21.09,60.45,14.9,0.557,36863.22,50.59
Sub-Saharan Africa,2023,161931661,29.6,4793177.17,83.28,49.94,45.48,39.75,14.57,15.12,0.83,1505.37,89.29
Eastern Asia,2021,140121019,18.37,2574023.12,58.8,6.51,81.23,20.08,23.36,9.18,0.901,24490.13,70.78
Northern America,2020,34305600,16.96,581822.98,,22.84,84.37,37.14,66.15,20.48,0.431,45831.7,84.48
Eastern Asia,2022,90027386,9.95,895772.49,45.93,34.27,20.15,36.62,49,33.17,0.755,55367.95,40.64
Oceania,2022,81186625,14.95,1213740.04,10.36,3.27,72.78,19.71,62.11,15.76,0.475,8169.01,37.52
Northern America,2023,87275736,19.54,1705367.88,76.74,40.54,18.38,13.54,41.25,19.7,0.694,8094.81,97.39
Oceania,2021,191738982,-11.92,2285528.67,7.4,6.17,81.1,27.35,41.33,29.87,0.818,74267.28,28.92
Europe ,2021,N/A,25.75,4462899.75,78.67,28.8,97.42,38.82,39.15,32.97,0.51,54312.02,63.95
Europe,2023,160839088,8.23,1323705.69,58.38,16.02,78.58,35.88,44.08,0.6,0.383,15881.58,87.22
South-Eastern Asia,2023,99677785,27.81,2772039.2,34.67,25.32,48.05,27.25,59.51,16.1,0.083,39757.84,94.03
Central Asia,2020,200892007,28.27,5679217.04,9.47,9.27,50.31,22.79,22.86,12.38,0.67,28897.65,28.76
Sub-Saharan Africa,2021,68020651,27.45,1867166.87,28.81,13.86,1.58,17.23,54.25,32.94,0.297,18260.2,62.42
Western Asia,2023,247213043,24.38,6027053.99,66.27,51.22,57.52,36.94,58.2,19.36,0.654,54843.57,82.42
Europe ,2023,139112056,19.97,2778067.76,22.8,13.89,27.45,21.89,18.31,28.81,0.182,,65.83
Northern America,2022,225355602,28.4,6400099.1,30.97,21.62,3.73,34.61,16.54,10.3,0.855,64919.57,81.03
Sub-Saharan Africa,2022,63736180,25.3,1612525.35,74.27,51.95,22.14,15.1,29.41,7.89,0.953,29812.27,17.02
Northern Africa,2020,86529689,7.85,679258.06,9.11,6.47,30.31,28.27,50.69,33.33,0.303,,48.67
Oceania,2020,130204507,6.1,794247.49,74.34,61.44,4.62,33.11,50.52,15.35,0.769,69324.06,85.12
Oceania,2021,2440919,4.4,10740.04,38.19,5.28,54.27,15.8,54.7,6.08,0.811,21883.91,28.58
South-Eastern Asia,2020,11604460,5.88,68234.22,34.35,28.22,19.42,39.89,6.01,18.99,0.051,52930.74,39.76
Sub-Saharan Africa,2020,143898357,25.22,3629116.56,47.83,34.31,79.52,19.66,41.78,26.72,0.624,62505.57,44.07
Sub-Saharan Africa,2022,204339164,14.83,3030349.8,61.81,53,59.22,30.02,27.96,6.78,0.829,,34.9
South-Eastern Asia,2022,131905105,10.47,1381046.45,56.19,28.89,64.16,28.03,40.29,28.13,0.103,25877.17,
Sub-Saharan Africa,2023,236694756,29.23,6918587.72,50.76,4.07,66.77,21.2,42.26,14.87,0.91,14913.04,54.86
Western Asia,2022,221925871,9.24,2050595.05,60.81,19.8,95.56,20.07,42.8,20.67,0.21,68990.7,54.48
Western Asia,2022,150974175,5.83,880179.44,51.62,25.16,77.72,21.18,43.47,6.24,0.803,49030.74,73.11
Sub-Saharan Africa,2024,239862419,21.02,5041908.05,45.11,23.54,63.63,36.82,5.26,16.67,0.88,52909.34,24.6
Europe,2023,11452947,28.01,320797.05,70.88,29.16,31.36,16.46,58.74,31.03,0.89,38959.46,74.56
Central Asia,2020,249901811,6.95,1736817.59,32.3,25.09,19.92,36.48,7.01,22.69,0.956,44519.27,
Northern Africa,2021,125647207,28.67,3602305.42,,72,8.32,10.45,14.74,17.57,0.336,69021.62,90.07
Oceania,2022,227298525,27.2,6182519.88,65.02,62.24,75.08,13.22,11.95,32.99,0.306,30325.97,42.14
Sub-Saharan Africa,2022,37238615,27.07,1008049.31,,35.93,29.42,15.01,41.61,1.51,0.038,27834.89,34.77
Latin America and the Caribbean,2024,241694156,14.89,3598825.98,59.67,16.78,11.6,15.17,11.72,1.02,0.664,16778.71,66.8
Western Asia,2021,59995902,11.08,664754.59,65.01,53.06,51.34,38.4,57.15,5.79,0.626,26599.89,78.56
Europe,2021,247675384,4.21,1042713.37,15.89,6.28,22.99,37.68,10.37,31.82,0.945,55320.59,31.01
Eastern Asia,2021,196816961,15.21,2993585.98,61,8.11,27.26,31.24,51.29,15.14,0.613,76361.16,66.51
Northern Africa,2022,248837889,5.14,1279026.75,40.91,12.01,2.6,18.08,37.49,2.22,0.102,79184.6,50.64
Southern Asia,2021,44093860,28.67,1264170.97,76.98,72.82,42.15,18.81,10.92,28,0.277,63942.28,29.43
Southern Asia,2024,118220731,6.01,710506.59,22.26,14.22,8.3,26.11,51.12,33.51,0.139,25711.65,60.85
Northern America,2021,232288785,26.97,6264828.53,78.51,13.77,40.62,28.53,9.06,12.09,0.99,10026.5,96.02
Sub-Saharan Africa,2021,121191573,2.85,345395.98,54.44,34.7,18.39,16.21,39.33,29.63,0.511,1003.99,27.79
Northern Africa,2023,66499608,27.77,1846694.11,52.64,49.99,31.87,38.33,17.88,25.24,0.45,50082.57,95.53
Northern Africa,2020,119455447,28.33,3384172.81,60.84,32.7,77.92,23.76,17.37,0.56,0.414,79451.36,55.38
South-Eastern Asia,2020,203304504,15.92,3236607.7,11.47,11.3,67.06,35.62,7.25,25.56,0.295,7094.59,82.42
Europe,2021,222753548,12.65,2817832.38,77.9,45.31,97.52,13.04,63.4,15.77,0.487,52798.55,79.19
South-Eastern Asia,2020,61812337,23.85,1474224.24,51.4,35.46,16.82,35.42,25.49,7.27,0.759,56317.18,37.02
Central Asia,2022,190078804,23.06,4383217.22,31.89,21.57,4.51,28.56,16.57,31.67,0.224,unknown,75.7
Northern America,2023,22219199,27.99,621915.38,45.88,45.61,46.23,37.84,15.07,3.41,0.311,13527.56,63.04
Central Asia,2022,100728938,25.35,2553478.58,40.9,34.18,7.87,10.96,45.51,7.04,0.124,44621.88,68.95
Latin America and the Caribbean,2024,33543226,13.76,461554.79,77.09,15.85,43.71,14.18,30.62,5.78,0.01,48912.74,24.73
Southern Asia,2021,138746587,21.64,3002476.14,83.86,22.88,42.09,31.33,16.27,1.83,0.417,62234.48,52.36
South-Eastern Asia,2022,66981769,13.45,900904.79,57.27,47.34,59.69,33.59,23,19.96,0.344,19061.4,95.66
Europe,2020,10858809,28.52,309693.23,60.87,60.34,27.4,13.89,28.62,20.56,0.397,70213.52,69.38
Northern America,2023,118109503,22.97,2712975.28,26.71,11.54,66.03,34.88,65.42,5.16,0.883,61646.82,23.68
South-Eastern Asia,2024,104232227,29.75,3100908.75,60.3,51.89,0.78,24.24,9.1,8.9,0.098,11625.88,37.64
Sub Saharan Africa,2020,120904324,7.35,888646.78,83.65,34.98,66.82,19.34,31.36,23.06,0.796,18421.86,17.38
Northern Africa,2020,168249417,24.86,4182680.51,39.51,14.73,16.56,31.61,24.4,9.09,0.163,20868.65,24.18
Europe,2023,228866666,18.08,4137909.32,150,9.07,42.74,21.65,8.54,28.35,0.825,71388.32,77.46
Oceania,2021,145895302,19.25,2808484.56,61.12,54.83,76.42,31.72,45.98,26.41,0.622,3763.93,77.83
Europe,2022,88899569,2.12,188467.09,26.93,11.81,58.8,23.74,43.7,20.98,0.865,23760.88,
Europe ,2023,155545078,17.21,2676930.79,65.55,40.49,21.01,25.18,44,18.65,0.587,48868.38,25.2
Eastern Asia,2024,97173496,27.41,2663525.53,39.84,12.75,49.63,33.5,33,31.18,0.903,27916,97.97
Europe,2020,172347115,28.43,4899828.48,84.52,14.77,22.9,28.91,59.77,31.95,0.662,35023.16,77.26
Eastern Asia,2024,158526161,24.68,3912425.65,24.53,14.47,2.18,16.78,53.03,16.4,0.118,unknown,27.33
Oceania,2023,20104841,15.31,307805.12,26.55,3.69,38.02,13.69,36.09,20.5,0.979,15940.35,65.48
Latin America and the Caribbean,2024,212511235,12.72,2703142.91,66.46,61.69,88.48,36.26,37.77,10.56,0.8,54906.87,39.96
Southern Asia,2023,7406580,14.31,105988.16,22.18,8.81,91.14,11.42,41.99,21.13,0.413,78850.11,27.93
Eastern Asia,2024,172042305,22.08,3798694.09,83.54,37.86,47.01,13.16,36.82,32.24,0.61,63442.51,89.29
Southern Asia,2022,197554458,4.6,908750.51,78.86,41.97,50.93,32.52,8.11,18.42,0.784,24988.29,35.07
Central Asia,2021,149745375,-21.9,3279423.71,66.96,29.66,43.02,36.68,61.19,23.39,0.76,10982.96,50.2
Eastern Asia,2022,221887608,11.5,2551707.49,22.99,20.17,28.75,21.91,41.43,0.12,0.831,64705.51,30.05
Oceania,2021,186005218,21.72,4040033.33,6.16,5.59,86.89,26.49,18.84,18.32,0.818,58038.95,35.86
Northern America,2020,217262444,9.23,2005332.36,13.24,5.61,17.63,37.92,12.93,10.64,0.9,56640.84,55.37
Southern Asia,2020,225523670,13.68,3085163.81,18,11.92,55.99,27.82,53.02,0.86,0.232,72142.49,59.5
Eastern Asia,2024,88744021,7.25,643394.15,63.61,29.97,67.4,27.34,36.62,0.44,0.235,51267.62,97.82
Northern America,2024,11784550,17.9,210943.44,64.62,62.02,16.94,25.5,34.78,4.13,0.491,78276.52,51.13
Sub-Saharan Africa,2024,163308820,28.48,4651035.19,49.94,9.13,2.96,16.71,22.05,27.41,0.512,77973.76,16.17
Eastern Asia,2024,30393128,4.93,149838.12,59.1,57.75,74.4,38.88,28.6,27.32,0.033,62325.95,44.03
Central Asia,2023,38462912,7.75,298087.57,47.9,35.73,17.83,39.72,52.57,14.22,0.393,41445.73,30.85
Eastern Asia,2023,160160660,18.46,2956565.78,17.8,11.41,39.12,31.3,36.32,10.74,0.859,12352.58,41.44
Eastern Asia,2023,29888268,23.32,696994.41,13.12,4.25,74.48,38.17,19.1,2.47,0.877,65966.13,42.36
Northern Africa,2024,116665491,29.58,3450965.22,73.73,37.72,37.32,12.01,54.42,12.98,0.831,67145.85,64.27
Europe,2020,169673767,8.43,1430349.86,32.8,5.3,50.49,24.28,50.01,7.59,0.27,56846.39,32.01
Western Asia,2024,17406226,9.09,158222.59,73.1,26.18,0.19,23.86,47.12,4.99,0.813,21053.12,50.73
Northern America,2021,245792862,27.79,6830583.63,49.46,44.46,92,37.09,30.07,0.58,0.556,68780.05,79.9
Latin America and the Caribbean,2022,87228443,22.49,1961767.68,68.81,40.95,39.74,29.83,6.49,23.19,0.284,64014.34,33.03
South-Eastern Asia,2023,134475583,12.95,1741458.8,63.91,40.07,23.66,11.16,49.02,34.02,0.204,58747.97,90.24
Sub-Saharan Africa,2020,35580307,6.34,225579.15,31.1,29.59,22.46,15.31,14.02,25.11,0.613,60690.34,54.57
Sub-Saharan Africa,2021,13250986,16.44,217846.21,6.4,6.4,92.01,26.56,8.31,5.61,0.442,55171.18,65.76
Eastern Asia,2020,244627462,28.12,6878924.23,63.61,24.98,77.68,34.08,63.03,1.27,0.777,68592.51,76.32
Northern America,2022,51350901,29.62,1521013.69,33.99,30.15,48.39,25.17,43,26.76,0.862,67672.2,45.02
Latin America and the Caribbean,2024,59887900,12,718654.8,51.17,28.23,38.69,28.57,54.46,5.22,0.103,3497.33,16.81
Sub-Saharan Africa,2022,83991301,2.25,188980.43,36.16,14.62,50.66,37.69,35.39,12.47,0.442,55536.23,22.1
Southern Asia,2020,46751748,26.02,1216480.48,33.69,16.41,73.73,39.68,47.95,2.16,0.922,30012.5,73.82
South-Eastern Asia,2020,248522230,13.89,3451973.77,36.56,7.08,36.65,18.67,15.38,22.81,0.935,51663.05,93.94
Northern America,2020,79645484,13.36,1064063.67,47.58,45.38,44.45,27.03,32.72,30.83,0.428,37624.15,50.26
Eastern Asia,2021,22114915,9.24,204341.81,36.16,27.68,54.72,16.4,16.29,14.57,0.826,57045.8,64.14
Western Asia,2020,186640502,23.46,4378586.18,57.78,22.78,46.65,25.44,47.8,33.17,0.693,34282.03,80.25
South-Eastern Asia,2020,1828727,18.83,34434.93,43.7,35.45,14.9,39.47,55.83,17.25,0.81,76401.95,50.02
Southern Asia,2021,99404787,2.75,273363.16,13.43,12.25,56.02,19.46,17.21,33.06,0.315,60679.36,59.96
Latin America and the Caribbean,2024,113019853,28.37,3206373.23,50.39,26.26,67.5,17.02,62.16,20.19,0.61,29022.82,59.55
Northern America,2021,50206625,4.3,215888.49,63.79,44.91,19.9,22.52,63.29,18.61,0.469,6559.43,47.54
Sub-Saharan Africa,2022,162671675,8.82,1434764.17,46.09,33.74,87.05,35.32,64.51,29.23,0.96,14052.4,33.86
Sub-Saharan Africa,2023,234412010,15.21,3565406.67,45.12,24.08,42.55,23.28,36.73,27.52,0.818,5546.61,73.07
Eastern Asia,2023,238337588,5.27,1256039.09,24.71,21.78,91.86,21.34,49.99,24.57,0.151,46743.83,67.13
Europe,2021,151005176,5.84,881870.23,79.1,38.08,94.41,39.07,47.68,3.88,0.526,48066.51,91.89
Eastern Asia,2024,36778537,22.95,844067.42,70.78,49.45,68.83,28.87,11.06,11.58,0.466,28231.41,80.54
Central Asia,2023,151178859,2.33,352246.74,62.4,31.68,12.9,13.58,34.17,20.48,0.42,52931.3,
Sub-Saharan Africa,2022,188078587,16.05,3018661.32,8.39,5.2,16.52,15.99,5.4,9.53,0.519,6290.99,25.92
Europe ,2021,91296470,14.79,1350274.79,58.4,19.85,68.06,38.53,49.81,8.98,0.893,66340.3,71.87
Northern Africa,2023,169959614,24.73,4203101.25,56.22,51.27,94.05,28.05,64.85,32.45,0.69,56148.3,78.61
Europe,2023,214385052,25.07,5374633.25,84.71,61.47,63.69,24.07,31.67,20.75,0.986,30295.37,50.68
Northern America,2022,182530686,29,5293389.89,77.18,68.75,87.04,37.31,15.11,19.54,0.211,46963.44,75.59
Eastern Asia,2021,120871906,16.29,1969003.35,63.1,22.02,46.49,30.05,60.3,18.65,0.388,16048.39,65.53
Oceania,2022,89980706,6.62,595672.27,30.23,6.29,66.57,21.46,27.93,7.87,0.824,68592.28,84.92
Northern Africa,2021,15405029,16.58,255415.38,60.73,31.57,75.76,16.27,20.38,2.37,0.059,,
Sub-Saharan Africa,2020,29459071,-25.6,754152.22,49.79,45.82,42.47,37.35,12.1,25.19,0.794,71280.61,95.8
Latin America and the Caribbean,2022,233993839,28.16,6589266.51,39.02,13.62,21.26,16.13,42.25,11.13,0.871,73321.3,70.29
Northern America,2022,53559856,16.4,878381.64,72.58,31.2,50.91,10.15,31.59,22.04,0.713,65078.62,44.3
Sub Saharan Africa,2022,98719293,20.37,2010912,76.58,31.85,98.36,23.44,40.59,14.83,0.084,35294.77,17.32
Western Asia,2022,135870587,13.41,1822024.57,38.15,8.1,1.25,29.94,52.75,13.57,0.524,4134.43,86.78
Latin America and the Caribbean,2020,41547062,22.51,935224.37,10.81,10.62,11.95,15.48,31.12,30.3,0.386,54930.53,26.82
Western Asia,2022,208813568,28.31,5911512.11,35.77,18.12,54.44,15.88,10.03,3.19,0.619,59703.84,86.05
Northern Africa,2024,21838979,13.63,297665.28,59.85,10.63,59.63,14.82,13.43,19.98,0.29,35293.97,42.63
Latin America and the Caribbean,2020,211737729,4.56,965524.04,8.94,4.71,24.49,32.67,32.48,19.18,0.616,7392.63,27.05
Western Asia,2024,177026325,13.71,2427030.92,,7.43,15.44,21.31,44.46,28.71,0.029,623.62,91.52
Western Asia,2020,146360732,21.44,3137974.09,36.23,6.03,39.71,27.84,64.02,17.05,0.172,43606.5,79.8
Latin America and the Caribbean,2020,11944617,12.36,147635.47,81.82,17.86,24.35,15.9,39.49,15.4,0.296,17060.48,85.55
Sub Saharan Africa,2024,202109090,4.84,978208,48.59,15.82,80.88,17.01,23.93,33.71,0.311,29415.67,45.27
Southern Asia,2022,191093843,3.03,579014.34,50.81,12.47,53.73,13.4,17.68,8.15,0.364,3121.83,78.73
Europe,2021,81409991,29.7,2417876.73,48.14,33.8,49.15,21.82,47.36,32.97,0.242,39036.31,46.35
Central Asia,2023,37988569,5.4,205138.27,70.3,60.39,13.51,16.37,17.26,16.41,0.862,21658.29,49.05
Europe,2023,13929416,15.24,212284.3,83.79,64.67,75.51,22.79,8.48,19.83,0.157,59682.91,30.77
Oceania,2021,171421647,9.29,1592507.1,7.84,4.06,56.45,27.7,62.36,21.69,0.966,41323.55,72.67
Central Asia,2023,144655116,11.99,1734414.84,47.72,3.55,58.86,21.97,26.82,1.06,0.341,6746.13,53.61
Northern Africa,2022,N/A,28.46,4100318.95,79.08,13.76,37.05,31.51,38.69,0.82,0.045,10045.26,97.78
Northern America,2023,160706491,8.42,1353148.65,81.9,24.58,80.92,33.39,40.16,5.67,0.612,9434.4,80.17
South-Eastern Asia,2020,68350766,20.64,1410759.81,21.25,6.3,16.8,10.74,56.48,30.79,0.073,64023.52,43.37
Latin America and the Caribbean,2021,104016533,6.57,683388.62,53.9,52.41,83.07,18.48,69.82,17.67,0.605,1676.25,31.19
Northern America,2020,111023671,9.61,1066937.48,28.02,4.86,73.23,18.92,13.35,32.39,0.368,9976.9,20.01
Latin America and the Caribbean,2024,238418755,22.35,5328659.17,64.25,3.57,80.03,20.34,11.12,16.75,0.461,17808.13,30.15
Europe,2023,154147323,19.3,2975043.33,29.9,6.7,32.06,32,20.84,32.03,0.656,5930.02,47.21
Southern Asia,2024,123982566,21.9,2715218.2,71.25,56.25,87.9,36.17,59.91,23.09,0.217,64284.99,19.6
Western Asia,2021,220195595,9.68,2131493.36,81.82,7.32,44.65,11.23,6.73,26,0.24,62728.1,32.91
Europe,2020,27923062,15.51,433086.69,48.15,10.41,57.11,25.86,31.07,11.47,0.004,,37.26
Europe ,2024,105448872,12.97,1367671.87,32.84,12.2,55.77,14.39,37.14,18.94,0.938,,67.98
Latin America and the Caribbean,2024,71552115,16.66,1192058.24,81.41,81.33,42.49,13.06,62.41,4.8,0.532,41830.3,96.19
Sub-Saharan Africa,2022,185604694,19.02,3530201.28,29.46,17.88,92.56,28.17,8.2,22.52,0.132,28189.13,45.47
Europe,2023,240592489,18.35,4414872.17,150,17.79,22.98,14.44,42.1,21.85,0.424,60876.07,44.17
Sub-Saharan Africa,2022,38296194,3.81,145908.5,40.27,25.81,19.27,31.39,44.79,34.18,0.308,11901.9,83.39
Central Asia,2024,209918809,7.98,1675152.1,28.3,11.71,9.25,25.19,33.85,29.1,0.651,7830.92,16.66
Southern Asia,2020,223651714,27.54,6159368.2,75.94,38.9,89.73,18.25,66.42,21.56,0.116,74282.2,53.07
Western Asia,2020,22191596,25.87,574096.59,72.24,67.84,68.32,28.59,57.39,17.29,0.95,61444.06,17.52
Latin America and the Caribbean,2023,234024293,7.1,1661572.48,10.48,9.46,22.7,19.48,16.71,27.46,0.472,13927.9,53.94
Southern Asia,2023,206478876,16.22,3349087.37,49.74,10.62,6.29,39.7,53.6,4.38,0.172,11490.31,23.46
Central Asia,2023,134666952,13.11,1765483.74,31.99,15.92,53.26,32.86,30.83,6.36,0.7,,84.58
Central Asia,2024,193907113,15.9,3083123.1,47.68,24.68,7.76,30.27,63.48,9.06,0.478,70245.11,84.86
Sub-Saharan Africa,2020,205901647,18.25,3757705.06,5.2,3.25,57.57,29.61,41.26,17.28,0.301,41756.05,57.42
Western Asia,2022,112228334,3.43,384943.19,39.99,29.56,84.4,18.17,25.27,0.36,0.16,60654.58,84.65
Southern Asia,2024,112928127,5.88,664017.39,56.74,46.38,75.99,10.66,67.55,33.82,0.359,71862.89,42.31
Europe,2023,11657191,13.21,153991.49,,8.83,40.94,25.57,55.42,9.45,0.269,60644.46,
Northern Africa,2021,222728701,23.84,5309852.23,65.44,4.46,20.68,17.77,52.94,5.51,0.822,59117.15,18.76
Eastern Asia,2023,17721354,11.1,196707.03,67.32,13.21,82.15,16.31,26.9,20,0.226,35251.88,58.19
Central Asia,2024,68605423,10.24,702519.53,7.16,6.03,22.62,32.55,38.36,22.2,0.092,31700.13,73.56
Northern Africa,2021,114314747,4.24,484694.53,57.89,39.36,7,25.9,43.1,34.4,0.336,7953.04,29.14
Sub-Saharan Africa,2020,170672493,2.64,450575.38,28.04,13.64,91.12,31.41,67.92,3.83,0.919,53747.05,78.7
South-Eastern Asia,2020,57755747,10.3,594884.19,,43.75,19.01,39.44,40.72,2.99,0.82,58811.33,45.47
Northern America,2020,82246899,18.23,1499360.97,58.83,50.58,32.73,32.24,45.64,31.38,0.686,7854.11,43.08
Eastern Asia,2022,69694332,24.26,1690784.49,75.18,53.06,11.21,23.99,42.59,17.24,0.464,46179.66,21.72
Sub-Saharan Africa,2021,85823460,21.42,1838338.51,59.95,50.92,17.85,15.75,62.94,26.72,0.833,50159.22,45.81
Northern America,2024,170406260,23.7,4038628.36,22.5,15.48,74.82,10.17,49.26,27.89,0.438,49382.97,89.63
Central Asia,2021,184999817,20.5,3792496.25,38.4,8.58,0.13,18.75,67.6,10.49,0.544,4242.38,69.06
Eastern Asia,2021,143636672,16.86,2421714.29,62.97,24.06,54.92,28.69,55.11,13.73,0.338,31312.03,18.1
Central Asia,2022,11222670,17.73,198977.94,18.94,16.58,3.67,22.24,27.41,22.61,0.138,32951.94,94.49
Eastern Asia,2023,224261660,16.58,3718258.32,52.79,11.27,68.26,23.76,68.54,29.91,0.082,17880.04,21.45
Latin America and the Caribbean,2023,238801777,10.49,2505030.64,27.31,17.56,54.19,34.86,67.19,17.18,0.344,42687.39,86.59
Northern America,2020,41123049,10.72,440839.09,28.58,15.1,79.13,26.39,6.23,25.36,0.712,54671.29,44.95
South-Eastern Asia,2021,172352499,16.31,2811069.26,69.25,29.07,22.03,34.58,43.78,1.7,0.973,48074.26,27.87
Southern Asia,2020,140370367,9.78,1372822.19,,14.62,41.19,19.79,46.27,13.19,0.598,71570.2,87.11
Northern Africa,2020,207771290,29.97,6226905.56,51.11,13.55,20.98,30.86,12.24,27.63,0.444,44598.78,54.88
Oceania,2021,182850025,25.43,4649876.14,50.68,48.36,6.91,33.21,26.07,21.47,0.71,63983.3,27.08
Central Asia,2021,168481252,20.94,3527997.42,64.26,48.07,90.83,31.37,44.93,32.4,0.382,2154.25,28.47
Oceania,2021,83992792,19.48,1636179.59,73.65,52.48,69.55,36.67,15.9,34.77,0.056,23529.39,80.08
Northern America,2021,31876160,29.11,927915.02,49.71,19.06,4.41,24.71,8.23,6.89,0.844,28993.86,66.4
Northern Africa,2023,107389579,10.85,1165176.93,76.43,38.33,65.09,38.12,62.98,19.7,0.766,39531.88,32.7
Southern Asia,2021,158162441,23.86,3773755.84,37.52,31.63,61.82,25.13,39.99,4.2,0.29,77191.34,19.43
Central Asia,2024,122966056,4.07,500471.85,28.65,27.51,55.85,14.78,12.77,24.37,0.561,57340.28,43
Southern Asia,2024,127888361,4.14,529457.81,9.51,3.21,73.6,23.28,50.91,30.62,0.19,1290.54,78.68
Northern Africa,2023,208695608,18.4,3839999.19,32.61,6.35,29.77,22.4,12.15,0.72,0.379,39051.74,25.78
Europe,2021,77887706,3.4,264818.2,67.86,23.23,13.64,31.34,49.49,31.12,0.008,36860.75,47.62
South-Eastern Asia,2024,34740229,26.04,904635.56,54.71,7.64,54.35,38.93,42.6,25.56,0.903,13445.66,63.4
Latin America and the Caribbean,2024,92662011,19.45,1802276.11,8.81,5.82,49.72,13.66,36.37,24.98,0.745,1981.57,37.02
Central Asia,2021,78889213,15.45,1218838.34,83.54,55.93,63.16,33.34,35.55,27.69,0.644,59027.46,91.22
Sub-Saharan Africa,2023,247169185,4.39,1085072.72,7.58,4.48,59.52,27.49,9.3,23.45,0.701,unknown,64.85
Eastern Asia,2022,154591536,14.99,2317327.12,47.18,28.94,68.55,18.58,53.7,33.37,0.159,39501.51,18.86
Europe ,2023,201638427,25.68,5178074.81,75.87,63.83,23.47,28.64,37.44,1.02,0.781,17579.56,32.52
Central Asia,2021,129581182,7.88,1021099.71,22.64,12.49,47.1,27.73,44.43,1.54,0.396,53333.45,42.05
Northern America,2021,201531443,4.63,933090.58,69.09,66.87,92.06,19.83,37.74,25.41,0.256,32802.54,97.06
Europe,2021,220117117,11.54,2540151.53,34.55,18.27,63.13,29.02,55.59,12.08,0.126,54029.76,26.13
Northern Africa,2022,232145764,3.47,805545.8,59.78,16.24,44.93,12.86,67.06,21.32,0.933,14908.51,22.79
Latin America and the Caribbean,2021,69644843,11.32,788379.62,,24.57,52.6,39.34,17.19,22.69,0.533,22056.13,63.72
Northern America,2023,138792823,28.5,3955595.46,78.72,44.25,17.44,23.55,41.36,7.22,0.15,47134.88,80.42
Central Asia,2023,181197910,17.24,3123851.97,30.37,3.5,46.14,14.72,41.14,21.96,0.085,54951.46,60.98
South-Eastern Asia,2020,109855890,16.47,1809326.51,10.53,4.11,64.3,27.18,57,4.8,0.31,21871.57,16.86
Latin America and the Caribbean,2022,213077723,12.67,2699694.75,51.05,36.98,76.41,28.4,47.71,33.19,0.776,78109.41,29.94
Sub-Saharan Africa,2021,169116039,25.4,4295547.39,18.21,7.35,7.09,37.76,22.05,32.08,0.946,26772.25,93.72
Sub-Saharan Africa,2023,50431434,9.11,459430.36,66.97,22.18,12.76,39.04,66.78,30.43,0.753,,46.7
Northern America,2020,67766257,3.24,219562.67,30.81,9.19,56.5,24.76,39.52,34.96,0.257,41505.78,26
Latin America and the Caribbean,2021,53918876,25.16,1356598.92,150,31.8,83.09,33.99,18.89,31.02,0.488,31501.78,68.64
Western Asia,2021,187153780,12.43,2326321.49,36.81,16.97,96.66,23.99,67.83,34.87,0.956,37193.61,51.74
Sub Saharan Africa,2024,157339620,10.3,1620598.09,77.82,70.89,94.69,12.75,48.79,6.46,0.406,79712.72,88.62
Southern Asia,2023,138169853,-8.17,1128847.7,54.43,29.37,33.61,21.94,61.17,8.04,0.737,44068.58,18.75
Sub Saharan Africa,2024,9620185,20.69,199041.63,9.48,4.36,17.32,34.72,65.49,7.11,0.131,989.78,15.77
Central Asia,2024,162117996,4.82,781408.74,11.7,5.54,6.62,35.88,18.32,29.06,0.409,79579.5,97.24
Europe,2022,190489803,12.15,2314451.11,,47.65,79.11,34.21,56.42,33.27,0.524,34959.11,27.55
Latin America and the Caribbean,2020,217043337,25.64,5564991.16,21.93,3.08,13.51,29.35,7.86,21,0.905,51496.64,62.4
Northern Africa,2020,28825900,16.14,465250.03,17.89,14.56,76.1,17.68,23.67,30.09,0.709,68926.62,71.22
Northern Africa,2023,171549881,21.39,3669451.95,41.09,22.6,12.97,33,43.79,32.12,0.47,35888.96,57.97
South-Eastern Asia,2021,115395711,15.6,1800173.09,64.96,9.39,45.98,19.11,54.39,3.8,0.377,48917.59,65.34
Northern Africa,2024,164144661,13.58,2229084.5,7.66,6.36,68.19,31.57,40.09,18.03,0.283,35784.05,63.14
Sub-Saharan Africa,2023,76404243,11.56,883233.05,68.41,16.15,36.53,26.62,45.74,13.42,0.953,12703.86,97.3
Latin America and the Caribbean,2024,159581240,13.12,2093705.87,55.45,28.65,52.44,32.11,18.79,12.62,0.425,51494.61,96.63
Eastern Asia,2024,217988539,5.73,1249074.33,21.03,15.63,66.23,28.87,54.57,22.09,0.309,2493.21,
Northern Africa,2022,2765040,28.09,77669.97,62.33,54.54,87.9,11.6,35.65,3.81,0.565,19508.21,91.12
Eastern Asia,2024,194943156,18.29,3565510.32,42.74,24.58,84.75,38.55,30.72,26.82,0.171,,52.4
Europe,2021,62223710,18.45,1148027.45,49.54,38.89,59.72,38.32,33.12,11.77,0.851,32678.08,76.39
Eastern Asia,2020,37901517,20.04,759546.4,16.7,5.97,85.23,11.45,48.09,31.17,0.236,65008.66,82.12
Europe,2020,167559389,9.77,1637055.23,55.78,50.54,76.83,19.38,37.81,18.08,0.23,51467.37,33.11
Central Asia,2021,10151488,24.14,245056.92,13.15,5.41,46.31,24.94,47.05,5.96,0.984,29344.26,33.95
Latin America and the Caribbean,2024,228917181,14.75,3376528.42,59.14,16.45,7.28,24.75,46.03,33.58,0.954,32781.21,72.65
Latin America and the Caribbean,2022,85754815,29.58,2536627.43,35.95,33.62,54.22,29.19,13.53,13.83,0.675,75974.12,70.05
Southern Asia,2024,153084643,14.46,2213603.94,82.8,13.43,37.21,13.37,55.19,16.87,0.439,38991.42,94.59
Northern America,2021,134657835,3.25,437637.96,77.52,26.85,82.77,16.79,29.69,3.3,0.478,29264.81,81.2
South-Eastern Asia,2020,75161246,10.88,817754.36,52.27,5.46,92.36,31.15,42.76,15.79,0.974,66756.88,84.91
Sub-Saharan Africa,2020,9242845,20.12,185966.04,19.32,15.45,30.31,22.72,10.14,15.33,0.821,34739.93,22.89
Latin America and the Caribbean,2021,10275004,27.24,279891.11,42.68,14.07,48.76,33.69,12.45,26.04,0.498,76389.38,70.01
Northern Africa,2021,70977592,9.15,649444.97,16.27,8.46,1.89,30.55,15.47,2.59,0.616,66103.94,44.37
Sub-Saharan Africa,2021,112066788,17.11,1917462.74,38.41,30.17,5.23,38.3,67.6,8.88,0.873,38021.72,87.33
Northern America,2023,68879346,12.9,888543.56,76.79,7.68,21.36,14.34,65.58,7.62,0.533,5337.12,81.4
Sub Saharan Africa,2020,47297380,7.87,372230.38,67.94,61.16,46.11,36,47.9,1.26,0.246,65065.87,87.3
Northern America,2022,115558156,27.75,3206738.83,6.61,5.02,94.85,23.65,24.4,0.32,0.544,28951.3,37.15
Western Asia,2024,68914406,11.17,769773.92,61.23,50.52,15.72,33.61,38.52,12.63,0.133,58327.89,53.26
Western Asia,2023,191577420,-6.51,1247169,9.71,9.02,61.33,17.77,65.32,13.05,0.357,,60.36
Western Asia,2021,22644336,9.24,209233.66,7.63,7.54,15.79,39.98,60.1,3.86,0.721,36079.25,15.54
Latin America and the Caribbean,2020,245726469,10.88,2673503.98,76.24,10.69,27.47,14.6,63.7,34.51,0.906,18859,62.88
Europe,2024,92625864,12.25,1134666.83,37.97,32.7,93.25,33.11,21.67,26.63,0.124,44019.9,
Western Asia,2023,120067962,9.09,1091417.77,54.13,39.65,11.64,38.43,34.17,18.75,0.044,21433.52,60.79
Southern Asia,2024,89891567,8.52,765876.15,22.7,20.49,70.92,39.17,21.01,31.2,0.339,34845.54,71.86
Europe,2023,169459953,10.61,1797970.1,37.56,24.63,29.44,13.59,41.86,26.66,0.837,78931.45,16.99
South-Eastern Asia,2022,191026155,27.12,5180629.32,47.04,8.48,39.25,25.18,50.55,29.15,0.586,12295.9,68.53
South-Eastern Asia,2023,17583158,4.77,83871.66,84.75,61.15,3.44,18.78,52.1,21.81,0.231,,55.89
Oceania,2022,240260369,6.09,1463185.65,68.05,50.84,87.63,22.65,11.43,28.35,0.251,78997.56,97.16
Sub-Saharan Africa,2020,81669400,14.35,1171955.89,22.81,3.97,61.47,26.73,43.75,9.44,0.959,63098.55,68.5
Sub-Saharan Africa,2022,55099202,22.82,1257363.79,,8.25,63.96,35.8,51.29,29.97,0.589,13272.21,25.78
Northern Africa,2024,31320776,29.36,919577.98,34.48,24.11,89.51,17.16,56.52,9.61,0.468,58737.71,56.81
Europe,2020,159814561,29.09,4649005.58,17.76,8.65,40.58,34.25,53.52,14.93,0.205,9657.93,83.39
Oceania,2020,2378596,8.09,19242.84,76.55,40.39,52.05,35.8,9.12,17.72,0.599,7059.01,17.77
South-Eastern Asia,2023,233881141,4.18,977623.17,33.26,13.81,99.13,35.03,16.28,17.19,0.29,52796.51,16.4
Europe,2024,32067526,22.73,728894.87,55.27,53,58.35,32.68,7.08,16.41,0.404,36244.36,87.98
Eastern Asia,2024,160860338,14.43,2321214.68,44.23,17.94,56.28,22.88,38.2,5.5,0.222,67048.51,74.27
Southern Asia,2024,39000230,16.75,653253.85,71.51,32.6,17.75,33.87,5.34,12.56,0.614,60812.48,20.66
Europe,2021,110912413,4.83,535706.95,31.12,29.37,17.55,11.08,24.71,29.22,0.11,52079.9,49.24
Northern Africa,2024,224942830,17.51,3938748.95,19.28,17.75,34.55,20.34,60.31,29.56,0.457,25998.21,19.7
South-Eastern Asia,2024,52017462,9.96,518093.92,45.79,38.66,49.74,33.17,14.65,27.88,0.264,10018.03,52.71
Northern Africa,2021,237451047,23.31,5534983.91,81.4,37.83,11.63,22.33,48.75,31.98,0.868,11311.97,64.42
Northern America,2023,218329372,15.93,3477986.9,16.78,15.59,99.48,15.03,37.53,20.13,0.741,63156.94,35.31
Northern Africa,2021,192094605,27.32,5248024.61,21.56,13.72,82.22,36.58,26,3.65,0.231,16097.55,21.2
Northern America,2020,161778132,-5.26,850952.97,28.36,4.6,78.25,21.95,55.99,20.4,0.034,,
South-Eastern Asia,2020,94260275,4.04,380811.51,58.05,23.68,61.95,35.81,43.6,10.92,0.414,24985.8,88.6
South-Eastern Asia,2021,7617717,23.36,177949.87,64.08,8.71,99.69,36.73,25.31,3.13,0.19,77472.97,29.72
Southern Asia,2024,51460564,19.88,1023036.01,13.99,11.37,37.91,39.48,49.17,10.78,0.066,28187.83,25.44
Southern Asia,2024,212471479,11.22,2383929.99,8.54,7.18,27.95,23.93,56.76,17.82,0.585,32501.68,74.08
Europe,2022,147208721,4.68,688936.81,67.25,4.28,80.68,35.46,35.97,25.01,0.943,33503.07,23.48
Northern Africa,2023,223900707,6.1,1365794.31,18.29,16.25,33.62,38.44,36.17,10.04,0.286,51441.7,71.1
South-Eastern Asia,2024,119076091,29.97,3568710.45,19.45,9.8,64.44,14.01,20.1,5.36,0.958,18012.93,51.71
Central Asia,2020,182251896,5.63,1026078.17,25.55,15.43,22.21,20.32,12.75,13.08,0.752,54328.31,78.02
Latin America and the Caribbean,2021,121948430,3.45,420722.08,150,44.98,46.77,10.8,51.43,33.36,0.421,56789.76,88.52
Northern Africa,2021,188012608,21.02,3952025.02,11.12,10.78,43.86,18.24,13.77,27.97,0.025,9804.25,57.05
Europe,2020,62462291,23.26,1452872.89,53.35,10.46,51.1,36.02,68.06,22.82,0.742,2331.66,29.17
Sub-Saharan Africa,2020,137388149,9.54,1310682.94,22.27,5.43,87.79,28.77,68.4,17.51,0.149,24424.27,
Sub Saharan Africa,2022,218074506,17.28,3768327.46,21.65,21.05,1.09,23.66,13.35,26.06,0.605,4597.62,54.23
Northern Africa,2020,56033827,19.25,1078651.17,17.67,3.75,10.4,15.8,31.12,23.54,0.575,38980.31,86.56
Northern America,2022,143014210,14.18,2027941.5,,37.82,23.42,27.64,63.89,28.7,0.233,46351.18,43.15
Sub-Saharan Africa,2024,229836721,28.32,6508975.94,67.3,4.8,3.02,30.86,7.2,20.57,0.912,7747.68,76.4
Latin America and the Caribbean,2021,58639785,13.11,768767.58,80.95,20.68,40.79,14.09,23.58,2.5,0.242,,52.78
Northern America,2020,134422810,25.39,3412995.15,150,31.69,66.05,21.42,65.68,34.38,0.963,50478.73,20.11
Central Asia,2023,37581278,8.06,302905.1,79.54,16.49,13.33,21.04,11.15,1.73,0.494,59231.25,48.38
Eastern Asia,2022,131290247,16.81,2206989.05,150,30.67,1.28,23.03,56.51,9.52,0.975,2836.91,65.77
Western Asia,2024,235651805,23.58,5556669.56,66.34,27.52,47.15,32.81,67.45,9.38,0.248,69749.78,39.04
Sub-Saharan Africa,2023,124504574,18.43,2294619.3,71.06,23.68,9.6,30.74,20.64,16.85,0.072,69023.87,26.44
Northern Africa,2021,65449899,17.03,1114611.78,46.86,36.69,28.51,36.03,37.81,34.81,0.368,30159.47,78
Sub-Saharan Africa,2020,55099930,26.25,1446373.16,44.28,25.95,18.76,34.41,53.41,6.4,0.272,46486.59,74.51
Latin America and the Caribbean,2020,160637573,4.12,661826.8,20.13,6.99,84.79,31.46,38.76,28.15,0.675,36676.52,74.02
Sub-Saharan Africa,2021,76873997,27.56,2118647.36,68.4,23.57,40.75,21.24,5.85,31.83,0.113,,56.57
Southern Asia,2021,1824639,19.96,36419.79,69.93,44.19,59.51,16.56,56.39,2.79,0.145,59840.33,72.53
Northern America,2020,192766423,19.95,3845690.14,46.78,8.93,67.08,35.28,12.61,2.69,0.897,79948.53,54.95
Sub Saharan Africa,2024,72535796,10.89,789914.82,66.39,44.01,28.24,28.53,38.48,32.85,0.737,42675.49,
Northern Africa,2021,145405583,3.79,551087.16,74.7,4.13,77.28,23.27,60.11,26.87,0.206,51747.39,77.06
Northern America,2020,203945121,19.36,3948377.54,49.39,3.67,16.9,28.05,26.06,18.45,0.227,1357.62,75.24
Central Asia,2020,111260838,24.24,2696962.71,56.7,13.08,82.01,14.84,30.74,28.93,0.905,69427.48,87.83
Oceania,2020,23588733,19.73,465405.7,72.81,49.96,26.77,22.13,35.66,0.63,0.179,26292.36,68.92
Central Asia,2021,118666402,11.56,1371783.61,15.88,11.82,14.7,24.96,10.09,0.73,0.554,21515.52,48.89
Central Asia,2023,210316668,8.44,1775072.68,59.55,47.07,22.82,22.08,61.31,3.73,0.488,32864.66,49.96
Southern Asia,2020,75933490,8.88,674289.39,20.45,9.5,24.02,33.76,19.45,3.42,0.513,31586.55,85.19
Northern America,2023,69473331,13.72,953174.1,150,27.96,22.69,24.23,44.08,23.68,0.105,,27.22
Northern Africa,2023,84284048,5.32,448391.14,35.15,18.44,98.15,20.05,36.43,12.22,0.754,,86.82
Oceania,2024,123841167,12.15,1504670.18,47.62,33.05,41.62,17.02,49.12,27.69,0.209,49977.54,73.49
South-Eastern Asia,2022,44470250,2.87,127629.62,70.41,47.95,95.73,21.18,45.27,2.63,0.368,33056.58,60.89
South-Eastern Asia,2020,242959026,20.45,4968512.08,82.53,9.73,99.41,37.38,16.86,20.97,0.618,,19.39
Sub Saharan Africa,2021,92314969,3.11,287099.55,73.41,60.86,67.92,25.72,44.22,13.32,0.703,40649.88,22.95
Western Asia,2020,71134587,14.41,1025049.4,5.93,5.77,57.26,19.63,13.43,11.89,0.094,13981.84,41.67
Oceania,2022,93518910,15.87,1484145.1,64.03,47.78,72.73,37.82,40.9,26.8,0.281,unknown,35.31
Latin America and the Caribbean,2024,144908324,25.35,3673426.01,84.43,53.6,90.04,15.23,26.35,32.33,0.93,35458.88,50.14
Northern Africa,2020,38024455,3.88,147534.89,11.68,8.03,29.76,35.17,16.15,8.95,0.299,55443.18,89.29
South-Eastern Asia,2023,65743801,23.88,1569961.97,9.78,4.67,49.11,22.52,16.54,12.42,0.822,5628.62,37.76
Sub-Saharan Africa,2022,188062578,19.51,3669100.9,59.92,37.77,60.1,38.48,60.27,26.16,0.022,51102.18,56.1
Central Asia,2022,134051910,21.99,2947801.5,20.52,8.36,81.62,37.79,31.85,5.8,0.868,20236.74,40.42
Northern America,2024,46293850,29.2,1351780.42,65.01,55.49,49.1,21.79,6.33,11.95,0.717,12363.4,22.05
Central Asia,2022,174638997,12.5,2182987.46,64.81,62.22,25.78,13.86,33.04,16.86,0.9,68581.54,47.62
Western Asia,2020,232611020,17.54,4079997.29,,10.34,10.46,15.69,32.08,10.12,0.953,17262.57,68.24
Northern Africa,2020,60220304,25.78,1552479.44,30.18,10.47,27.76,21.94,23.48,14.19,0.039,,
South-Eastern Asia,2021,43632795,19.09,832950.06,83.18,57.35,47.28,21.18,13.54,32.1,0.054,10282.71,77.72
Oceania,2023,129257659,21.68,2802306.05,20.04,19.26,53.55,11.31,23.72,10.28,0.772,51699.47,76.42
Oceania,2020,34272792,5.43,186101.26,79.5,19.57,82.13,13.45,11.39,7.09,0.472,22722.31,89.15
Sub Saharan Africa,2023,25156801,28.81,724767.44,43.01,23.28,10.23,19.63,23.6,20.51,0.395,1488.09,22.53
South-Eastern Asia,2023,141433155,23.07,3262862.89,82.9,19.09,98.63,16.61,48.04,12.51,0.425,5361.23,15.36
Sub-Saharan Africa,2021,169522661,20.59,3490471.59,60.07,40.23,17.82,32.62,53.62,15.68,0.133,31433.19,36.82
Western Asia,2024,239769186,11.92,2858048.7,61.38,23.95,2.04,34.86,19.11,10.53,0.427,,20.27
Eastern Asia,2022,202002922,5.16,1042335.08,20.55,7.88,76.9,36.47,68.25,32.86,0.336,17465.71,92.59
Eastern Asia,2020,209173945,10.71,2240252.95,68.83,38.52,73.3,27.85,9.63,2.1,0.611,22016.37,95.86
Europe,2024,119589095,28.54,3413072.77,26.34,20.67,21.65,11.65,58.73,30.44,0.061,62178.95,83.19
Western Asia,2023,144711788,24.61,3561357.1,9.99,4.1,93.43,20.35,10.89,33.73,0.21,66730.06,95.65
Sub-Saharan Africa,2022,49485947,19.4,960027.37,80.77,71.71,77.03,38.99,19.26,6.82,0.612,3068.11,
Eastern Asia,2022,172803661,-8.71,1505119.89,80.72,44.57,43.64,37.07,16.5,14.8,0.1,38480.16,76.35
South-Eastern Asia,2023,171085420,10.66,1823770.58,73.92,34.84,93.87,39.99,26.14,15.39,0.826,61305.87,92.35
Sub-Saharan Africa,2022,213975087,24.89,5325839.92,62.76,40.51,37.02,26.9,5.22,9.78,0.027,43278.74,38.71
Central Asia,2023,204959181,19.69,4035646.27,66.15,36.83,82.05,20.81,67.52,2.46,0.898,19044.86,95.06
Northern America,2022,177084829,16.08,2847524.05,28.86,19.82,41.79,37,29.35,1.16,0.227,35042.71,31.13
Europe,2023,118324615,13.21,1563068.16,23.43,10.24,10.42,25.79,34.9,14.01,0.675,,33.72
Western Asia,2020,185395161,17.35,3216606.04,28.3,22.43,19.48,28.16,14.75,14.81,0.927,18487.43,97.62
Western Asia,2024,111193765,20.05,2229434.99,84.72,3.27,39.84,18.49,14.61,7.73,0.646,63525.57,78.82
Sub-Saharan Africa,2020,42460612,3.85,163473.36,6.46,3.64,10.83,27.18,40.15,34.16,0.113,1927.44,24.37
Central Asia,2024,21563518,19.09,411647.56,73.09,58.22,74.34,23.04,24.63,5.26,0.205,3979.45,50.36
Northern Africa,2021,50163317,3.06,153499.75,83.07,7.89,45.76,31.95,39.96,1.35,0.945,46460.12,23.73
Sub Saharan Africa,2023,156140586,3.45,538685.02,50.04,13.97,1.24,18.8,21.58,33.84,0.979,21355.95,61.68
Northern Africa,2023,123503668,19.5,2408321.53,10.43,3.17,4.23,27.4,32.49,22.15,0.314,25475.94,77.01
Southern Asia,2024,181621247,10.29,1868882.63,14.07,4.78,20.63,13.5,65.53,16.54,0.908,4728.23,64.36
South-Eastern Asia,2020,106633965,20.67,2204124.06,79.78,60.19,48.45,14.33,34.88,29.99,0.763,53519.99,68.26
South-Eastern Asia,2021,190649981,19,3622349.64,84.6,78.22,68.43,22.64,23.71,8.78,0.926,75455.33,46.6
Northern Africa,2022,9737038,11.57,112657.53,76.17,75.14,64.14,16.33,34.41,24.68,0.358,70407.9,27.51
Europe ,2024,33647321,27.4,921936.6,84.18,61.64,3.83,14.56,31.09,12.4,0.835,unknown,29.2
Europe,2020,28032577,11.94,334708.97,50.82,32.93,51.3,31.22,25.11,26.7,0.37,,72.14
Latin America and the Caribbean,2023,84786851,14.54,1232800.81,64.94,11.31,1.76,14.17,67.28,11.96,0.515,69905.53,69.65
South-Eastern Asia,2024,96211059,22.09,2125302.29,31.05,24.6,14.63,13.36,50.32,26.35,0.908,60908.3,15.48
Oceania,2024,197274906,2.32,457677.78,,37.49,52.23,14.75,32.13,15.2,0.311,9834.27,38.36
Europe ,2021,229600277,8.61,1976858.38,12.99,10.67,82.82,26.14,43.15,10.21,0.562,76010.45,57.42
Europe,2024,45394089,23.25,1055412.57,65.2,33.33,30.57,20.84,62.17,3.61,0.18,1652.68,67.75
South-Eastern Asia,2024,7775014,24.09,187300.09,44.83,30.1,69.23,39.1,25.83,28.96,0.84,unknown,40.9
Northern Africa,2024,219332099,4.35,954094.63,40.37,34.24,77.2,39.07,52,9.1,0.358,78926.95,32.33
Latin America and the Caribbean,2022,123381321,12.99,1602723.36,48.52,31.51,65.08,17.16,8.21,24.39,0.442,72082.96,38.35
Oceania,2020,119873262,10.66,1277848.97,40.01,19.8,16.09,10.51,33.18,26.28,0.316,13469.42,56.87
Western Asia,2021,84842684,18.18,1542440,8.77,8.75,43.83,38.79,53.83,30.52,0.578,61414.91,30.54
Southern Asia,2021,136303213,22.49,3065459.26,65.96,53.57,63.45,10.44,15.26,16.52,0.858,79812.85,76.97
Northern Africa,2022,249487020,14.45,3605087.44,78.76,77.88,84.52,29.99,55.07,16.71,0.512,5063.79,61.93
Oceania,2023,48939217,26.2,1282207.49,150,19.34,17.8,20.37,9.61,33.89,0.534,19409.1,26.96
Europe,2020,147659915,19.02,2808491.58,64.75,57.52,95.12,37.82,39.3,33.47,0.976,62338.72,61.61
Central Asia,2024,113681450,23.68,2691976.74,37.81,31.9,23.75,12.42,36.52,20.98,0.241,39057.23,18.32
Western Asia,2024,181623505,12.07,2192195.71,63.89,36.95,66.2,32.77,36.96,18.19,0.355,71681.2,53.65
Oceania,2020,232873190,16.17,3765559.48,23.26,20.09,41.85,13.89,50.14,4.22,0.703,79598.72,47.96
South-Eastern Asia,2020,221650949,11.53,2555635.44,30.33,13.23,7.25,21.33,23.53,6.06,0.92,,68.37
Eastern Asia,2024,197378480,25.29,4991701.76,73.86,46.92,62.39,32.87,29.34,17.93,0.253,34686.48,77.06
Europe ,2023,40869105,10.87,444247.17,55.58,29.67,19.93,28.83,52.74,0.67,0.087,20588.81,
Sub-Saharan Africa,2021,38956343,7.97,310482.05,34.14,28,7.38,23.96,27.23,12.68,0.214,,31.37
Oceania,2021,70439160,11.48,808641.56,47.32,17.98,58.88,30.85,40.27,3.17,0.225,58120.35,76.99
Oceania,2021,149772321,22.2,3324945.53,73.79,30.52,94.02,20.93,18.54,24.39,0.924,5374.26,24.69
Eastern Asia,2020,242112210,6.1,1476884.48,38.88,34.74,74.55,20.82,30.54,13.83,0.697,69559.43,
Southern Asia,2022,95157962,20.77,1976430.87,28.07,17.21,44.36,12.48,33.61,8.69,0.211,2154.64,80.88
Sub-Saharan Africa,2024,47757072,26.63,1271770.83,,15.91,25.35,24.86,23.96,8.7,0.834,7502.53,49.08
Sub-Saharan Africa,2023,234494689,12.4,2907734.14,52.04,22,83.67,14.79,30.92,14.82,0.423,58210.42,43.06
Western Asia,2021,14054521,19.32,271533.35,28.33,6.16,58.11,31.38,32.89,10.31,0.13,6889.32,59.65
Western Asia,2022,148196777,15.59,2310387.75,7.24,5.31,31.53,38.49,30.21,4,0.409,33222.39,37.5
Europe,2023,243454796,17.74,4318888.08,55.28,36.98,43.23,28.89,45.98,15.79,0.739,18290.45,23.5
Southern Asia,2022,116958495,7.9,923972.11,31.97,17.68,79.28,13.38,61.81,14.13,0.354,66819.22,75.74
Northern Africa,2023,132757698,10.21,1355456.1,36.31,27.79,24.54,13.32,37.4,14.53,0.775,63508.77,61.92
Europe,2024,40251488,-6.72,270490,43.34,29.71,37.55,23.36,27.76,8.75,0.389,50101.89,32.23
South-Eastern Asia,2022,167916597,13.38,2246724.07,47.95,18.96,95.09,15.52,20.49,19.02,0.071,42808.6,49.65
Western Asia,2020,249482576,12.45,3106058.07,28.04,15.56,87.84,11.34,7.49,5.52,0.455,29775.22,26.82
South-Eastern Asia,2021,221778467,5.45,1208692.65,70.21,49.41,83.8,17.54,69.21,21.89,0.324,48994.86,31.73
Southern Asia,2023,33813589,13.89,469670.75,63.26,31.27,49.07,35.48,63.76,34.45,0.544,50300.91,96.78
Central Asia,2021,101814441,26.4,2687901.24,39.96,14.55,12.13,31.69,11.96,19.96,0.285,38619.58,66.26
Latin America and the Caribbean,2021,125504540,7.62,956344.59,67.73,30.47,23.61,19.29,57.05,19.31,0.086,61647.54,24.2
Sub Saharan Africa,2021,188301935,23.2,4368604.89,56.41,5.22,10.09,36.15,41.6,28.49,0.583,,64.86
Central Asia,2020,221227911,15.45,3417971.22,20.88,4.79,47.15,22.07,56.67,0.96,0.76,2600.98,85.38
Latin America and the Caribbean,2023,121227385,23.05,2794291.22,47.38,24.77,8.97,23.72,29.92,2.21,0.487,49039.6,77.29
Eastern Asia,2024,188840171,29,5476364.96,28.9,20.06,26.07,29.07,44.89,3,0.744,7789.12,93.2
Northern America,2021,132352561,28.33,3749548.05,68.33,41.45,44.99,14.68,60.04,1.74,0.322,66956.98,36.05
Northern Africa,2024,236118024,28.42,6710474.24,19.43,10.69,86.17,11.79,44.94,13.47,0.514,65463.08,84.75
Central Asia,2020,3778691,18.47,69792.42,65.18,11.95,21.07,37.4,22.82,2.08,0.654,35850.37,91.99
Latin America and the Caribbean,2021,34430850,9.32,320895.52,73.74,6.17,15.96,29.56,67.29,14.05,0.244,66443.42,97.06
Western Asia,2022,112081649,11.03,1236260.59,27.14,5.32,13.23,34.8,31.98,22.74,0.541,unknown,21.78
Western Asia,2024,185449327,9.08,1683879.89,48.31,27.67,15.55,30.94,23.07,26.94,0.72,21194.4,
Sub Saharan Africa,2021,199242917,11.32,2255429.82,25.7,5.27,83.23,32.03,66.36,21.55,0.011,19376.33,16.66
South-Eastern Asia,2022,80763619,2.7,218061.77,53.52,11.65,65.96,12.25,19.82,24.22,0.428,65402.23,
Eastern Asia,2024,182115732,11.72,2134396.38,,68.24,24.12,28.52,57.87,25.13,0.559,54325.73,62.56
South-Eastern Asia,2020,116492595,18.02,2099196.56,69.44,67.87,39.08,22.88,56.84,28.34,0.851,16961.87,18.92
Oceania,2020,183733996,8.32,1528666.85,84.97,76.04,58.91,28.72,15.4,5.9,0.724,28806.88,84.65
Latin America and the Caribbean,2024,157872418,19.08,3012205.74,59.97,57.3,57.75,29.43,14.25,22.12,0.536,25276.6,67.84
Latin America and the Caribbean,2022,49672471,20.61,1023749.63,38.65,18.98,78.57,26.88,45.3,12.26,0.559,15187.34,23.8
Eastern Asia,2022,128004257,16.77,2146631.39,52.78,36.02,64.75,30.7,11.67,10.53,0.303,73561.21,69.55
Sub-Saharan Africa,2023,210177819,20.2,4245591.94,11.78,3.15,38.29,31.35,62.61,7.05,0.885,55738.9,59.68
Southern Asia,2021,245198029,16.29,3994275.89,19.4,8.54,10.07,14.04,46.21,19.75,0.36,50981.54,72.38
Southern Asia,2024,99881764,10.95,1093705.32,,3.66,77.88,22.31,10.9,25.69,0.398,6824.08,15.31
Oceania,2023,106126116,12.48,1324453.93,82.6,9.23,86.41,12.66,19.48,12.29,0.872,72407.36,38.64
Northern Africa,2020,30099597,19.38,583330.19,80.34,25.6,81.59,27.27,9.99,3.16,0.751,9939.48,92.17
Northern Africa,2024,217700438,4.01,872978.76,21.44,20.15,91.81,36.38,14.29,6.83,0.589,8828.97,40.59
South-Eastern Asia,2022,43752833,-4.39,192074.94,83.27,35.85,45.2,33.57,13.01,15.44,0.561,65543.45,62.92
Sub-Saharan Africa,2023,232269399,17.65,4099554.89,40.68,16.01,3.24,12.84,8.43,30.86,0.322,27614.52,25.8
Europe,2020,61886370,11.59,717263.03,54.81,38.57,42.03,35.62,63.67,20.72,0.531,77081.32,61.44
Oceania,2021,106276226,11.87,1261498.8,70.68,32.79,57.7,17.46,44,21.36,0.208,42658.14,34.88
South-Eastern Asia,2020,6844740,25.6,175225.34,80.58,18.02,11.31,10.1,64.9,24.57,0.811,69195.4,58.17
Europe ,2020,33448442,27.24,911135.56,76.91,5.53,88.06,38.63,46.55,17.04,0.778,55700.54,45.16
Eastern Asia,2024,174784107,23.58,4121409.24,43.93,3.97,16.11,25.42,19.86,29.5,0.76,54773.22,20.2
South-Eastern Asia,2022,131410624,14.86,1952761.87,38.05,36.38,77.47,22.19,20.85,23.6,0.496,27325.62,35.85
Southern Asia,2022,121809816,9.53,1160847.55,,54.13,5.24,29.37,51.36,25.47,0.782,23615.65,60.97
Latin America and the Caribbean,2023,191895984,20.97,4024058.78,22.3,18.91,29.14,29.95,7.13,10.97,0.844,50075.44,42.49
Northern America,2024,109238738,27.26,2977848,66.26,23.33,62.3,24.81,26.36,7.54,0.717,45764.7,51.14
Northern America,2024,222223778,3.04,675560.29,47.29,8.95,9.9,17.29,57.29,16.93,0.335,29778.51,48.21
Central Asia,2023,224786833,27.38,6154663.49,,26.19,55.68,34.34,18.17,6.89,0.048,24210.38,83.64
Oceania,2021,169880706,7.66,1301286.21,40.77,18.1,90.77,17.1,57.8,33.06,0.234,78770.5,
Northern Africa,2024,237776653,10.4,2472877.19,14.78,14.39,51.52,30.26,57.5,9.65,0.207,863.98,31.74
Eastern Asia,2024,210654626,20.93,4409001.32,52.59,30.26,13.94,11.03,40.82,14.81,0.027,7041.56,33.68
Eastern Asia,2022,157252640,16.39,2577370.77,9.48,7.87,53.26,28.17,30.4,33.09,0.46,31664.15,56.02
Latin America and the Caribbean,2022,133873905,28.08,3759179.25,,6.3,75.29,29.48,39.17,29.05,0.521,41657.24,44.6
South-Eastern Asia,2021,5263832,29.98,157809.68,36.7,26.23,16.6,30.26,41.66,11.97,0.533,9085.92,83.09
South-Eastern Asia,2022,214400031,18.01,3861344.56,35.59,6.65,66.46,15.29,30.01,0.98,0.326,29003.56,82.01
Central Asia,2021,165113023,11.16,1842661.34,33.63,28.5,96.68,31.76,63.56,5.15,0.781,33579.13,26.84
South-Eastern Asia,2020,19257324,-16.5,317745.85,84.01,24.72,70.07,22.25,49.1,10.32,0.984,64106.1,30.54
Latin America and the Caribbean,2020,36427506,3.69,134417.5,69.23,41.67,32.48,13.77,33.07,1.4,0.97,44964.27,84.37
Latin America and the Caribbean,2020,142321988,19.62,2792357.4,65.66,22.17,33.9,30.83,61.86,10.7,0.979,40350.33,91.83
South-Eastern Asia,2021,206710416,11.46,2368901.37,60.02,30.35,72.28,11.65,18.45,9.54,0.912,unknown,55.7
Central Asia,2020,7140196,21.04,150229.72,23.52,9.79,36.93,36.87,55.83,14.83,0.727,43132.72,
Central Asia,2021,107750151,11.18,1204646.69,27.82,13.7,90.34,39.1,32.63,11.38,0.949,67581.18,31.21
Oceania,2020,181444027,5.66,1026973.19,38.64,38.12,7.15,27.16,19.17,17.85,0.856,24176.96,76.71
Latin America and the Caribbean,2024,134376260,5.08,682631.4,14.54,4.54,84.24,11.34,43.33,14.82,0.763,32149.37,42.44
Latin America and the Caribbean,2021,44382924,29.03,1288436.28,32.55,11.45,24.94,33.81,49.43,24.43,0.997,58051.3,66.3
Europe ,2021,94364380,7.27,686029.04,60.49,4.92,38.27,16.44,31.53,11.32,0.287,12697.1,86.16
Sub-Saharan Africa,2021,200639761,17.67,3545304.58,,47.79,88.63,34.58,65.77,4.67,0.907,23661.34,79.57
Sub Saharan Africa,2022,13843037,10.03,138845.66,13.57,3.03,78.4,28.1,55.97,18.45,0.596,57459.95,32.59
Southern Asia,2022,160966501,2.52,405635.58,69.7,21.9,98.44,34.07,40.21,6.45,0.793,31913.16,64.44
South-Eastern Asia,2022,71740761,24.91,1787062.36,69.74,48.93,21.37,17.31,22.97,13.09,0.353,17893.77,78.26
Central Asia,2024,207470028,12.25,2541507.84,26.27,15.7,32.85,15.43,13.17,24.66,0.994,33780.14,56.85
Eastern Asia,2024,73645207,24.47,1802098.22,67.79,12.69,47.59,38.81,29.54,2.68,0.946,57370.26,70.2
Latin America and the Caribbean,2022,75758687,16.31,1235624.18,26.12,14.48,26.98,21.16,20.76,25.13,0.897,27466.95,49.32
Latin America and the Caribbean,2020,157073075,2.28,358126.61,24.28,24.05,36.43,26.27,69.1,19.53,0.782,49089.17,72
Oceania,2023,214634895,5.78,1240589.69,71.65,27.65,7.33,32.19,35.53,7.78,0.164,14308.98,90.78
Northern America,2023,211309638,21.29,4498782.19,54.31,9.09,49.58,13.48,68.3,25.47,0.166,40639.85,79.72
Northern Africa,2020,59841369,21.59,1291975.16,31.76,24.71,55.65,23.22,53.51,21.56,0.178,57029.02,
Northern America,2020,84110450,16.7,1404644.51,6.56,4.51,33.12,35.95,65.14,32.47,0.9,62399.73,
Central Asia,2020,107577976,27.52,2960545.9,38.87,11.65,52.4,38.62,47.76,2.37,0.699,39278.03,52.37
Europe,2024,N/A,14.05,2183313.13,75.73,13.22,77.36,38.37,7.4,10.61,0.151,27979,76.44
South-Eastern Asia,2022,173180482,25.75,4459397.41,80.89,77.99,58.82,15.01,54.63,23.06,0.838,1452.89,27.72
Oceania,2024,10853477,3.72,40374.93,57.02,43.74,19.75,30.15,61.63,30.15,0.286,76323.69,32.68
Northern America,2021,117215856,24.77,2903436.75,20.8,5.01,8.65,25.66,17.69,32.49,0.885,75647.05,38.54
Northern Africa,2021,196481838,8.06,1583643.61,33.51,23.99,69.8,17.57,21.82,7.47,0.175,55615.21,70.77
Europe,2024,130904903,16.17,2116732.28,46.88,19.07,66.73,26.46,41.4,11.77,0.335,17952.75,81.4
Latin America and the Caribbean,2022,88815969,14.77,1311811.86,52.95,7.2,79.47,24.16,22.13,16.39,0.702,63738.1,47.8
Europe,2024,157214604,27.44,4313968.73,47.04,4.78,18.55,10.42,21.21,21.05,0.815,26143,51.42
Central Asia,2023,15364763,15.38,236310.05,83.93,76.36,34.03,25.39,44.78,10.72,0.12,31957.9,15.38
Oceania,2020,126403466,16.55,2091977.36,8.49,6.46,31.56,27.83,32.8,16.29,0.953,26848.86,26.81
Central Asia,2023,14280587,-10.38,148232.49,73.3,72,55.37,14.46,54.78,22.89,0.857,64889.36,80.61
Northern Africa,2021,170288353,29.14,4962202.61,60.29,46.04,15.31,33.87,49.43,14.21,0.76,5635.15,69.93
Latin America and the Caribbean,2021,226856614,29.49,6690001.55,5.97,4.41,56.65,30.39,48.55,21.93,0.021,52733.08,72.39
South-Eastern Asia,2021,182764848,12.2,2229731.15,34.86,17.88,60.92,20.02,69.71,32.9,0.102,57687.03,27.61
Northern America,2021,151862974,9.09,1380434.43,52.75,36.81,82.73,34.3,42.26,34.63,0.069,6229.41,30.49
Northern Africa,2024,143337753,-4.28,613485.58,75.99,67.22,17.42,14.66,5.64,9.39,0.004,33225.46,35.49
Western Asia,2021,179018906,12.93,2314714.45,80.76,77.24,66.98,34.84,16.46,30.48,0.593,61345.4,35.62
Northern America,2022,234329117,17.84,4180431.45,43.42,11.2,69.24,31.84,38.22,7.3,0.853,40056.63,80.27
Northern Africa,2023,83493726,23.89,1994665.11,,54.33,24.38,31.55,40.84,8.01,0.061,72829.26,
Central Asia,2021,115443949,22.1,2551311.27,68.09,29.44,2.99,18.77,6.65,23.35,0.205,1897.57,44.66
Europe,2022,64611372,24.37,1574579.14,12.6,12.42,79.48,33.61,47.3,23.8,0.074,44064.36,28.66
Northern America,2022,222616600,29.54,6576094.36,81.94,61.99,75.69,17.67,61.48,19.1,0.538,75916.95,33.7
Northern America,2022,104855449,27.05,2836339.9,,19.7,66.6,29.18,43.75,16.65,0.511,28844.59,54.84
Oceania,2020,40071041,21.48,860725.96,12.31,6.58,3.83,15.03,22.25,9.81,0.32,unknown,61.23
Southern Asia,2022,125336455,8.26,1035279.12,37.78,11.48,57.52,23.03,33.38,4.27,0.141,46622.27,27.18
Latin America and the Caribbean,2020,15364660,24.99,383962.85,48.52,22.35,35.24,15.24,28.34,0.07,0.818,27084.31,55.58
Latin America and the Caribbean,2023,166070995,18.36,3049063.47,33.96,7.31,43.44,15.68,27.44,9.64,0.028,71385.91,
Sub Saharan Africa,2021,8661361,13.66,118314.19,13.34,9.2,39.37,31.25,51.82,8.44,0.284,14035.81,55.06
Northern America,2023,161349422,4.47,721231.92,65.46,38.43,38.61,23.39,45.98,15.76,0.054,9821.2,16.47
Central Asia,2024,239827269,13.93,3340793.86,20.74,15.15,16.58,14.93,53.39,26.7,0.943,24477.63,28.14
South-Eastern Asia,2020,202233621,21.79,4406670.6,58.05,22.09,62.9,24.03,54.99,7.53,0.948,66438.51,33.89
Latin America and the Caribbean,2024,214961854,28.43,6111365.51,49.9,11.17,32.46,13.73,28.54,14.97,0.527,48942.92,76.54
Sub Saharan Africa,2020,110213529,26.16,2883185.92,62.78,57.07,12.29,16.84,37.96,19.21,0.988,62393.51,51.3
Eastern Asia,2024,193984837,21.76,4221110.05,78.28,33.96,83.66,19.6,6.41,27.67,0.325,50811.46,18.48
Oceania,2021,173517136,20.38,3536279.23,19.91,11.12,17.07,27.25,35.98,10.54,0.908,23435.24,43.21
Latin America and the Caribbean,2020,116431688,18.18,2116728.09,18.48,4.62,56.26,20.29,62.97,5.83,0.774,48812.61,47.02
Latin America and the Caribbean,2021,77025098,15.07,1160768.23,30.59,13.09,99.67,21.1,38.16,21.67,0.894,38770.42,97.43
Oceania,2022,25863344,21.2,548302.89,5.2,4.58,90.91,35.23,26.27,1.7,0.259,12985.25,16.67
South-Eastern Asia,2023,229427671,7.34,1683999.11,49.76,25.78,28.96,39.33,53.32,23.15,0.601,54290.4,93.92
Western Asia,2020,11816706,16.31,192730.47,81.77,52.67,45.52,12.61,45,9.82,0.562,62689.46,31.57
Sub-Saharan Africa,2023,82572347,17.31,1429327.33,84.95,29.43,8.31,10.76,28.74,27.64,0.522,72416.44,47.06
Oceania,2020,164497388,26.79,4406885.02,76.51,49.58,91.16,18.01,12.29,10.18,0.153,33396.06,28.32
Latin America and the Caribbean,2024,96818893,9.76,944952.4,25.6,18.61,25.47,32.37,57.28,3.77,0.964,79290.38,68.67
Sub Saharan Africa,2022,98503808,7.13,702332.15,10.82,5.89,47.73,17.42,46.7,21.77,0.004,23483.93,85.29
Sub-Saharan Africa,2023,234688816,11.57,2715349.6,32.83,18.24,24.22,23.95,43.54,8.62,0.93,69169.89,54.67
Northern America,2024,193052090,13.78,2660257.8,18.71,17.04,76.44,18.89,37.51,3.18,0.706,45849.58,37.96
Oceania,2023,189316912,23.45,4439481.59,12.83,4.27,72.27,24.52,49.95,31.11,0.323,4653.1,46.65
Northern Africa,2024,88318995,4.03,355925.55,62.1,30.63,53.11,28.68,5.59,14.24,0.815,67309.29,31.87
Eastern Asia,2021,108196753,7.94,859082.22,48.38,28.03,61.67,36.05,9.09,13.25,0.451,61145.88,28.1
Central Asia,2021,131731643,26.16,3446099.78,27.89,7.54,86.7,37.43,43.31,21.15,0.701,11175.13,22.94
Europe,2023,217383528,23.37,5080253.05,20.48,9,82.32,36.01,65.41,9.62,0.046,76013.16,55.91
Latin America and the Caribbean,2023,229581902,16.2,3719226.81,84.58,15.9,76.54,11.74,12.31,4.77,0.551,68486.2,77.85
South-Eastern Asia,2024,121934100,-18.18,2216761.94,76.39,67.01,77.27,26.58,29.75,8.02,0.146,69514.08,69.09
Sub-Saharan Africa,2022,239606341,17.92,4293745.63,37.65,25.52,58.53,31.86,40.38,3.85,0.176,2129.88,60.88
Oceania,2023,130465406,17.66,2304019.07,46.37,25.59,11.18,23.52,35.19,14.58,0.019,57762.08,44.69
Eastern Asia,2021,140399149,23.5,3299380,48.03,19.39,82.82,22.11,47.27,13.01,0.768,,37.02
Europe,2023,10307506,27.84,286960.97,16.82,7.74,16.88,36.32,31.74,5.41,0.204,39756.83,
Western Asia,2021,210058112,14.46,3037440.3,27.17,9.77,8.65,27.52,35.73,24.59,0.462,72924.99,17.75
Latin America and the Caribbean,2020,5968797,27.11,161814.09,57.32,3.87,70.29,24.15,43.06,21.01,0.292,17379.96,72.2
Latin America and the Caribbean,2020,218691948,14.45,3160098.65,9.71,8,78.37,25.41,40.68,21.3,0.728,,21.97
Western Asia,2022,166469528,15.18,2527007.44,40.98,25.1,93.98,17.55,55.77,14.6,0.192,3899.12,81.54
Southern Asia,2022,109272283,21.07,2302367,30.64,3.04,55.81,38.69,16.84,30.88,0.229,79464.93,15.1
Northern America,2024,157038029,3.21,504092.07,22.28,9.08,21.99,23.45,20.28,33.27,0.865,24689.48,24.18
Europe ,2020,1816207,27.46,49873.04,12.54,7.04,35.62,32,36,2.01,0.944,74838.12,78.04
Sub-Saharan Africa,2021,60021631,8.04,482573.91,71.85,56.35,39.68,33.68,54.22,3.11,0.49,71211.99,93.06
Northern America,2023,226242574,9.42,2131205.05,19.08,16.24,79.81,30.98,41.45,19.01,0.225,10723.78,35.74
Sub Saharan Africa,2023,N/A,28.78,1290755.46,42.78,42.46,12.5,29.16,35.79,10.73,0.71,8071.1,15.53
Oceania,2020,142457696,11.13,1585554.16,77.74,54.96,93.45,25.5,67.27,28.22,0.324,74726.31,68.92
Sub-Saharan Africa,2023,126729121,21.78,2760160.26,81.65,32.71,60.26,34.93,64.4,26.58,0.196,48398.92,18.01
Northern Africa,2021,93956843,9.02,847490.72,44,20.16,83.74,36.57,27.99,25.6,0.753,43377.59,61.27
Europe,2023,202657502,6.68,1353752.11,50.42,42.8,68.95,24.99,65.38,19.69,0.214,,61.81
South-Eastern Asia,2021,58165561,-27.25,1585011.54,12,5.69,98,37.5,35.22,24.01,0.675,47648.25,88.66
Northern America,2024,184658120,28.08,5185200.01,23.98,21.42,36.58,15.54,25.14,29.12,0.555,38632.09,94.46
Western Asia,2024,230755927,21.65,4995865.82,45.99,26.27,41.94,27.61,9.63,11.55,0.914,61459.23,83.73
Eastern Asia,2023,3634461,20.43,74252.04,35.28,6.24,64.61,22.9,41.48,24.32,0.18,52764.83,42.66
Northern America,2023,215855813,12.35,2665819.29,20.93,17.54,58.76,27.2,33.16,0.75,0.581,69086.69,88.04
Eastern Asia,2022,148799345,12.28,1827255.96,43,33.85,33.98,28.61,69.12,10.63,0.845,35337.69,42.97
Northern America,2020,179997183,10.34,1861170.87,14.01,10.04,54.4,35.45,26.32,31.36,0.404,76391.42,17.62
Northern Africa,2022,231350634,21.52,4978665.64,66.27,16.27,60.44,25.29,44.22,11.76,0.721,37913.11,76.55
Europe,2021,142905475,23.16,3309690.8,84.3,45.37,99.42,11.27,59.03,25.56,0.65,37141.46,31.6
Latin America and the Caribbean,2021,65189652,21.62,1409400.28,41.38,32,93.05,24.09,15.1,2.39,0.351,42533.17,30.45
South-Eastern Asia,2022,180604746,7.82,1412329.11,150,53.88,18.96,16.86,56.78,17.52,0.613,17723.66,39.23
Latin America and the Caribbean,2020,5809602,15.2,88305.95,79.72,21.46,46.81,14.43,61.62,12.01,0.249,7633.77,73.81
Central Asia,2021,127608932,8.76,1117854.24,54.6,33.89,94.88,10.88,20.64,2.89,0.36,45959.8,27.25
Northern America,2021,70669643,3.74,264304.46,40.11,30.74,71.3,28.92,36.78,20.17,0.44,76747.04,97.92
Western Asia,2022,68317938,24.51,1674472.66,54.23,33.74,79.92,26.99,42.6,16.23,0.374,66629.93,43.07
Europe,2022,77203524,10.45,806776.83,150,35.77,21.32,19.83,12.9,13.75,0.892,61453.14,78.47
Northern Africa,2022,132302117,5.3,701201.22,150,6.26,14.13,22.25,58.34,18.96,0.41,37791.11,63.08
Western Asia,2023,181939990,21.56,3922626.18,65.93,16.53,12.02,34.61,60.85,28.89,0.895,7161.89,84.14
Latin America and the Caribbean,2023,243531951,15.95,3884334.62,64.35,43.25,79.31,23.31,69.43,8.22,0.812,29155.36,79.15
Oceania,2021,244436129,9.68,2366141.73,38.33,27.9,66.43,27.86,24.1,16.13,0.833,45169.72,48.57
Northern Africa,2022,80534288,29.7,2391868.35,13.71,8.49,0.18,28.63,25.08,31.38,0.947,20108.41,69.59
Central Asia,2023,29144486,2.89,84227.56,45.91,17.68,94.9,10.93,17.22,17.99,0.487,44910.45,84.2
Sub-Saharan Africa,2023,94180514,24.55,2312131.62,58.13,34.65,64.85,11.75,11.88,5.13,0.484,26425.43,96.99
Eastern Asia,2020,147416547,11.92,1757205.24,41.18,18.43,4.1,31.22,37.98,29.43,0.361,44978.03,47.66
Northern America,2024,18616551,13.58,252812.76,80.67,25.6,52.45,14.66,64.42,28.8,0.015,33146,40.19
Europe,2023,99064056,22.32,2211109.73,37.98,33.79,82.89,34.76,50.5,6.27,0.024,50677.57,31.56
Northern Africa,2021,203496108,11.29,2297471.06,44.78,30.43,72.22,16.78,49.49,32.62,0.226,58614.97,26.26
Northern America,2024,70022414,15.66,1096551,53.52,37.29,58.02,26.56,61.74,26.72,0.803,77919.15,63.3
Northern America,2024,225721400,6.79,1532648.31,27.69,4.67,90.44,37.41,26.03,25.23,0.271,67894.41,85.49
Central Asia,2024,169742411,15.17,2574992.37,71.87,22.51,21.94,33.58,41.78,16.91,0.2,62516.43,74.59
Eastern Asia,2024,35639720,26.3,937324.64,50.83,39.55,25.78,11.55,55.88,2.55,0.293,67901.11,62.6
Western Asia,2020,90355921,21.48,1940845.18,68.48,48.59,83.24,14.45,45.03,27.9,0.162,38351.04,89.52
Latin America and the Caribbean,2021,239393491,28.58,6841865.97,76.13,18.49,20.06,37.31,24.46,11.61,0.718,55039.14,67.27
Europe,2022,230301479,20.1,4629059.73,17.81,13.3,9.31,26.59,23.77,14.96,0.905,12588.15,37.77
Eastern Asia,2023,163757203,28.35,4642516.71,24.45,23.98,98.76,39.83,62.23,10.94,0.63,8604.28,94.92
South-Eastern Asia,2022,76285813,13.21,1007735.59,40.19,3.66,84.52,13.58,61.29,17.55,0.881,31581,62.98
Europe ,2022,223796669,14.61,3269669.33,60.49,59.98,87.27,21.99,16.61,5.46,0.294,62855.26,53.58
Southern Asia,2022,227220647,4.94,1122470,27.09,8.62,56.11,15.71,50.58,29.51,0.697,,63.41
South-Eastern Asia,2020,124388027,4.39,546063.44,,14.37,80.82,37.07,25.27,13.84,0.26,14643.09,53.85
South-Eastern Asia,2023,27170876,16.33,443700.41,54,5.73,70.23,23.43,51.4,20.31,0.952,48393.3,
Oceania,2022,193923502,19.57,3795082.93,59.05,49.21,21.99,26.91,39.68,2.75,0.176,47319.88,27.28
Northern America,2023,14370378,22.34,321034.24,61.44,21.4,69.6,11.94,60.34,27.15,0.701,12697.89,53.26
South-Eastern Asia,2021,192719555,27.54,5307496.54,81.35,54.5,11.68,25.22,53.37,30.03,0.778,5978.06,63.5
South-Eastern Asia,2020,249021405,15.1,3760223.22,73.61,33.27,26.96,33.74,14.95,5.74,0.812,,86.21
Northern America,2022,226595991,10.36,2347534.47,83.99,75.68,85.91,38.16,43.34,30.9,0.418,46635.45,94.07
Eastern Asia,2022,144135634,2.79,402138.42,45.96,42.69,47.28,39.72,64.45,29.71,0.156,78617.38,73.76
Sub-Saharan Africa,2023,222036538,16.86,3743536.03,35.74,33.33,85.09,28.7,31.88,6.2,0.818,47585.53,16.98
Sub-Saharan Africa,2020,149781648,3.21,480799.09,20.78,16.57,32.34,19.22,66.72,16.92,0.69,69699.61,78.94
Oceania,2022,28136132,24.92,701152.41,50.74,45.57,76.24,29.2,63.13,0.75,0.612,75810.51,47.13
Sub-Saharan Africa,2020,154879151,22.84,3537439.81,36.86,16.65,27.33,24.72,69.32,20.42,0.306,72715.59,32.41
Central Asia,2023,142791198,22.61,3228508.99,67.55,44.01,28.52,29.99,30.65,33.59,0.471,37893.63,84.45
Latin America and the Caribbean,2024,216716277,5.42,1174602.22,24.67,22.28,15.44,13.92,32.82,30.39,0.377,34148.51,83.66
Sub-Saharan Africa,2022,90395821,13.54,1223959.42,33.68,20.15,3.27,17.34,48.36,1.77,0.031,52062.8,55.11
Western Asia,2024,230601856,15.39,3548962.56,12.05,11.41,84.36,27.09,63.2,31.49,0.725,28156.81,71.48
South-Eastern Asia,2022,60370862,23.11,1395170.62,14.22,11.1,27.02,13.2,33.85,30.86,0.475,45069.48,21.32
Southern Asia,2022,218720384,14.33,3134263.1,84.55,35.22,12.63,20.1,40.13,3.32,0.351,37232.12,78.43
Latin America and the Caribbean,2022,38660026,26.38,1019851.49,66.51,32.83,29.92,28.34,60.39,26.53,0.345,68953.49,66.13
South-Eastern Asia,2024,247369374,14.22,3517592.5,,5.82,30.41,13.16,8.21,5.71,0.313,13060.97,21.76
Central Asia,2023,17776029,28.12,499861.94,31.43,25.6,46.41,13.62,69.82,26.91,0.095,21646.36,16.48
Southern Asia,2020,31202002,2.74,85493.49,8.67,4.6,70.83,19.98,41.3,1.67,0.134,17997.04,58.15
Eastern Asia,2022,105678997,18.96,2003673.78,12.09,6.17,6.85,12.59,14.03,30.82,0.068,20257.26,86.5
South-Eastern Asia,2022,189385743,18.96,3590753.69,,13.51,98.19,23.45,63.25,0.23,0.158,43529.5,76.23
Europe ,2021,14640830,20.12,294573.5,46.61,43.1,12.79,22.69,62.9,21.77,0.352,61517.88,67.22
South-Eastern Asia,2024,128190319,14.64,1876706.27,40.68,16.94,59.22,15.7,59.18,15.93,0.554,18501.91,30.1
Eastern Asia,2022,15173290,25.28,383580.77,64.52,48.18,1.31,21.93,23.5,13.79,0.865,28194.94,52.66
South-Eastern Asia,2021,249821235,7.67,1916128.87,40.2,18.8,65.27,26.42,18.42,18.69,0.56,24553.13,68.17
Northern America,2020,220909199,2.57,567736.64,7.69,3.32,88.27,38.65,63.51,8.45,0.041,22417.68,15.73
Latin America and the Caribbean,2023,133703569,16.77,2242208.85,44.18,15.89,59,16.44,31.95,23.38,0.069,,96.95
Eastern Asia,2020,162599291,25.95,4219451.6,46.67,12.52,43.11,38.28,11.85,10.33,0.196,,76.87
Western Asia,2021,115986351,8.82,1022999.62,13.88,3.25,48.82,33.64,22.52,21.74,0.927,981.58,57.02
South-Eastern Asia,2023,136583191,4.97,678818.46,43,6.07,62.53,17.7,23.31,15.22,0.541,72047.11,84.34
Eastern Asia,2022,60365249,6.23,376075.5,37.91,19.67,67.66,39.08,12.61,5.48,0.483,15385.23,45.27
Eastern Asia,2021,143174079,27.74,3971648.95,56.35,54.96,64.93,38,41.7,18.87,0.947,74435.99,91.07
Sub-Saharan Africa,2020,61784474,18.29,1130038.03,69.32,45.24,26.9,34.01,45.82,34.44,0.745,36999.8,36.08
Northern America,2023,151060033,24.19,3654142.2,65.97,25.93,75.61,37.56,30.35,5.53,0.121,77176.59,
Western Asia,2020,59469675,19.82,1178688.96,82.23,12.69,3.58,23.6,52.29,9.86,0.296,52765.83,56.28
Eastern Asia,2022,4897171,23.29,114055.11,10.79,8.36,51.51,32.98,5.59,11.07,0.559,10841.81,90
Central Asia,2024,110957939,25.6,2840523.24,49.71,17.58,55.44,27.39,19.24,17.61,0.399,67835.57,20.28
South-Eastern Asia,2021,114169624,21.81,2490039.5,71.89,22.4,23.83,37.47,51.91,5.67,0.31,24689.27,
Eastern Asia,2024,200198662,29.78,5961916.15,150,9.12,29.99,32.37,27.76,22.9,0.895,78309.08,19.74
Oceania,2021,N/A,26.27,6151192.51,43.85,40.3,4.26,35.27,44.52,32.84,0.744,18814.25,60.29
Southern Asia,2021,52200942,19.83,1035144.68,60.6,58.93,44.68,37.44,24.39,6.26,0.287,11482.34,31.78
South-Eastern Asia,2022,183222095,8.71,1595864.45,47.73,24.62,33.02,17.52,28.74,0.4,0.024,53396.88,
Northern Africa,2021,59909025,3.08,184519.8,44.28,43.67,69.96,33.1,51.44,14.75,0.184,21387.78,34.99
Sub-Saharan Africa,2023,11566522,23.41,270772.28,60.16,31.66,88.15,10.63,55.65,19.85,0.45,45939.64,71.71
Northern America,2023,18891391,22.57,426378.69,34.51,27.72,32.07,14.74,26.88,15.1,0.357,44435.75,78.51
Oceania,2023,30605680,-2.07,63353.76,9.34,6.6,40.6,14.86,47.65,30.07,0.1,48027.83,36.16
Northern Africa,2023,12784432,3.75,47941.62,8.47,7.89,68.43,35.27,29.06,9.07,0.822,,89.23
Oceania,2024,4918164,6.42,31574.61,79.54,32.32,36.68,21.66,35.68,18.24,0.378,38120.74,23.04
Southern Asia,2024,18573861,27.76,515610.38,52.54,51.57,89.54,24.84,31.82,17.84,0.79,,51.39
Eastern Asia,2020,80237083,23.1,1853476.62,12.67,6.54,37.45,22.84,29.44,21.64,0.66,45078.64,52.67
Northern America,2021,125129275,21.25,2658997.09,9.03,5.12,64.77,23.92,20.49,6.88,0.606,77338.85,96.53
Eastern Asia,2021,202301366,7.87,1592111.75,43.37,16.21,24.87,33.2,54.64,25.66,0.899,7480.46,88.02
South-Eastern Asia,2022,150109687,15.53,2331203.44,28.57,19.29,27.57,33.86,20.14,14.04,0.089,2708.32,75.75
Europe,2022,108062087,2.64,285283.91,25.58,7.57,99.65,20.17,31.2,8.96,0.606,30249.21,19.05
Oceania,2021,56876753,25.3,1438981.85,,10.59,15.49,25.97,52.51,32.06,0.76,15001.85,81.37
Western Asia,2021,128480428,7.58,973881.64,44.06,5.71,40.59,22.51,58.51,19.04,0.108,22059.7,81.72
Oceania,2020,200273891,19.08,3821225.84,28.37,27.08,23.28,32.9,37.29,32.64,0.561,5974.37,66.18
Europe,2020,77360039,14.18,1096965.35,63.32,34.78,91.76,35.15,6.62,15.98,0.971,4473.12,28.32
Eastern Asia,2024,127931344,12.14,1553086.52,59.69,27.28,41.42,31.7,32.65,9.98,0.469,739.05,79.37
Sub-Saharan Africa,2022,3867231,17.17,66400.36,56.83,43.56,37.99,30.38,25.07,29.79,0.448,78219.28,19.83
Sub-Saharan Africa,2023,3647794,10.12,36915.68,28.57,24.84,30.95,31.29,55.68,23.26,0.145,17084.19,43.35
Sub-Saharan Africa,2021,157862282,27.02,4265438.86,,11.42,84.01,30.87,60.33,27.82,0.912,67833.08,77.21
Oceania,2022,10020383,13.86,138882.51,25.23,24.88,59.08,31.5,38.13,34.89,0.772,30708.08,41.98
Europe,2020,14731030,19.07,280920.74,33.66,8.46,38.95,24.7,35.02,15.32,0.576,21776.02,
Central Asia,2023,N/A,2.09,125368.45,76.31,8.13,10.88,12.94,36.9,20.15,0.369,78130.89,32.64
Northern Africa,2022,17968426,7.42,133325.72,62.78,52.88,87.06,32.76,59.87,20.84,0.75,73401.81,58.02
Sub-Saharan Africa,2024,57267963,15.03,860737.48,63.57,6.47,17.87,27.91,29.08,26.36,0.042,,66.55
Southern Asia,2022,226244452,11.08,2506788.53,49.68,8.84,61.67,11.18,39.37,24.06,0.801,55805.86,63.18
Western Asia,2020,176052960,17.14,3017547.73,37.92,34,10.87,36.65,21.03,6.58,0.262,32120.71,73.74
Oceania,2022,75058934,6.57,493137.2,61.37,52.39,95.9,32.75,60.25,28,0.841,,35.49
Northern America,2020,141771712,29.28,4151075.73,6.56,4.22,87.53,31.8,62.92,1.77,0.191,69388.37,67.93
Europe,2020,98837950,18.47,1825536.94,65.68,31.17,43.13,22.14,47.04,31.77,0.504,33487.45,47.77
Northern America,2021,228128945,3.53,805295.18,73.35,52.53,32.19,24.81,44.7,18.04,0.295,43916.53,96.52
Western Asia,2021,213139271,14.9,3175775.14,54.95,35.93,33.82,25.22,16.18,33.48,0.711,11100.32,93.41
Latin America and the Caribbean,2024,226461378,21.2,4800981.21,65.6,38.46,69.47,15.07,23.84,26.12,0.574,38331.04,58.86
Western Asia,2024,5915144,9.53,56371.32,44.02,35.41,23.66,36.33,47.49,6.01,0.415,,53.58
Sub Saharan Africa,2023,152899321,2.27,347081.46,36.55,4.3,11.77,24.51,11.02,31.28,0.727,27633.85,33.2
Eastern Asia,2023,176745204,13.84,2446153.62,7.12,5.73,42.99,23.58,40.5,6.85,0.196,,92.74
Northern America,2020,190854411,12.99,2479198.8,24.92,6.95,33.46,10.35,66.68,32.97,0.612,34976.66,21.13
Northern Africa,2022,127469862,17.35,2211602.11,49.33,37.92,25.41,38.38,43.35,31.54,0.948,12556.33,16.61
Central Asia,2024,69197633,18.68,1292611.78,45.52,4.8,74.75,20.36,27.2,3.79,0.576,13551.09,80.7
Southern Asia,2020,152397738,8.71,1327384.3,52.66,22.65,12.19,25.66,39.55,32.72,0.803,25235.73,81.25
Europe,2020,152676443,18.8,2870317.13,82.07,6.58,81.62,31.5,33.14,3.98,0.369,71815.92,52.56
Oceania,2020,18701951,20.01,374226.04,41.55,40.67,81.07,33.68,34.96,7.01,0.466,70307.51,70.97
Eastern Asia,2024,161372793,4.59,740701.12,69.65,47.33,0.74,25.58,62.38,13.66,0.783,7360.22,85.46
Northern Africa,2023,56067128,27.46,1539603.33,50.64,18.22,38.53,10.05,29.21,24.37,0.388,79539.64,27.8
Northern America,2021,120573441,8.59,1035725.86,74.7,25.6,61.04,13.03,23.89,24.7,0.349,75098.01,80.43
South-Eastern Asia,2022,155002350,19.5,3022545.83,45.26,18.77,85.77,12.2,31.05,32.32,0.945,63701.99,47.15
South-Eastern Asia,2020,155895677,9.27,1445152.93,80.75,70.08,6.29,20.38,39.71,4.14,0.714,78174.53,29.24
Western Asia,2022,161208355,15.94,2569661.18,46.28,24.42,18.72,21.08,31.52,24.2,0.93,73924.6,83.83
Northern Africa,2020,240926822,18.83,4536652.06,30.6,27.55,42.73,22.26,59.44,6.46,0.464,70933.2,89.48
South-Eastern Asia,2022,235600110,12.69,2989765.4,21.98,14.95,21.88,24,25.39,27.31,0.381,34587.18,22.91
South-Eastern Asia,2020,N/A,-10.96,2319346.73,24.14,19.86,44.56,34.01,6.66,10.27,0.935,41016.85,48.31
Eastern Asia,2024,1361678,24.03,32721.12,28.15,17.56,49.98,36.69,13.34,27.8,0.565,,58.24
Latin America and the Caribbean,2024,156602709,7.13,1116577.32,10.92,10.62,86.12,36.32,69.92,21.15,0.871,24438.51,50.54
Eastern Asia,2023,117024247,27.88,3262636.01,67.19,15.54,83.97,32.36,35.59,3.08,0.91,43172.14,74.59
Western Asia,2022,127340543,8.22,1046739.26,50.47,21.72,97.2,31.23,65.41,21.88,0.381,78597.4,15.82
Sub Saharan Africa,2024,60164221,4.9,294804.68,7.77,6.66,91.92,33.84,38.41,28.23,0.967,18312.54,52.74
Eastern Asia,2023,163904646,21.74,3563287,37.15,11.44,0.8,32.63,66.39,13.84,0.514,72141.83,73.26
Oceania,2023,245116140,6.5,1593254.91,,63.37,75.79,11.83,49.06,20.92,0.609,50031.71,17.93
Eastern Asia,2024,98423899,26.7,2627918.1,78.52,4.74,6.47,17.09,35.99,12.44,0.751,78076.6,46.02
Northern America,2022,192496848,22.01,4236855.62,83.21,51.64,33,21.73,28.63,31.97,0.152,20863.14,47.58
Latin America and the Caribbean,2024,73397618,16.27,1194179.24,42.65,17.13,68.06,33.95,54.64,32.46,0.187,52572.89,73.93
Northern America,2020,47321786,9.78,462807.07,53.99,15.27,15.88,39.58,40.37,28.98,0.621,,64.93
Oceania,2020,81689826,14.82,1210643.22,50.77,3.79,17.59,37.87,55.52,28.53,0.286,51502.45,97.78
Central Asia,2024,248774305,4.95,1231432.81,75.65,38.07,56.76,35.02,29.59,15.08,0.546,,85.18
Oceania,2024,102751880,25.81,2652026.02,14.14,10.16,4.98,34.56,58.89,13.44,0.721,13912.46,43.86
Eastern Asia,2023,216309726,25.4,5494267.04,47.2,22.49,15.11,31.48,11.14,26.78,0.621,35122.3,86.78
Latin America and the Caribbean,2022,119238719,24.29,2896308.48,55.17,4.76,74.32,28.07,21.42,33.27,0.809,72810.03,61.68
Europe,2022,82093781,13.1,1075428.53,68.07,58.47,15.97,32.54,30.93,31.34,0.777,57781.25,54.64
Southern Asia,2023,156505102,5,782525.51,10.41,9.29,3.95,31.36,32.46,34.3,0.848,47414.43,16.72
Eastern Asia,2020,88801058,14.66,1301823.51,68.55,36.69,50.7,36.18,43.17,26.03,0.781,52789.36,38.34
Northern Africa,2023,242862533,18.9,4590101.87,59.79,34.18,20.94,10.68,60.25,25.66,0.055,62181.5,46.76
Northern America,2021,146435022,2.13,311906.6,38.31,32.33,0.14,27.66,38.89,1.33,0.716,26856.84,96.82
Eastern Asia,2020,5759926,18.03,103851.47,26.66,3.58,36,15.03,32.81,25.14,0.274,68061.51,85.02
Eastern Asia,2020,223032495,16.75,3735794.29,9.49,7.86,48.25,25.43,31.79,5.34,0.254,17494.64,30.99
Europe,2021,140601156,21.37,3004646.7,11.13,3.61,70.75,16.21,20.58,26.6,0.229,18519.12,94.7
Sub-Saharan Africa,2021,132440354,25.35,3357362.97,67.61,16.73,29.77,30.31,35.05,19.94,0.659,47663.02,29.87
Northern Africa,2024,37602727,2.19,82349.97,71.69,17.47,17.07,16.52,40.6,23.86,0.952,8509.38,36.6
Central Asia,2020,114142095,9.08,1036410.22,73.25,64.91,95.51,13.15,64.58,19.72,0.32,16016.78,71.86
Europe ,2021,164015192,21.88,3588652.4,73.09,61.77,28.02,27.25,58.59,19.96,0.498,59528.86,96.88
Europe,2024,242503530,22.27,5400553.61,33.46,18.58,71.94,27.8,9.74,13.91,0.819,13917.06,63.24
South-Eastern Asia,2020,155983961,10.44,1628472.55,21.62,18.59,75.74,39.24,52.46,3.57,0.333,69609.33,22.4
Europe,2021,74128062,21.28,1577445.16,12.07,11.08,68.56,28.65,33.97,7.47,0.95,76943.36,77.25
Northern Africa,2024,149886670,2.71,406192.88,18.39,15.58,56.54,23.26,59.88,3.76,0.245,69915.75,34.52
Northern Africa,2021,7139254,15.11,107874.13,36.45,18.03,75.68,29.84,36.05,5.82,0.543,2054.76,
Latin America and the Caribbean,2022,200270042,6.9,1381863.29,63.34,43.5,19.39,23.91,51.6,9.66,0.548,4096.22,48.92
Sub-Saharan Africa,2023,22043235,15.03,331309.82,66.98,23.49,1.02,13.14,17.47,13.91,0.212,23124.2,63.61
Sub-Saharan Africa,2023,170105667,27.04,4599657.24,31.35,8.31,14,33.28,29.34,30.69,0.744,50531.79,60.12
South-Eastern Asia,2022,74384644,24.15,1796389.15,43.82,25.89,7.37,35.38,12.84,26.71,0.209,27158.26,92.84
Oceania,2023,26584033,17.86,474790.83,31.97,24.89,38.8,39.52,33.74,31.24,0.513,30071.15,85.71
Central Asia,2023,56193169,6.13,344464.13,25.29,8,61.01,24.03,61.43,33.13,0.553,46212.55,36
Eastern Asia,2023,23327029,17.59,410322.44,11.08,10.87,88.36,24.37,13.31,26.09,0.937,69275.63,24.99
Northern Africa,2024,73502957,19.05,1400231.33,53.39,34.67,37.91,26.05,6.12,28.47,0.619,9514.05,33.59
Northern America,2020,22521668,19.86,447280.33,65.37,46.81,28.52,15.6,47.43,19.19,0.489,64722.53,25.64
Latin America and the Caribbean,2022,109076007,25.48,2779256.66,35.01,30.36,6.68,24.81,16.63,17.64,0.187,63310.96,43.79
Eastern Asia,2022,47338378,21.28,1007360.68,28.36,17.21,13.07,11.28,18.95,15.52,0.293,63419.32,61.03
Central Asia,2020,192499512,26.89,5176311.88,64.45,43.76,98.79,16.87,68.09,4.31,0.534,70204.41,22.22
Central Asia,2020,245207351,27.25,6681900.31,150,27.33,42.13,22.19,31.53,25.71,0.245,17112.14,16.28
Central Asia,2024,33170386,14.88,493575.34,50.42,31.66,32.88,18.03,54.98,18.17,0.663,16105.35,87.55
Eastern Asia,2020,139166143,22.72,3161854.77,57.5,32.22,26.84,38.18,46.31,6.06,0.119,62487.71,63.02
Southern Asia,2021,111508347,29.99,3344135.33,71.98,60.75,81.88,22.65,26.11,28.16,0.383,37749.54,
Western Asia,2021,136479359,-6.57,896669.39,24.64,22.04,58.2,37.72,9.06,5.86,0.385,30506.09,66.97
Eastern Asia,2024,70738873,17.55,1241467.22,62.81,9.65,5.35,20.25,26.4,12.91,0.228,44187.76,96.65
Eastern Asia,2024,220886984,2.04,450609.45,38.45,10.58,27.77,11.3,5.54,30.58,0.618,9075.37,47.35
South-Eastern Asia,2020,245762584,-19.03,4676861.97,48.79,9.53,67.27,19.37,63.96,18.51,0.598,44857.27,
Sub-Saharan Africa,2021,139958881,7.61,1065087.08,10.11,7.3,16.15,34.37,9.57,31.29,0.666,59022.31,25
Eastern Asia,2020,21987042,21.85,480416.87,26.35,25.65,71.84,30.79,5.39,13.26,0.252,14390.49,59.72
Western Asia,2021,7483778,29.91,223839.8,45.1,29.11,54.98,36.67,13.26,18.86,0.139,66593.13,66.85
Oceania,2020,102462266,6.43,658832.37,83.39,42.99,17.89,24.77,36.25,6.66,0.316,2760.6,72.35
South-Eastern Asia,2023,218771381,15.6,3412833.54,40.27,14.22,81.43,19.18,6.66,4.35,0.28,60004.95,68.92
Central Asia,2022,161429200,4.96,800688.83,49.89,48.66,77.1,20.99,33.42,25.97,0.129,70138.6,23.42
Sub Saharan Africa,2022,102483447,3.61,369965.24,25.5,12.62,83.05,26.96,39.69,4.06,0.202,10548.91,29.75
Europe,2023,223816339,22.31,4993342.52,63.44,43.25,49.8,38.58,24.57,21.44,0.075,45590.35,84.78
Northern America,2020,5874325,23.57,138457.84,8.27,4.95,1.64,12.44,48.52,32,0.809,48017.13,28.01
Central Asia,2023,101670134,12.17,1237325.53,26.17,8.3,93.98,33.17,24.74,1.51,0.753,58452.9,35.73
Western Asia,2024,N/A,11.93,1917427.06,,20.89,64.88,25.6,56.25,26.64,0.472,39091.66,65.68
Oceania,2024,64629456,2.42,156403.28,65.99,15.5,0.33,32.25,47.73,11.31,0.693,,33.76
Sub-Saharan Africa,2024,15760533,10.37,163436.73,8.58,3.86,4,35.51,6.96,25.71,0.533,58313.54,20.63
South-Eastern Asia,2021,4516545,24.63,111242.5,,69.38,67.79,18.35,66.39,5.64,0.28,15868.83,17.8
Central Asia,2023,226451403,6.31,1428908.35,58.23,50.91,89.11,22.44,40.83,9.7,0.336,5722.66,
Central Asia,2024,241313388,6.42,1549231.95,41.54,36.67,3.6,20.2,33.17,9.94,0.913,58040.67,15.26
South-Eastern Asia,2020,79232586,20,1584651.72,48.95,31.71,3.91,26.37,24.63,6.46,0.706,32021.63,52.74
Northern Africa,2021,152725043,11.43,1745647.24,71.73,59.55,37.27,11.24,6.92,17.08,0.252,44598.33,60.22
Northern America,2023,20571638,25.43,523136.75,20.34,16.3,10.88,25.97,47.94,16.66,0.836,64749.26,94.87
Northern Africa,2020,107779064,8.58,924744.37,45.46,3.87,21.43,39.54,54.42,26.07,0.928,60867.23,75.07
Latin America and the Caribbean,2022,166316061,9.82,1633223.72,56.98,40.7,8.07,17.72,29,17.15,0.988,58951.75,37.73
Sub-Saharan Africa,2024,208302396,12.51,2605862.97,79.78,16.7,97.57,30.06,10.11,30.58,0.748,7752.13,79.09
Latin America and the Caribbean,2023,157627938,2.79,439781.95,28.5,20.79,97.55,12.35,63.39,1.81,0.18,75151.95,58.92
Latin America and the Caribbean,2023,58886275,13.36,786720.63,68.58,43.39,52.64,20.04,55.51,12.49,0.446,16159.77,77.44
Northern Africa,2022,148318035,16.04,2379021.28,16.23,14.68,32.85,35.83,35.16,15.14,0.292,75285.32,92.65
Eastern Asia,2020,60866806,7.41,451023.03,,15.33,43.38,10.54,23.86,8.31,0.028,70793.96,56.21
Latin America and the Caribbean,2023,52756563,20.33,1072540.93,150,19.86,24,36.53,50.09,8.2,0.819,63298.3,87.79
Western Asia,2022,15736776,11.26,177196.1,54.7,7.2,35.47,36.96,16.61,0.39,0.672,69435.08,82.2
Europe,2021,154786653,25.43,3936224.59,34.43,24.42,90.18,19.4,65.59,2.02,0.653,25725.43,
Eastern Asia,2020,135935467,24.72,3360324.74,70.73,37.55,37.62,38.23,52.35,18.78,0.732,,56.4
Europe,2024,229025750,14.01,3208650.76,34.88,19.83,49.13,16.18,31.87,1.38,0.631,43573.58,67.38
Central Asia,2022,156826663,9.81,1538469.56,83.19,66.41,94.55,17.1,7.96,22.2,0.111,50835.64,96.94
Central Asia,2023,4104440,15.56,63865.09,25.12,6.61,57.53,24.44,10.05,1.83,0.193,26993.47,30.03
Southern Asia,2021,47412760,15.02,712139.66,71.95,26.62,71.93,20.71,66.99,9.97,0.444,24025.59,58.03
Central Asia,2024,13683468,2.02,27640.61,80.21,23.9,67.22,10.56,40.55,27.16,0.812,7616,17.81
Western Asia,2022,58392187,20.37,1189448.85,19.28,12.11,73.24,31.25,68.2,22.5,0.759,35461.25,24.25
Southern Asia,2022,178505632,21.33,3807525.13,26.52,9.21,32.37,27.91,23.59,11.7,0.69,70236.4,57.88
Eastern Asia,2022,107388212,19.16,2057558.14,69.15,16.82,45.03,30.34,39.49,18.01,0.418,36180.61,87.17
Northern America,2020,164620060,16.03,2638859.56,74.62,51.49,37.73,31.89,58.88,13.31,0.536,64486.39,64.08
Western Asia,2022,92480081,26.35,2436850.13,14.28,5.67,19.92,32.08,17.96,6.84,0.136,56953.05,48.96
Northern America,2023,72006954,14.84,1068583.2,60.64,22.76,86.44,29.45,6.97,7.18,0.696,52041.41,15.63
Latin America and the Caribbean,2024,92907094,14.69,1364805.21,71.84,47.86,41.62,20.38,65.67,0.36,0.09,70821.75,92.14
Oceania,2023,138907883,13.25,1840529.45,28.69,6.86,6.72,24.79,8.67,6.36,0.506,9044.57,77.95
Central Asia,2024,138539487,25.5,3532756.92,70.79,12.83,14.23,28.21,35.79,33.72,0.602,48456.24,81.49
Latin America and the Caribbean,2021,140954397,18.4,2593560.9,80.63,69.5,61.97,37.38,54.27,18.26,0.683,3747.45,82.74
Eastern Asia,2023,162510059,25.51,4145631.61,10.63,8.53,39.56,36.25,46.06,23.57,0.503,73579.85,34.16
Sub-Saharan Africa,2022,120478069,5.79,697568.02,71.27,41.66,3.57,24.89,47.45,15.16,0.733,14070.52,84.61
Eastern Asia,2020,236992949,19.37,4590553.42,64.85,51.01,29.6,35.53,14.69,16.01,0.837,45061.06,20.19
Central Asia,2024,30960405,12.9,399389.22,53.6,27.31,73.84,12.74,45.46,2.88,0.306,79820.73,20.64
South-Eastern Asia,2022,45263943,21.2,959595.59,12.7,4.77,88.27,26.96,66.63,23.95,0.453,28886.99,48.39
Southern Asia,2023,40160042,21.51,863842.5,23.4,6.96,40.82,20.47,9.31,14.82,0.77,,47.82
Northern America,2022,66864758,9.55,638558.44,32.25,15.7,18.7,30.45,23.67,14.36,0.626,2173.51,82.62
Western Asia,2022,64742813,20.28,1312984.25,8.2,6.85,96.15,36.35,19.96,13.76,0.912,42103.26,63.75
Northern Africa,2024,211927006,20.79,4405962.45,63.04,23.42,40.32,19.65,65.2,6.09,0.244,68360.91,86.77
Europe,2024,133424961,14.22,1897302.95,61.88,15.93,71.29,24.79,35.01,12.02,0.226,70315.96,33.64
Latin America and the Caribbean,2020,136772500,5.56,760455.1,62.41,55.34,85.62,17.41,51.42,7.34,0.316,48029.52,65.67
Central Asia,2022,236662831,8.16,1931168.7,81.44,66.44,56.23,14.89,69.76,32.15,0.59,19189.26,20.06
Southern Asia,2024,141064627,2.72,383695.79,21.04,20.69,98.48,27.17,9.18,26.91,0.864,59789.31,17.93
Southern Asia,2023,237640566,14.24,3384001.66,77.35,26.94,13.6,39.89,53.13,13.88,0.402,72232.9,80.51
Western Asia,2023,225720265,14.21,3207484.97,48.29,48.05,62.87,21.78,36.53,25.75,0.668,10653.4,63.48
Northern Africa,2024,172358670,3.57,615320.45,13.97,9.36,69.53,30.02,36.79,8.12,0.091,41626.71,58.91
Northern Africa,2022,165879359,27.12,4498648.22,19.58,4.1,52.79,25.67,41.95,17.43,0.604,54279.16,
Europe,2020,121840467,22.16,2699984.75,74.98,34.39,98.14,23.91,39.41,27.17,0.018,54763.19,74.26
Oceania,2022,22700394,14.28,324161.63,,6.23,73.48,11.5,5.45,34.41,0.47,22883.63,25.17
Oceania,2022,6468586,2.63,17012.38,61.88,56.75,15.37,13.01,36.65,1.12,0.23,55121.7,51.55
Latin America and the Caribbean,2022,84328023,28.36,2391542.73,55.36,55.08,51.38,10.62,35.62,7.35,0.83,44787.65,65.38
Northern America,2024,222299813,5.59,1242655.95,58.76,46.67,78.4,38.47,63.94,32.97,0.478,12763.92,58.52
Western Asia,2024,163102973,5.8,945997.24,36.27,3.43,27.27,19.37,6.33,27.03,0.375,65522.12,67.09
Southern Asia,2020,177143156,5.88,1041601.76,150,16.75,60.51,35.91,57.91,8.97,0.672,18632.91,50.68
Western Asia,2024,177757354,10.01,1779351.11,36.54,21.54,56.03,33.38,43.97,5.38,0.508,42073.81,71.77
Western Asia,2023,211463785,28.49,6024603.23,53.36,7.51,17.42,27.26,5.15,33.31,0.392,,
Eastern Asia,2023,184960488,22.49,4159761.38,45.46,37.64,31.82,22.86,26.26,5.68,0.042,63466.32,76.24
South-Eastern Asia,2024,154361897,16.16,2494488.26,22.58,4.94,2.08,32.99,24.41,16.78,0.359,78991.07,35.3
Northern Africa,2020,110903205,23.29,2582935.64,37.82,10.71,65.53,32.93,59.09,3.5,0.79,51944.52,
Northern America,2024,N/A,15.09,3397791.46,26.11,19.51,21.78,38.87,10.66,15.61,0.929,63525.03,51.99
South-Eastern Asia,2021,102761522,14.73,1513677.22,26.49,17.81,78.42,11.02,69.59,20.34,0.546,25973.54,79.38
Europe,2022,171056816,4.54,776597.94,42.94,26.8,65.32,23.26,54.81,24.49,0.926,13514.51,92.65
Latin America and the Caribbean,2020,219418227,9.84,2159075.35,6.99,5.72,34.24,26.28,50.66,22.73,0.935,74838.82,96.24
Oceania,2023,91738007,3.78,346769.67,36,4,91.36,28.33,38.41,18.35,0.182,72831.41,24.69
Central Asia,2022,191566758,6.16,1180051.23,83.43,15.27,61.12,23.06,41.42,21.42,0.123,32816.06,27.14
Sub-Saharan Africa,2023,197133602,15.61,3077255.53,41.18,36.19,68.91,28.58,16.63,6.9,0.468,1347.2,89.63
Northern America,2021,231984157,5.7,1322309.69,38.25,37.22,81.42,29.7,43.04,17.77,0.932,45996.97,45.98
Northern America,2021,113890851,18.51,2108119.65,53.35,9.58,10.52,37.61,64.79,22.48,0.268,15315.03,40.25
Central Asia,2024,196636046,28.08,5521540.17,19.34,14.45,60.24,16.23,53.37,13.22,0.807,14509.73,39.75
Eastern Asia,2023,170399011,29.24,4982467.08,10.55,7.56,17.08,14.84,13.26,8.54,0.709,13887.68,80.31
Latin America and the Caribbean,2024,72369425,5.79,419018.97,63.62,8.15,46.63,39.18,28.04,34.25,0.387,5173.75,25.68
Eastern Asia,2024,21240537,24.75,525703.29,17.77,8.27,33.03,22.47,6.74,16.2,0.761,73348.01,83.52
Southern Asia,2021,28749034,12.16,349588.25,83.47,65.95,51.07,38.81,60.46,14.51,0.638,16978.51,64.49
Central Asia,2022,26322621,16.14,424847.1,30.56,22.62,39.57,39.02,54.44,13.58,0.476,30882.38,
Eastern Asia,2022,78652424,3.9,306744.45,73.53,50.24,59.18,21.11,49.64,22.22,0.519,6136.77,65.7
Northern Africa,2024,150145302,19.51,2929334.84,16.84,15.26,8.83,16.21,9.96,9.51,0.862,57964.95,71.25
Oceania,2023,183822886,23.32,4286749.7,83.38,33.72,79.43,27.97,27.49,13.86,0.879,31165.83,21.93
Oceania,2024,10618434,3.6,38226.36,,38.93,16.06,28.66,6.38,0.09,0.779,68189.75,55.75
Sub Saharan Africa,2024,157222461,22.99,3614544.38,24.86,11.89,30.83,14.79,11.47,30.34,0.298,79986.85,
Sub-Saharan Africa,2023,202568774,29.2,5915008.2,75.61,28.54,54.12,28.95,66.44,23.67,0.503,17730.36,24.98
Europe,2021,144830360,11.06,1601823.78,56.16,18.89,59.85,15.75,48.26,18.9,0.209,78463.69,19.61
Eastern Asia,2021,240624342,25.8,6208108.02,5.6,3.8,43.37,25.97,62.8,2.96,0.533,48347.95,30
Northern America,2023,82821774,14.84,1229075.13,16.24,13.77,72.37,39.4,27.57,0.6,0.889,55209.05,45.56
Sub-Saharan Africa,2024,173164562,8.89,1539432.96,16.25,9.43,40.52,29.7,7.01,24.56,0.384,71349.88,90.67
Southern Asia,2021,39043120,21.92,855825.19,40.75,18.51,76,19.96,33.09,18.02,0.367,30083.48,30.02
Latin America and the Caribbean,2022,83670051,6.84,572303.15,34.49,22.24,54.18,33.97,7.8,22.92,0.243,,71.94
Southern Asia,2022,24495788,10.88,266514.17,37.41,8.16,85.28,17.12,22.06,12.67,0.116,28820.47,75.83
Central Asia,2024,15282193,18.11,276760.52,70.8,39.02,43.41,20.26,26.86,30.08,0.362,25303.31,45
Central Asia,2020,107099607,25,2677490.17,27.63,12.5,89.31,11,50.91,27.67,0.684,10707.28,17.43
Latin America and the Caribbean,2021,243286303,25.41,6181904.96,46.43,42.97,17.07,34.51,11.08,1.59,0.917,71906.51,79.65
Western Asia,2024,125305043,3.15,394710.89,,49.95,94.61,12.38,48.65,13.87,0.99,11903.48,67.85
Eastern Asia,2022,150014109,21.35,3202801.23,5.21,4.61,36.03,21.67,42.57,18.42,0.868,4199.87,21.1
Southern Asia,2020,133235916,14.85,1978553.35,56.04,51.71,97.98,11.9,13.27,0.9,0.084,37192.7,53
Central Asia,2024,189720010,13.07,2479640.53,17.78,11.81,8.74,28.93,43.14,9.92,0.204,48466.72,33.08
Oceania,2021,66281016,3.34,221378.59,81.03,76.72,75.03,23.25,39.62,13.55,0.462,14437.4,55.03
Central Asia,2021,235518681,11.74,2764989.31,10.81,9.17,26.87,14.97,5.51,29.94,0.657,73962.73,21.6
South-Eastern Asia,2020,141425670,26.11,3692624.24,14.87,6.54,4.47,23,9.46,19.18,0.324,58498.65,48.45
Oceania,2022,57585585,18.31,1054392.06,41.02,34.84,38.27,31.72,47.12,18.96,0.411,44387.61,88.15
Eastern Asia,2023,56413610,25.65,1447009.1,28.38,12.94,4.77,26.24,49.79,26.85,0.82,77349.96,78.49
Latin America and the Caribbean,2023,115589924,12.59,1455277.14,59.18,24.05,27.75,17.96,59.55,21.3,0.27,75447.22,34.91
Sub-Saharan Africa,2023,59203760,7.64,452316.73,13.37,11.21,18.53,16.18,67.31,13.71,0.759,54953.47,74.66
Southern Asia,2020,26551682,2.12,56289.57,48.72,16.7,30.38,14.45,37.34,8.43,0.216,57984.22,21.69
Northern Africa,2024,224874946,15.25,3429342.93,72.65,12.98,25.74,39.78,6.6,5.52,0.906,50472.14,26.8
Northern America,2022,138442525,13.21,1828825.76,18.13,6.28,55.95,22.38,25.32,14.73,0.888,72426.77,18.63
Latin America and the Caribbean,2024,130815697,12.24,1601184.13,57.95,32.39,8.12,27.45,30.41,15.43,0.741,65786.16,32.53
Northern America,2022,224075035,4.37,979207.9,75.95,4.61,83.94,22.42,49.98,0.39,0.513,20404.65,78.2
Latin America and the Caribbean,2023,13822977,3.78,52250.85,78.39,12.15,1.95,33.23,61.28,10.54,0.855,22647.46,76.14
Sub-Saharan Africa,2023,4269091,9.61,41025.96,72.77,66.41,81.76,39.78,6.7,33.17,0.247,36853.1,26.42
Sub-Saharan Africa,2024,177252667,11.5,2038405.67,39.37,32.27,21.18,10.55,6.56,31.92,0.553,5757.97,90.08
South-Eastern Asia,2023,28291253,3.78,106940.94,64.41,31.87,57.57,14.28,48.94,15.07,0.93,15436.03,87.29
Central Asia,2021,198729440,21.15,4203127.66,33.24,22.44,89.3,25.08,5.25,10.32,0.965,44160.62,87.45
Eastern Asia,2022,92091872,15.2,1399796.45,15.67,7.48,4.04,15.67,59.02,12.12,0.729,63594.64,42.81
South-Eastern Asia,2023,187006089,27.51,5144537.51,17.81,6.57,20.75,29.02,36.22,18.54,0.568,15859.4,64.8
Oceania,2020,234053556,12.82,3000566.59,81.7,81.36,23.22,37.18,42.4,8.13,0.986,15670.78,28.52
South-Eastern Asia,2020,213823166,24.92,5328473.3,49.77,43.62,42.74,24.26,15.99,7.31,0.449,70693.35,57.57
Oceania,2021,247419325,25.81,6385892.78,49.19,46.71,28.32,15.48,43.48,34.34,0.685,66514.98,92.51
Latin America and the Caribbean,2021,219203413,3.24,710219.06,37.18,14.54,31.83,26.57,67.14,7.06,0.257,28999.57,76.21
Europe,2021,135387930,-18.7,2531754.29,49.96,24.8,17.96,10.02,62.05,8.46,0.169,7751.44,27.4
Northern America,2020,17625876,29.02,511502.92,75.68,39.74,46.34,32.6,14.55,13.32,0.922,59549.29,67.26
Eastern Asia,2024,123373853,20.41,2518060.34,35.57,9.75,83.33,15.34,46.63,34.43,0.384,44234.82,28.82
Western Asia,2021,134776466,5.76,776312.44,69.2,28.43,45.17,25.09,50.42,31.44,0.709,11386.2,23.6
Northern Africa,2023,166088832,2.06,342142.99,53.21,20.01,52.07,38.16,58.74,31.06,0.226,59530.94,24.21
Northern Africa,2022,122707849,23.73,2911857.26,43.49,12.63,48.86,10.65,25.25,11.35,0.779,13567.1,93.04
Northern America,2023,13401276,15.49,207585.77,71.72,67.65,11.44,23.84,17.11,23.67,0.165,11856.08,74.03
Sub-Saharan Africa,2021,112615793,29.37,3307525.84,12.47,11.26,65.15,20.28,37.07,12.8,0.725,22759.71,59.91
Central Asia,2024,146879277,11.26,1653860.66,80.81,43.47,53.3,22.88,41.64,26.64,0.368,44420.11,27.37
Northern America,2022,3047950,8.2,24993.19,62.76,40.53,5.92,30.5,54.79,34.47,0.359,53563.68,70.47
Central Asia,2023,30936997,4.21,130244.76,9.26,7.78,93.62,31.35,22.91,5.59,0.876,56153.36,66.49
Southern Asia,2023,75458984,12.93,975684.66,51.87,13.45,2.59,22.21,56.21,16.21,0.205,76876.41,82.66
Latin America and the Caribbean,2021,104608491,13.01,1360956.47,69.51,11.35,15.44,34.42,20.28,0.3,0.201,16668.17,80.5
Latin America and the Caribbean,2022,7085489,15.46,109541.66,81.5,14.83,72.61,33.98,16.85,7.77,0.409,49179.01,46.43
Northern America,2020,63389637,12.18,772085.78,,17.81,48.91,27.9,66.2,7.94,0.739,9664.67,86.81
Eastern Asia,2021,177315319,23.12,4099530.18,,6.76,32.87,15.27,41.06,17.22,0.359,40447.63,83.08
Central Asia,2024,60494555,23.88,1444609.97,75.86,39.79,7.97,30.98,25.28,28.34,0.535,72279.17,63.51
Sub-Saharan Africa,2024,49953193,5.29,264252.39,70.42,27.6,16.22,36.62,30.59,18.31,0.895,72969.27,52.18
Europe,2024,103474097,3.61,373541.49,67.44,10.53,41.08,34.27,5.33,4.21,0.249,78876.53,47.59
Europe,2020,74691586,3.88,289803.35,42.66,37.82,64.56,11.95,65.99,32.97,0.283,29004.74,40.89
Western Asia,2020,72836886,11.29,822328.44,12.49,11.05,10.36,29.16,44.18,25.25,0.15,25513.84,54.66
Oceania,2020,92351384,24.83,2293084.86,7.47,6.27,4.42,21.58,39.87,16.2,0.516,16584.16,32.12
Latin America and the Caribbean,2020,146177295,24.21,3538952.31,81.7,25.11,85.03,22.22,32.45,2.37,0.605,11904.33,62.06
Oceania,2024,59839366,11.44,684562.35,150,57.48,9.87,37.16,24.4,11.08,0.58,21407.92,71.51
South-Eastern Asia,2022,58127973,21.05,1223593.83,32.81,24.21,40.48,30.49,52.27,7.2,0.637,33607.1,62.37
Northern America,2022,29211351,9.45,276047.27,18.07,9.87,58.93,35.43,51.64,13.23,0.25,47264.82,80.2
Eastern Asia,2021,108346496,15.47,1676120.29,6.08,3.59,69.02,15.3,19.85,19.89,0.145,35309.15,86.18
South-Eastern Asia,2022,128103788,25.25,3234620.65,21.88,9.37,72.44,10.26,28.05,26.33,0.434,22433.9,91.59
Sub-Saharan Africa,2024,104827650,5.25,550345.16,34.11,25.84,72.69,21,50.3,21,0.504,21515.21,42.25
Northern Africa,2024,209528316,16.81,3522170.99,53.48,40.75,33.21,14.4,12.01,23.4,0.066,76703.87,89.14
Oceania,2023,154835297,20.04,3102899.35,37.86,5.3,0.63,32.99,19.46,9.48,0.964,,57.57
Northern America,2020,130015074,16.3,2119245.71,16.2,11.31,95.92,23.92,27.18,15.66,0.259,66771.91,79.99
Sub-Saharan Africa,2022,174723355,17.88,3124053.59,13.83,5.33,17.08,12.56,9.26,6.6,0.207,63703.57,84.06
Europe,2021,130899201,24.59,3218811.35,,17.08,32.69,22.12,20.28,25.72,0.622,14383.11,85.76
Europe,2023,1796903,9.79,17591.68,71.76,54.19,45.25,13.84,25.96,15.82,0.306,53789.05,75.12
Northern America,2020,66906464,12.85,859748.06,65.47,27.13,97.04,21.41,30.65,1.66,0.311,3841.41,71.72
Europe,2022,68310804,14.88,1016464.76,74.11,35.41,13.62,11.6,58.97,27.06,0.316,67425.97,
Central Asia,2023,197489145,11.42,2255326.04,62.86,51.4,93.12,25.07,44.65,12.68,0.084,58000.65,32.29
Sub-Saharan Africa,2022,53460054,15.61,834511.44,59.49,5.57,7.5,28.51,35.41,28.51,0.443,44208.63,16.25
Central Asia,2020,135964785,27.45,3732233.35,,20.5,21.62,37.35,14.29,33.72,0.685,52906.55,32.78
Southern Asia,2020,112060348,27.55,3087262.59,44.98,26.45,91.53,26.42,14.29,6.95,0.943,,66.96
Europe ,2023,31333702,-16.19,507292.64,81.32,14.24,48.36,28.49,49.79,26.91,0.848,65844.33,18.23
Sub-Saharan Africa,2022,1885258,13.06,24621.47,55.15,37.2,89.84,31.83,49.38,34.98,0.853,57186.38,90.35
Latin America and the Caribbean,2023,34214058,8.36,286029.52,63.31,14.28,47.32,12.47,49.67,16.83,0.678,37988.86,29.3
South-Eastern Asia,2021,229472873,5.39,1236858.79,78.9,77.38,74.29,15.78,28.64,21.72,0.4,11153.48,78.66
South-Eastern Asia,2024,42749469,7.5,320621.02,16.27,6.74,42.04,26.26,20.5,27.03,0.366,10547.36,34.3
Central Asia,2020,64507796,24.54,1583021.31,150,9.37,31.26,24.69,20.2,29.98,0.938,540.4,90.44
Central Asia,2023,116268155,26.72,3106685.1,35.23,33.28,66.58,29.25,63.77,33.84,0.455,54800.99,83.78
Europe,2020,45316425,2.74,124167,65.85,15.73,79.04,18.8,27.95,13.36,0.536,10632.35,20.76
Northern Africa,2021,42660032,14.21,606199.05,33.3,14.23,49.13,26.01,7.05,0.77,0.771,21923.85,24.97
Northern Africa,2023,29276204,27.77,813000.19,21.13,13.77,47.84,18.37,24.18,22.21,0.883,73462.32,89.93
Northern Africa,2022,57247356,29.87,1709978.52,45.67,43.52,76.06,32.61,54.15,10.37,0.449,31540.94,22.28
Northern America,2020,91659427,18.26,1673701.14,66.57,30.02,23.76,16.21,54.74,13.59,0.53,4325.07,40.48
South-Eastern Asia,2023,91970523,21.45,1972767.72,38.44,30.19,47.91,20.9,48.61,7.38,0.992,40869.65,69.73
Europe,2024,85158548,8.06,686377.9,40.41,35.5,82.5,23.31,59.04,5.09,0.751,33307.76,41.17
Eastern Asia,2021,85020728,20.39,1733572.64,13.26,11.51,34.56,17.62,24.3,2.68,0.797,49038.43,44.59
Sub-Saharan Africa,2022,107199003,25.42,2724998.66,77.22,64.34,97.27,11.31,63.4,15.38,0.164,18854.86,73.96
Northern America,2023,43843036,25.56,1120628,7.37,5.72,59.31,19.23,14.54,34.13,0.034,65828.11,79.31
Sub-Saharan Africa,2020,135748302,13.05,1771515.34,83.45,24.24,81.54,31.43,34.14,17.68,0.659,unknown,67.26
Northern America,2022,189004372,6.14,1160486.84,27.99,6.39,12.25,25.73,54.63,25.01,0.034,58257.36,62.81
Northern Africa,2024,161497548,21.07,3402753.34,49.58,4.01,10.5,12.12,30.88,11.44,0.112,39376.18,90.16
Sub Saharan Africa,2023,104560879,19.27,2014888.14,72.14,69.52,24.39,17.33,66.21,15.81,0.609,9320.82,17.59
Northern America,2020,135860730,18.73,2544671.47,31.57,12.61,84.58,17.4,56.25,31.21,0.149,33084.18,38.35
Northern Africa,2024,62411574,10.57,659690.34,42.5,31.72,48.88,15.05,57.25,31.61,0.669,12061.79,18.59
Northern America,2020,219827807,25.8,5671557.42,74.16,73.68,59.93,20.34,25.37,31.92,0.08,24985.67,78.01
Eastern Asia,2022,160054863,14.28,2285583.44,81.08,24.16,41.07,21.87,63.2,9.4,0.868,78762.72,
Northern America,2021,145029579,26.21,3801225.27,80.43,77.5,42.61,13.91,37.89,6.49,0.416,10235.78,58.12
Southern Asia,2024,213495770,10.22,2181926.77,25.84,15.17,77.53,13.43,8.43,26.66,0.241,15132.56,21.44
Eastern Asia,2020,191602125,21.26,4073461.18,32.73,24.73,27.92,36.5,14.03,15.82,0.052,24423.39,54.97
Sub-Saharan Africa,2024,161350103,7.57,1221420.28,55.8,29.38,83.88,27.97,37.91,2.06,0.523,17273.15,20.24
Latin America and the Caribbean,2023,5437755,22,119630.61,83.56,8.52,61.06,12.54,48.72,1.62,0.837,43677.54,56.95
Eastern Asia,2024,186594354,9.29,1733461.55,7.03,6.02,84.45,33.65,67.14,10.87,0.353,55862.24,26.67
Western Asia,2024,112732687,16.11,1816123.59,20.76,4.33,21.27,20.62,37.77,18.04,0.16,38782.57,24.92
Sub-Saharan Africa,2023,193289932,6.68,1291176.75,67.5,57.46,2.75,31.21,69.73,16.2,0.717,3397.79,23.18
Eastern Asia,2024,96044290,19.41,1864219.67,75.47,67.5,22.62,22.54,15.6,14.16,0.892,22833.36,21.87
Southern Asia,2021,15607610,27.86,434828.01,5.71,5,96.41,18.29,56.6,16.94,0.178,38585.04,32.32
Central Asia,2020,35649092,18.19,648456.98,67.64,63.91,88.29,13.42,57.79,24.55,0.841,61960.88,18.25
South-Eastern Asia,2024,147952838,29.05,4298029.94,16.35,10,18.88,35.09,47.3,23.44,0.797,68340.41,21.06
Northern Africa,2021,207077707,17.39,3601081.32,26.58,20.53,83.53,32.25,37.56,8.66,0.188,26124.96,57.05
Northern America,2024,7540239,23.13,174405.73,150,10.08,2.56,35.07,28.46,0.29,0.55,36554.46,91.74
Europe,2024,154076493,29,4468218.3,42.12,33.1,23.59,20.67,30.14,4.69,0.618,73364.15,67
Southern Asia,2021,28316636,8.03,227382.59,50.39,10.12,82.65,15,50.41,1.15,0.837,30463.76,60.09
Southern Asia,2022,228595729,26.21,5991494.06,26.81,15.31,20.3,19.72,53.72,31.22,0.676,59733.17,76.61
Sub Saharan Africa,2022,222288255,14.6,3245408.52,60.35,3.62,76.44,36.87,40.24,20.76,0.454,18516.63,84.77
Latin America and the Caribbean,2024,12987892,22.42,291188.54,39,29.27,35.88,24.63,33.89,21.24,0.543,,19.67
Europe,2023,42927766,14.18,608715.72,62.29,61.1,64.84,32.55,47.14,24.07,0.549,67663.72,24.11
Western Asia,2024,122235609,23.29,2846867.33,24.58,7.47,81.49,10.7,24.95,28.79,0.918,61210.38,78.08
Western Asia,2021,74206236,19.2,1424759.73,78.82,35.23,64.14,38.25,33.39,12.61,0.645,19607.95,82.44
Europe,2020,186182241,25.51,4749508.97,,3.57,4.54,13.23,67.19,17.72,0.501,53295.7,38.68
Central Asia,2023,105698680,4.31,455561.31,83.97,72.73,83.87,34.02,32.18,27.44,0.816,2102.06,97.25
South-Eastern Asia,2023,150199829,23.17,3480130.04,79.79,40.19,10.58,18.45,7.96,14.94,0.935,41636.6,97.4
South-Eastern Asia,2024,205002865,4.18,856911.98,28.76,7.07,60.43,36.82,54.83,18.2,0.881,42838.44,51.75
Europe ,2024,228409297,19.43,4437992.64,72.69,51.07,29.38,37.32,59.1,31.05,0.106,2201.13,30.88
Southern Asia,2020,83322079,3.93,327455.77,62.41,31.15,14.69,32.54,11.48,25.57,0.08,74551.01,31.33
Southern Asia,2024,1882429,29.04,54665.74,41.67,23.92,8.75,32.67,22.79,19.56,0.374,75961.29,48.61
Sub-Saharan Africa,2021,24667560,20.83,513825.27,39.52,13.07,99.67,25.69,11.27,3.17,0.714,,
Oceania,2022,100029261,20.08,2008587.56,26.19,17.23,55.18,13.45,30.43,29.55,0.699,9627.16,94.81
Latin America and the Caribbean,2024,20418711,3.2,65339.88,73.85,10.86,97.65,28.46,60.62,12.75,0.343,69658.63,49.55
Central Asia,2020,243370321,27.1,6595335.7,36.35,21.7,91.9,36.68,58.09,20.03,0.654,52147.14,23.95
Western Asia,2020,37957333,21.19,804315.89,33.58,29.39,40.17,27.89,54.64,6.49,0.089,,46.16
Latin America and the Caribbean,2022,103200558,25.42,2623358.18,150,3.08,62.29,24.29,53.11,15.12,0.387,35420.5,48.68
Northern Africa,2021,151870095,-28.09,4266030.97,58.56,47.71,19.78,12.33,56.72,22.93,0.825,,63.14
Europe,2020,146650609,21.52,3155921.11,75.06,11.22,51.45,21.62,66.68,23.74,0.096,6540.9,76.37
South-Eastern Asia,2020,65661499,6.57,431396.05,34.83,28.27,58.78,31.7,49.86,22.32,0.888,10536.16,79.24
Latin America and the Caribbean,2023,148059280,-16.77,2482954.13,84.2,77.12,13.19,36.73,58.49,9.54,0.335,78601.48,
Sub-Saharan Africa,2024,143981646,12.1,1742177.92,43.08,39.33,15.56,21.57,5.12,25.77,0.979,4199.25,34.96
Europe,2022,72401486,26.74,1936015.74,5.14,4.21,14.82,19.1,57.1,16.96,0.165,77423.45,52.63
Western Asia,2022,202104028,20.83,4209826.9,37.26,13.23,84.16,14.06,37.21,17.58,0.397,13567.73,59.46
Northern America,2020,30403990,12.18,370320.6,73.67,38.56,51.04,27.4,65.37,15.95,0.928,10077.23,75.86
Northern America,2021,72858445,24.11,1756617.11,150,5.36,1.31,22.65,20.59,8.28,0.046,77776.41,24.83
Southern Asia,2021,202091913,15.97,3227407.85,57.9,55.89,9.26,24.33,68.81,9.94,0.455,43265.81,
Sub-Saharan Africa,2021,8899789,13.86,123351.08,23.5,11.03,26.08,18.09,28.17,28.2,0.56,77200.82,49.13
Eastern Asia,2023,124089716,23.62,2930999.09,,13.72,54.32,32.9,34.09,31.47,0.529,46023.76,67.06
South-Eastern Asia,2021,99537337,5.8,577316.55,67.4,29.67,17.31,23.34,22.86,28.34,0.746,41131.27,47.31
Eastern Asia,2021,101985709,19,1937728.47,9.72,8.32,32.72,18.25,37.5,25.48,0.026,56871.94,50.1
Northern America,2020,172359687,19.98,3443746.55,30.5,14.42,32.84,24.42,10.4,1.36,0.177,17422.54,39.94
Latin America and the Caribbean,2020,107064305,18.25,1953923.57,36.33,8.2,40.24,26,64.75,34,0.009,,54.82
South-Eastern Asia,2024,176334812,10.73,1892072.53,40.45,30.58,7.27,11.23,29.06,22.15,0.556,58876.42,15.53
Eastern Asia,2021,26187668,5.94,155554.75,20.75,7.27,36.24,37.89,38.81,25.41,0.258,,23.08
Latin America and the Caribbean,2020,61292679,22.51,1379698.2,17.28,11.19,67.14,27.72,68.15,31.23,0.442,9604.63,33.29
Sub-Saharan Africa,2022,55919065,-27.94,1562378.68,22.5,22.15,83.38,15.03,8.57,28.44,0.418,23495.44,60.08
Latin America and the Caribbean,2020,96772871,27.03,2615770.7,31.59,18.45,99.64,29.54,55.19,25.5,0.718,26846.74,28.22
Sub-Saharan Africa,2022,106014714,3.05,323344.88,70.12,65.91,22.39,27.92,53.27,14.02,0.204,23069.24,87.29
Sub-Saharan Africa,2023,227182631,28.13,6390647.41,,34.83,21.6,39.06,20.7,26.15,0.851,10851.54,22.98
Northern Africa,2023,241726261,11.37,2748427.59,31.03,23.77,31.78,14.33,12.81,21.47,0.319,32455.16,
Western Asia,2020,144196937,27.47,3961089.86,72.52,18.84,72.49,24.74,10.89,22.92,0.311,59538.59,64.3
Sub-Saharan Africa,2021,209851165,29.91,6276648.35,150,45.8,26.45,15.29,21.07,18.61,0.193,17360.26,89.69
Oceania,2021,35417017,15.66,554630.49,6.73,3.21,38.97,33.15,16.6,3.73,0.169,8452.51,94.28
Europe ,2021,42006641,21.47,901882.58,150,7.89,51.26,24.2,58.38,8.31,0.192,68485.93,90.52
Northern America,2024,47982738,3.75,179935.27,79.08,28.24,87.53,37.92,52.08,17.67,0.851,27407.42,43.01
Oceania,2021,74254696,5.69,422509.22,36.14,21.6,78.08,38.97,24.99,33.85,0.841,78840.25,43.91
Western Asia,2020,242483178,20.63,5002427.96,5.93,4.77,74.37,23.49,9.01,2.85,0.224,25497.06,17.87
Sub-Saharan Africa,2022,140476551,19.62,2756149.93,63.44,9.89,41.46,21.68,63.54,2.48,0.739,44298.45,63.15
Central Asia,2022,137606948,26.83,3691994.41,72.73,62.19,25.55,32.35,37.85,22.47,0.22,73399.4,59.14
Northern Africa,2023,214599425,10.98,2356301.69,47.46,28.56,64.5,34.86,34.01,4.99,0.161,46996.4,47.29
Latin America and the Caribbean,2022,101408835,21.62,2192459.01,17.01,6.76,6.03,20.64,56.35,12.37,0.051,59658.37,60.58
Northern America,2020,77359331,15.55,1202937.6,12.73,7.36,43.91,21.1,28.38,12.38,0.491,33156.92,75.9
Oceania,2024,21683281,12.21,264752.86,57.41,36.5,32.58,34.53,25.53,17.54,0.33,56623.4,28.34
Europe,2023,153519168,7.57,1162140.1,12.95,4.82,90.55,15.03,30.01,0.19,0.922,15877.75,20.65
Oceania,2022,110712449,14.68,1625258.75,83.05,30.76,47.61,31.57,32.91,21.32,0.52,69018.61,94.72
Europe ,2020,132382876,18.38,2433197.26,31.64,23.88,96.44,22.09,10.77,3.59,0.376,7013.97,56.38
Sub Saharan Africa,2023,35180726,12.54,441166.3,60.75,46.7,16.89,15.95,10.07,28.07,0.215,73148.61,19.72
South-Eastern Asia,2021,226018634,18.09,4088677.09,31.38,29.29,98.99,35.14,40.07,26.38,0.546,48586.85,20.62
Central Asia,2020,92360663,15.38,1420507,83.69,73.03,29.07,33.74,35.7,9.98,0.675,12839.16,
Europe ,2021,75202140,7.27,546719.56,8.08,7.89,6.64,16.52,52.94,24.45,0.17,50448.82,73.82
Central Asia,2021,128260382,8.21,1053017.74,74.96,52.11,36.6,34.01,20.25,13.41,0.826,76931.2,51.84
Western Asia,2021,231517382,10.05,2326749.69,40.53,11.11,22.56,13.83,67.77,30.74,0.987,72001.99,36.44
Sub-Saharan Africa,2022,85722947,27.65,2370239.48,84.16,76.78,56.61,32.1,21.58,33.41,0.062,78170.84,74.95
Oceania,2023,67184517,4.24,284862.35,21.78,18.38,23.16,32.42,22.59,13.17,0.307,14230.38,69.01
Europe,2023,217946053,19.83,4321870.23,40.97,14.73,46.83,29.07,54,13.14,0.807,43075.04,83.97
Sub-Saharan Africa,2023,89188878,8.36,745619.02,31.41,17.36,22.22,27.89,23.31,27.17,0.332,25793,45.14
Oceania,2024,25732198,17.58,452372.04,35.88,7.36,84.61,12.5,22.3,9.56,0.279,19392.9,70
Central Asia,2020,9244548,4.31,39844,7.59,6.13,90,16.46,40.37,10.64,0.556,1292.77,41.29
Northern Africa,2020,74650758,17.73,1323557.94,62.4,20.57,44.6,15.58,39.38,9.97,0.301,66999.84,32.73
Northern America,2023,51628511,-6.49,335069.04,79.81,55.41,80.27,23.66,29.08,30.45,0.266,47144.51,
Latin America and the Caribbean,2022,2576474,13.22,34060.99,32.75,15.85,21.55,17.61,17.54,30.58,0.753,64483.85,20.53
Latin America and the Caribbean,2024,139356322,13.96,1945414.26,37.08,19.62,94.69,31.76,38.91,16.85,0.191,55540.3,61.07
Northern America,2020,17402774,17.34,301764.1,33.64,9.17,90.09,17.5,10.99,3.35,0.931,1759.4,44.56
Eastern Asia,2022,188974558,18.48,3492249.83,6.34,6.18,28.17,32.19,61.43,5.64,0.094,24737.59,68.93
Sub-Saharan Africa,2021,188985499,4.22,797518.81,62.11,20.64,38.66,14.67,15.77,31.79,0.624,25643.53,20.51
Central Asia,2023,229048813,21.23,4862706.3,13.13,11.08,98.35,21.37,16.81,33.03,0.134,52238.85,41.37
Western Asia,2020,104408365,22.23,2320997.95,36.59,26.44,32.86,31.34,9.56,33.01,0.872,49545.07,28.73
Southern Asia,2022,18742780,21.38,400720.64,12.93,4.81,94.95,20.25,31.89,26.5,0.474,38899.3,32.13
Northern Africa,2021,59079628,16.31,963588.73,40.27,3.43,36.16,20.42,28.22,18.56,0.807,78079.86,91.92
Sub-Saharan Africa,2022,227179458,8.08,1835610.02,,31.98,48.67,27.89,66.13,29.22,0.354,37068.49,40.89
Southern Asia,2020,210382812,20.64,4342301.24,76.34,14.99,21.04,24.67,6.34,27.43,0.194,68281.19,17.98
Southern Asia,2023,84954680,26.31,2235157.63,10.21,8.38,52.53,38.94,66.13,22.13,0.619,48515.19,74.1
Southern Asia,2020,73090609,2.34,171032.03,83.16,49.58,78.76,16.61,23.3,10.47,0.431,73641.1,38.2
Eastern Asia,2022,93149715,12.76,1188590.36,10.21,4.56,85.77,33.64,45.91,10.34,0.87,79261.17,17.22
Central Asia,2024,83821002,3.54,296726.35,19.9,12.48,68.71,26.81,37.3,28.39,0.798,29439.01,81.98
Northern Africa,2024,186369494,15.76,2937183.23,45.41,21.77,7.79,14.88,64.4,17.89,0.65,,87.37
Latin America and the Caribbean,2022,26235761,12.38,324798.72,,13.16,77.65,37.19,11.5,33.73,0.666,14129.53,93.31
Europe,2020,226477112,9.21,2085854.2,27.65,5.06,53.55,12.42,46.04,2.54,0.993,45709.1,59.94
Central Asia,2022,195070150,9.28,1810250.99,5.41,5.18,36.19,35.91,19.39,0.2,0.599,62841.09,94.24
Europe,2021,7765533,19.43,150884.31,72.75,51.44,65.06,37.06,40.23,15.69,0.345,37851.43,80.06
Europe,2023,33121619,8.44,279546.46,63.01,42.43,20.72,31.84,28.52,7.07,0.584,38952.25,84.49
Southern Asia,2021,73314774,9.95,729482,23.41,7.02,70.08,11.42,7.27,20.96,0.504,,50.62
Northern Africa,2022,95443917,16.24,1550009.21,45.96,27.28,23.9,20.46,22.39,2.04,0.356,73990.47,86.19
Northern America,2022,145743488,9.45,1377275.96,80.82,73.55,69.07,18.28,15.61,4.92,0.024,27750.45,89.37
Latin America and the Caribbean,2021,150819026,15.62,2355793.19,44.43,16.17,20.89,28.43,31.76,8.18,0.171,13843.45,64.94
Northern Africa,2020,203272721,6.12,1244029.05,77.5,72.01,24.98,38.66,35.83,13.56,0.85,64046.3,56.72
Oceania,2021,115755023,14.02,1622885.42,37.19,28.52,3.87,13.8,15.96,16.84,0.651,44261.8,28.28
Europe,2024,52808418,22.35,1180268.14,37,28.93,10.45,18.21,34.04,17.69,0.157,45325.85,44.66
Northern Africa,2021,24667746,6.33,156146.83,14.65,9.5,83.14,29.31,45.87,19.55,0.228,19563.31,91.04
Europe,2022,154449798,25.04,3867422.94,24.22,9.82,61.91,35.86,62.39,17.88,0.463,49533.85,71.15
Latin America and the Caribbean,2020,174857423,6.27,1096356.04,150,14.47,72.18,39.68,61.5,33.89,0.379,59096.58,17.15
Southern Asia,2021,19628529,24.46,480113.82,5.51,3.93,37.72,13.13,31.13,17.93,0.015,22979.9,46.36
Oceania,2023,165844288,25.69,4260539.76,27.99,11.71,68.46,10.59,27.55,14.05,0.415,59424.62,73.53
Northern Africa,2021,75502080,18.32,1383198.11,71.41,56.39,50.46,25.05,21.4,12.3,0.462,36277.55,
Southern Asia,2020,241104104,-14.8,3568340.74,84.29,59.35,31.61,39.75,39.5,21.12,0.136,unknown,19.7
Southern Asia,2024,169200294,22.09,3737634.49,70.54,34.9,78.62,16.31,13.06,19.33,0.96,34650.24,43.48
Western Asia,2020,41261940,9.73,401478.68,37.46,8.56,81.7,23.45,42.1,9.75,0.941,58305.97,
Latin America and the Caribbean,2021,96466021,29.63,2858288.2,12.42,8.89,16.33,36.35,69.23,11.31,0.297,11371.08,23.3
Latin America and the Caribbean,2023,36130682,11.04,398882.73,45.12,42.04,44.73,16.41,14.75,5.75,0.134,56598.58,78.71
Western Asia,2024,140113797,2.65,371301.56,65.5,43.95,42.67,33.08,54.01,31.96,0.049,,18.54
Eastern Asia,2021,133199185,19.74,2629351.91,75.5,31.82,96.25,17.71,55.33,0.11,0.563,61425.23,87.94
Southern Asia,2020,151096081,16.68,2520282.63,54.18,43.69,76.71,38.63,49.21,11,0.395,28445.77,65.07
Western Asia,2021,37932284,9.65,366046.54,51.53,19.87,44.71,36.78,51.74,33.47,0.281,75559.2,63.85
Western Asia,2021,195208039,12.08,2358113.11,18.05,3.04,53.63,26.96,23.83,4.14,0.526,58420.57,38.65
Sub-Saharan Africa,2023,88018490,19.68,1732203.88,21.59,15.53,63.32,34.86,21.02,7.77,0.116,54135.57,87.22
Europe,2023,171492757,12.3,2109360.91,75.95,58.09,90.02,25.97,20.46,3.74,0.356,49050.1,82.96
Northern America,2020,117712677,25.72,3027570.05,23.04,10.34,52.77,10.5,21.62,22.58,0.985,29102.34,26.52
Eastern Asia,2024,215312187,2.42,521055.49,71.96,26.7,93.98,23.5,62.53,12.11,0.682,57159.58,33.23
Sub-Saharan Africa,2022,155787161,3.45,537465.71,80.58,5.84,20.82,31.49,11.59,32.56,0.422,79908.42,21.28
Central Asia,2022,205141300,8.89,1823706.16,66.6,26.92,36.52,29.51,52.46,8.71,0.906,53958.42,40.82
Northern Africa,2024,191446075,20.01,3830835.96,53.79,39.65,77.68,21.55,51.15,26.12,0.233,1549.27,51.66
Oceania,2023,22014111,16.75,368736.36,150,5.99,67.64,16.45,66.13,12.59,0.133,39825.77,23.15
Western Asia,2024,67246529,19.76,1328791.41,43.38,23.41,78.99,25.74,13.87,6.41,0.683,32147.67,56.25
Northern America,2023,243505826,14.74,3589275.88,150,6.14,78.13,35.45,41.17,18.68,0.245,57891.35,57.52
South-Eastern Asia,2021,28906548,14.9,430707.57,15.66,3.35,46.78,29.27,16.54,23.22,0.682,32233.62,24.09
South-Eastern Asia,2024,76945408,10.04,772531.9,79.5,75.62,85.92,18.29,56.79,22.81,0.014,unknown,69.65
Latin America and the Caribbean,2024,190154249,23.71,4508557.24,63.78,28.33,29.45,31.12,18.39,17.11,0.969,60413.07,95.6
Oceania,2021,230157472,9.14,2103639.29,21.23,12.86,63.15,39.4,35.44,21.14,0.107,43211.22,50.37
Europe,2024,168127876,7.36,1237421.17,28.41,9.6,10.11,18.15,50.9,19.72,0.114,75682.81,17.83
Northern America,2023,37972864,5.99,227457.46,23.45,19.13,24.96,14.03,30.53,16.85,0.872,44993.19,91.83
Sub Saharan Africa,2020,163037903,15.76,2569477.35,37.71,7.07,73.13,30.34,13.44,30.18,0.814,56752.91,69.3
Central Asia,2023,230645497,22.25,5131862.31,15.48,3.44,59.5,38.5,66.5,22.27,0.789,9129.56,79.31
Southern Asia,2024,49988267,17.16,857798.66,45.8,3.98,99.4,17.47,26.2,23.42,0.979,74831.11,61.07
Eastern Asia,2022,31074366,15.97,496257.63,21.8,4.08,11.88,30.22,11.01,8.31,0.152,47019.68,56.46
South-Eastern Asia,2022,18604591,7.29,135627.47,10.15,6.27,28.51,30.26,44.18,3.14,0.511,36202.14,58.21
Latin America and the Caribbean,2024,91437932,17.1,1563588.64,25.98,4.86,32.83,38.28,29.54,25.21,0.805,26853.74,74.87
Northern America,2023,216460391,10.89,2357253.66,39.45,6.74,33.51,39.2,58.53,28.4,0.909,66411.49,44.9
Eastern Asia,2020,145135223,16.6,2409244.7,74.44,34.81,33.67,39.67,39.3,34,0.167,69373.38,50.92
Northern America,2022,20778923,28.79,598225.19,26.6,11.5,46.16,27.66,52.32,2.12,0.859,33890.06,55.83
Central Asia,2024,34737654,11.44,397398.76,64.49,5,37.24,28.83,48.73,24.48,0.628,31972.37,75.06
Central Asia,2024,66894362,5.06,338485.47,49.99,9.08,14.47,28.99,28.08,3.49,0.898,,69.16
Europe ,2024,194388351,5.57,1082743.12,39.65,36.57,46.67,30.6,50.59,13.2,0.843,23734.27,39.79
Oceania,2023,51261654,6.72,344478.31,12.35,8.94,39.19,14.31,37.15,11.07,0.988,42406.02,43.2
South-Eastern Asia,2023,27575578,29.25,806585.66,38.51,8.02,56.99,35.72,27.3,10.98,0.915,29762.5,79.91
Western Asia,2023,100679506,9.68,974577.62,78.1,30.17,40.66,10.03,14.82,27.84,0.596,6546.88,35.83
Sub Saharan Africa,2022,235886846,6.06,1429474.29,31.78,22.5,7.03,32.57,40.71,27.17,0.229,18259.52,66.56
Europe,2023,62142231,19.55,1214880.62,59.22,34.07,58.9,13.01,65.68,19.73,0.056,21553.18,35.91
Western Asia,2022,34236255,12.88,440962.96,16.14,11.24,42.82,10.46,39.85,17.74,0.007,32656.2,62.49
Southern Asia,2024,163563235,5.74,938852.97,31.97,25.33,63.85,29.27,25.17,20.05,0.129,73253,63.87
South-Eastern Asia,2023,239866803,21.01,5039601.53,75.7,34.36,85.22,19.91,9.92,20.52,0.539,72421.54,59.8
Northern Africa,2020,94915117,11.34,1076337.43,20.34,19.77,41.7,15.02,31.35,31.17,0.422,17830.34,23.25
Northern America,2023,218649956,8.97,1961290.11,23.5,8.7,79.82,12.65,17.05,29.41,0.279,77298.39,95.93
Oceania,2022,145185282,20.01,2905157.49,8.89,7.62,87.8,10.4,15.24,11.13,0.092,62774.63,22.78
Southern Asia,2020,163889503,18.58,3045066.97,53.6,51.26,17.45,27.95,13.87,15.91,0.886,71347.97,43.97
Eastern Asia,2023,2574931,22.99,59197.66,25.43,6.01,57.75,34.64,47.39,12.41,0.279,73792.87,59.99
Eastern Asia,2022,182074697,10.26,1868086.39,82.81,42.38,17.07,10.59,68.53,20.74,0.772,48485.05,47.39
South-Eastern Asia,2023,7435336,11.85,88108.73,76.76,29.04,2.25,27.15,56.83,12.95,0.306,28100.3,33.14
Sub-Saharan Africa,2024,245327268,28.71,7043345.86,73.14,41.92,63.76,33.46,68.1,7.65,0.583,,28.26
Sub-Saharan Africa,2021,80499176,11.71,942645.35,19.38,7.44,62.67,36.13,15.23,32.5,0.656,2373.1,73.2
South-Eastern Asia,2020,157223724,5.24,823852.31,23.72,3.66,39.83,16.28,23.06,25.03,0.38,19990.8,62.49
Central Asia,2024,15621851,29.75,464750.07,44.43,21,35.62,25.06,34.96,24.67,0.409,32897.67,38.65
Southern Asia,2021,39897367,23.06,920033.28,74.05,19.75,82.68,12.56,27.8,30.13,0.039,9507.75,80.23
Europe,2023,236914849,9.51,2253060.21,,6.57,55.59,11.37,39.59,16.3,0.299,55629.51,
South-Eastern Asia,2024,74589135,18.28,1363489.39,26.35,19.1,14.96,39.12,40.39,23.69,0.735,26623.04,37.97
South-Eastern Asia,2022,108073490,23.46,2535404.08,39.05,21.79,93.96,12.08,30.37,19.37,0.636,36273.35,44.81
Southern Asia,2020,176068575,19.83,3491439.84,36.29,5.7,35.17,32.98,21.56,5.84,0.954,9416.96,32.68
Southern Asia,2023,135570624,13.4,1816646.36,79.67,67.86,37.59,30.95,51.69,25.81,0.946,17227.14,39.58
Sub-Saharan Africa,2024,131762681,9.72,1280733.26,71.25,37.81,39.46,31.13,22.55,5.37,0.804,34224.78,35.56
Europe,2020,207965927,27.17,5650434.24,49.14,16.53,25.49,28.06,8.16,21.25,0.718,53360.07,35.08
Northern America,2020,53465861,4.83,258240.11,62.03,6.33,26.11,37.61,17.42,22.85,0.776,29348.53,15.67
South-Eastern Asia,2021,156177598,17.29,2700310.67,53.59,50.8,29.73,24.43,56.37,32.04,0.507,45432.43,36.78
Northern America,2023,198848147,7.38,1467499.32,58.04,29.65,68.15,25.47,64.88,17.35,0.132,10280.33,41.26
Europe,2022,143382895,16.6,2380156.06,36.06,18.71,37.94,11.59,39.04,13.12,0.763,15614.09,56.54
Northern America,2021,228789692,7.3,1670164.75,12.97,9.09,3.99,36.25,56.73,14.44,0.743,26632.68,67.61
South-Eastern Asia,2023,234749981,22.72,5333519.57,20.2,16.65,79.86,31.45,30.2,26.24,0.232,48607.28,57.65
Eastern Asia,2021,204441373,3.38,691011.84,75.71,68.35,40.08,22.28,52.81,8.82,0.663,18814.13,26.12
Central Asia,2023,193620535,27.77,5376842.26,27.82,18.12,88.54,15.28,65.13,34.92,0.487,61088.48,79.44
Sub-Saharan Africa,2021,82157746,6.02,494589.63,,7.81,66.94,27.9,18.53,33.03,0.041,38087.19,93.11
Sub-Saharan Africa,2020,99533703,2.44,242862.24,82.06,16.97,49.03,25.9,52.43,13.97,0.534,46121.09,41.77
Western Asia,2023,248465226,25.2,6261323.7,79.21,37.06,24.53,36.7,40.66,11.39,0.725,9824.56,31.8
Oceania,2020,133802692,11.9,1592252.03,,20.87,70.59,15.31,59.19,8.2,0.897,unknown,80.04
Northern Africa,2020,93312311,20.76,1937163.58,23.48,9.24,60.4,36.96,35.13,25.39,0.286,40877.3,22.79
Oceania,2024,82848421,10.55,874050.84,21.44,21.39,72.48,20.97,30.03,9.08,0.812,9778.23,73.59
Western Asia,2023,152321262,19.8,3015960.99,73.3,60.68,84.15,28.6,35.74,27.52,0.2,76640.57,77.81
Sub-Saharan Africa,2021,140700148,19.32,2718326.86,33.37,5.49,46.86,38.37,20.71,6.8,0.373,,45.23
Oceania,2023,223845098,10.6,2372758.04,67.11,8.15,69.18,26.47,20.49,22.49,0.946,56396,56.54
Northern America,2020,38459342,12.41,477280.43,56.52,16.48,70.2,25.59,42.59,3.79,0.572,29489.56,38.79
Latin America and the Caribbean,2020,216130635,4.23,914232.59,69.09,24.4,41.67,38.74,22.96,9.73,0.457,24192.75,89.68
Northern Africa,2023,147928066,2.79,412719.3,,44.29,27.47,25.98,23.65,34.65,0.36,68449.82,50.4
South-Eastern Asia,2021,164377453,19.53,3210291.66,59.77,13.32,62.17,38.2,38.64,17.72,0.041,34733.78,25.39
Northern Africa,2024,115760326,10.67,1235162.68,12.52,3.85,24.38,14.24,35.41,29.38,0.134,6619.45,62.48
Oceania,2023,124783842,13.49,1683334.03,,30.67,43.55,19.86,44.3,8.77,0.559,,64.83
Western Asia,2023,101053591,11.95,1207590.41,78.07,13.78,89.61,18.81,6.08,7.74,0.163,25126.06,64.37
Europe,2023,37973673,15.41,585174.3,45.65,16.21,58.59,25.42,9.74,16.01,0.918,74478.92,55.29
Northern America,2023,19293465,16.49,318149.24,22.42,10.17,36.66,30.15,37.64,10.42,0.239,59920.58,73.99
Central Asia,2021,227990731,27.96,6374620.84,69.62,14.33,81.16,12.97,41.5,14.02,0.731,76096.12,15.49
Western Asia,2020,55884689,19.53,1091427.98,14.17,5.74,92.76,24.29,9.14,4.96,0.353,32521.53,45.33
Southern Asia,2021,33822416,20.5,693359.53,75.25,17.65,91.05,11.06,37.64,26.65,0.855,68939.57,76.26
South-Eastern Asia,2022,197033168,16.54,3258928.6,24.74,21.38,19.72,23.1,50.16,5.41,0.659,1305.58,89.23
Europe ,2020,73878034,17.37,1283261.45,40.58,7.67,65.7,29.56,43.44,32.86,0.201,22145.94,39.15
South-Eastern Asia,2022,N/A,17.75,2020776.12,42.41,9.8,19.38,39.98,17.76,31.66,0.711,59705.53,81.09
South-Eastern Asia,2022,131944450,26.39,3482014.04,68.28,49.13,86.7,14.05,56.62,31.33,0.847,56231.95,92.74
Central Asia,2022,194713420,19.18,3734603.4,26.08,14.25,35.26,34.15,43.78,28.6,0.683,68805.08,59.38
Oceania,2021,226908564,-10.82,2455150.66,45,36.76,70.92,30.7,26.78,7.93,0.482,32909.21,59.3
Eastern Asia,2021,132056299,25.91,3421578.71,78.2,75.32,7.44,29.57,63.87,27.62,0.859,54184.1,58.16
Europe,2023,105708355,28.79,3043343.54,11.18,5.26,92.9,27.63,38.4,19.47,0.414,17483.99,63.17
Sub Saharan Africa,2020,228675856,4.49,1026754.59,21.73,16.01,2.19,20.51,17.97,17.52,0.717,57613.02,44.03
Europe,2020,102752821,3.76,386350.61,7.56,5.36,80.57,17.35,19.38,24.71,0.889,68174.73,31.34
Europe,2022,226292671,27.95,6324880.15,29.97,21.32,25.28,22.36,59.33,32.29,0.773,,61.68
Europe,2023,160378837,15.65,2509928.8,78.6,53.09,63.82,17.33,33.76,4.43,0.403,79157.9,84.26
Central Asia,2021,197873846,7.4,1464266.46,6.25,6.11,83.27,19.48,22.53,25.53,0.779,52534.54,21.5
Northern Africa,2024,89744265,5.28,473849.72,6.87,3.14,62.85,27.98,20.22,15.19,0.875,69680.91,86.44
Southern Asia,2020,43676121,24.56,1072685.53,40.07,23.04,88.52,19.08,49.39,32.16,0.103,11774.23,81.9
Southern Asia,2021,10273618,26.04,267525.01,18.31,3.64,17.85,34.11,10.16,8.59,0.663,57971.49,82.99
Northern Africa,2023,169479614,19.04,3226891.85,79.43,15.47,73.21,24.69,54.1,29.49,0.304,unknown,93.38
South-Eastern Asia,2021,243531985,9.86,2401225.37,77.76,53.4,25.67,33.29,29.88,3.97,0.406,7564.99,53.15
Northern Africa,2021,189507145,2.86,541990.43,11.36,10.65,20.58,30.38,44.27,13.36,0.393,63348.68,72.59
Northern America,2021,109281931,5.48,598864.98,64.48,15.4,93.26,32.56,19.3,18.13,0.923,77133.82,27.98
Eastern Asia,2023,173386922,17.31,3001327.62,79.67,9.18,10.46,20.54,43.53,32.96,0.496,2197.41,92.26
Sub Saharan Africa,2023,124554274,23.08,2874712.64,14.52,8.04,74.11,11.99,67.3,5.21,0.193,3698.74,56.03
Europe,2024,43743299,28.41,1242747.12,84.92,49.03,77.54,39.13,34.41,18.07,0.456,28517.01,16.15
Northern America,2024,50104755,3.98,199416.92,150,17.21,7.24,15.51,39,29.21,0.6,41366.76,
Western Asia,2020,234073617,28.7,6717912.81,21.93,12.38,63.56,17.11,62.38,6.42,0.552,72302.04,51.48
Northern America,2020,169587519,5.53,937818.98,5.53,4.41,45.38,17.3,39.2,14.11,0.014,44412.39,81.67
Eastern Asia,2021,155025632,12.72,1971926.04,35.41,21.9,85.59,12.6,53.22,6.63,0.99,16761.96,96.16
Eastern Asia,2020,147476095,14.76,2176747.16,47.46,44.59,33.79,22.71,15.97,33.49,0.247,71020.97,65.45
Central Asia,2020,211600272,10.52,2226034.86,48.8,41.63,11.63,13.87,29.2,27.14,0.431,9772.83,79.26
Eastern Asia,2024,57922322,9.81,568217.98,34.42,15.16,40.99,23.32,45.3,33.31,0.912,35795.45,
Central Asia,2020,62237400,17.74,1104091.48,,11.87,34.18,10.91,59.63,27.47,0.744,64218.64,85.26
Latin America and the Caribbean,2021,163207798,6.57,1072275.23,30.97,29.73,44.35,10.99,16.3,24.22,0.548,71959.5,79.37
Europe,2024,132643706,11.91,1579786.54,20.66,5.72,22.01,11.6,62.05,33.28,0.347,71944.02,77.09
Southern Asia,2020,47489526,6.23,295859.75,42.83,37.67,77.71,10.31,43.26,7.59,0.794,78600.22,45.59
Eastern Asia,2020,242389718,26.74,6481501.06,57.15,6.23,55.53,26.22,62.25,31.93,0.969,34423.79,77
Eastern Asia,2024,52324139,20.56,1075784.3,67.76,59.75,69.56,17.65,13.2,16.87,0.949,17990.6,32.32
Northern Africa,2023,N/A,-27.83,628397.14,17.31,7.96,90.15,33.21,36.93,4.97,0.163,64761.25,57.07
Northern Africa,2020,95759019,7.6,727768.54,,25.71,89.69,31.52,6.11,0.3,0.486,21081.43,
Northern America,2021,157931973,16.17,2553760,27.69,22.63,32.88,36.53,69.48,3.13,0.358,23908.13,23.33
Central Asia,2024,35675531,11.24,400992.97,34.09,33.52,80,35.96,56.56,19.23,0.434,11672.86,93.83
Oceania,2022,56390845,25.09,1414846.3,6.75,5.45,80.28,19.28,63.11,8.03,0.205,35605.08,95.74
Central Asia,2023,242411461,12.82,3107714.93,32.16,4.11,99.32,14.52,17.33,20.6,0.171,56255.2,87.05
Northern Africa,2024,200639356,5.72,1147657.12,,27.92,41.26,37.16,33,2.65,0.063,50177.04,32.51
South-Eastern Asia,2024,165240919,3.42,565123.94,59.05,24.55,39.17,32.38,55.83,22.82,0.39,21083.05,39.95
Eastern Asia,2024,237266887,24.46,5803548.06,59.91,37.38,73.06,25.7,18.51,18.69,0.988,68099.08,93.48
Eastern Asia,2024,138735447,18.57,2576317.25,72.16,68.53,77.52,14.22,45.12,28.37,0.567,11312.98,23.27
Western Asia,2021,106219939,24.35,2586455.51,56.2,20.5,94.94,32.34,8.55,6.16,0.204,1406.35,50.52
Eastern Asia,2020,24286701,26.89,653069.39,10.52,3.88,28.28,20.02,32.53,17.03,0.356,,61.44
Northern Africa,2024,165536736,7.85,1299463.38,30.78,8.34,56.3,37.84,26.99,29.05,0.04,28086.6,27.76
Eastern Asia,2021,99347150,6.61,656684.66,6,3.45,31.29,25.35,19.4,21.98,0.678,,61.39
Sub-Saharan Africa,2024,21979549,5.93,130338.73,38.28,33.1,26.73,13.75,46.26,21.51,0.329,63070.91,61.59
Oceania,2022,113830064,5.93,675012.28,84.08,32.51,61.06,25.49,62,16.94,0.273,73460.05,
Central Asia,2024,151523764,8.53,1292497.71,41.12,30.32,45.6,21.59,28.53,23.97,0.705,59992.7,54.58
Europe,2023,97007298,3.98,386089.05,25.69,20.41,81.75,38.5,40.76,7.81,0.062,53892.05,27.51
Oceania,2022,71308706,25.2,1796979.39,38.16,36.81,59.32,25.42,32.52,7.84,0.974,51583.49,69.32
Northern Africa,2020,92905684,21.7,2016053.34,46.22,9.92,44.95,20.68,32.55,33.95,0.188,51608.21,42.59
Western Asia,2022,20604557,6.68,137638.44,75.8,9.18,36.13,18.47,18.75,31.52,0.216,61604.63,91.79
Sub-Saharan Africa,2024,75768279,8.84,669791.59,47.06,10.18,20.94,29.78,34.53,12.42,0.25,49868.47,97.51
Central Asia,2020,206477882,9.58,1978058.11,20.28,3.14,89.51,36.57,47.87,30.13,0.585,59109.9,47.38
Oceania,2021,128575014,24.77,3184803.1,,4.26,39.28,18.97,27.06,12.44,0.82,60843.79,39.75
Western Asia,2024,227596855,10.6,2412526.66,150,39.11,46.53,10.88,19.08,29.88,0.199,,28.78
Oceania,2022,158450482,21.37,3386086.8,,41.77,2.22,17.12,5.98,21.87,0.767,3233.95,33.11
Europe,2024,158305592,7.89,1249031.12,20.62,12.59,17.15,16.01,52.88,30.29,0.355,28297.62,53.8
Eastern Asia,2023,6616727,16.45,108845.16,28.81,23.03,10.34,16.23,54.18,30.69,0.158,unknown,21.62
Western Asia,2020,142154555,21.33,3032156.66,77.46,63.72,75.37,22.3,56.07,3.32,0.19,41654.95,85.38
Europe,2021,223951874,26.38,5907850.44,52.86,23.08,81.8,35.79,13.05,5.86,0.078,48525.56,87.75
Europe,2022,13405939,23.93,320804.12,46.04,36.96,80.86,15.17,30,27.01,0.515,47331.5,22.2
South-Eastern Asia,2021,90450098,19.53,1766490.41,70.92,15.61,2.54,38.43,30.65,32.87,0.503,72484.62,86.38
Europe,2023,102962694,25.34,2609074.67,41.07,38.64,28.12,26.37,64.05,33.46,0.908,13520.72,69.65
Eastern Asia,2020,117058418,21.6,2528461.83,55.05,16.9,56.59,14.39,29.25,3.91,0.208,75333.36,28.08
Europe,2020,24206503,4.93,119338.06,7.06,3.52,12.52,19.52,48.66,17.85,0.925,52786.55,23.07
Western Asia,2024,18702305,21.37,399668.26,48.43,17.13,41.98,39.76,44.37,9.19,0.131,22592.65,67.36
Southern Asia,2020,191728154,17.4,3336069.88,38.04,28.74,82.18,18.28,46.02,29.34,0.648,43274.04,71.46
South-Eastern Asia,2020,120490318,16.4,1976041.22,37.07,22.57,4.95,20.3,53.18,29.11,0.295,73990.94,68.01
South-Eastern Asia,2024,142353841,14.75,2099719.15,49.91,22.34,40.41,19.45,27.99,11,0.477,48868.09,54.02
Latin America and the Caribbean,2022,74844965,10.65,797098.88,28.12,11.06,96.07,17.42,22,12.12,0.509,,92.81
Northern Africa,2021,87349938,28.31,2472876.74,26.52,10.76,34.21,39.85,20.3,14.94,0.436,64026.15,63.25
Southern Asia,2023,249349042,7.48,1865130.83,35.53,30.13,38.74,19.27,65.73,8.12,0.032,58906.23,15.44
Northern Africa,2023,170820193,20.27,3462525.31,29.53,15.71,13.41,27.51,65.78,24.39,0.449,61084.83,24.33
Northern Africa,2021,10440358,17.63,184063.51,13.13,3.73,10.09,29.79,56.27,17.51,0.893,39163.88,78.93
Sub-Saharan Africa,2023,18989936,2.09,39688.97,12.74,6.29,46.04,38.59,17.72,1.87,0.492,79211.18,76.26
Sub-Saharan Africa,2023,20068102,12.07,242221.99,79.08,29.66,99.25,35.02,24.62,10.31,0.771,24484.57,16.41
Southern Asia,2020,51777037,13.94,721771.9,66.56,60.69,89.58,11.33,44.89,18.26,0.557,73888.76,48.15
Eastern Asia,2021,232571625,20.09,4672363.95,66.44,41.59,86.36,36.48,54.02,21.77,0.897,66711.76,55.13
Northern America,2024,80477666,23.08,1857424.53,26.59,17.39,48.97,38.26,35.16,33.73,0.05,68728.44,62.09
Europe,2020,198627714,16.92,3360780.92,26.55,19.32,23.74,22.16,25.09,25.19,0.087,53509.31,66.57
Eastern Asia,2020,122309676,9.62,1176619.08,21.43,6.48,27.03,16.83,12.32,3.77,0.037,64566.24,33.55
Sub Saharan Africa,2022,119320760,10.32,1231390.24,83.06,60.42,58,30.71,59.76,8.1,0.268,56973.89,29.61
Northern Africa,2020,213767081,20.29,4337334.07,26.16,5.86,16.97,31.63,46.44,33.25,0.341,9304.78,71.5
South-Eastern Asia,2020,146810768,29.89,4388173.86,47.04,33.42,59.01,14.75,12.36,1.19,0.521,29986.02,94.32
Northern America,2022,N/A,20.23,1383632.53,150,7.72,16.35,32.86,6.37,12.33,0.786,41383.95,49.25
Northern Africa,2020,173582335,23.56,4089599.81,39.22,4.51,59.63,32.49,66.77,22.93,0.043,,17.52
Sub-Saharan Africa,2021,205503175,18.65,3832634.21,33.97,8.1,78.24,33.47,16.48,31.05,0.742,32362.98,39
South-Eastern Asia,2022,80758220,12.19,984442.7,32.3,17.53,27.66,14.33,37.04,31.65,0.153,29064.94,15.96
Central Asia,2023,194061318,26.27,5097990.82,40.57,26.15,62,29.74,22.04,5.46,0.782,55305.68,56
Eastern Asia,2022,234767042,21.98,5160179.58,8.15,5.14,5.35,22.56,49.26,10.24,0.331,20614.17,42.4
Sub-Saharan Africa,2020,60926404,21.64,1318447.38,72.05,41.07,99.06,18.22,51.32,11.62,0.65,42673.31,54.03
Northern America,2021,136861948,29.55,4044270.56,42.49,8.79,2.12,28.98,36.26,9.43,0.935,24395.65,47.78
Latin America and the Caribbean,2020,88802538,5.39,478645.68,27.41,20.85,61.54,39.07,5.1,18.64,0.395,25317.19,85.36
Northern Africa,2021,206982806,29.3,6064596.22,60.48,11.9,57.66,34.87,28.79,12.17,0.705,76097.08,57.51
Northern Africa,2022,59157866,12.28,726458.59,,26.68,52.23,22.91,50.54,13.37,0.354,20720.74,35.37
Europe,2022,170426622,3.03,516392.66,8.03,7.71,87.72,25.81,25.47,7.63,0.6,77840.57,41.44
Southern Asia,2021,197199370,26.07,5140987.58,,15.55,84.08,22.3,16.05,23.1,0.74,1912.09,76.61
Sub-Saharan Africa,2020,75497560,4.1,309540,74.04,35.44,84.3,31.53,11.84,32.85,0.199,43130.5,93.71
Latin America and the Caribbean,2023,73709032,27.8,2049111.09,47.47,35.59,91.19,36.28,57.86,30.46,0.725,22924.1,95.5
Oceania,2022,153007359,25.09,3838954.64,31.77,16.54,38.31,12.34,52.91,7.94,0.565,31112.87,52.69
Sub-Saharan Africa,2020,78344478,16.1,1261346.1,48.26,35.25,25.79,15.85,39.15,15.11,0.878,43855.22,66.17
Europe,2022,178373921,3.27,583282.72,150,6.69,39.59,19.52,30.82,19.18,0.447,32063.16,80.37
Northern Africa,2023,172959975,24.06,4161417,76.11,9.53,71.02,21.16,37.34,21.27,0.126,66026.87,83.45
Eastern Asia,2024,1307218,28.12,36758.97,13.4,7.63,16.28,38.26,47.8,33.39,0.787,70564.29,97.03
Sub-Saharan Africa,2022,35533808,25.77,915706.23,31.13,11.78,28.35,30.59,14.24,30.07,0.559,58392.7,27.93
Central Asia,2024,194333349,29.08,5651213.79,29.62,9.73,87.63,37.55,42.14,10.19,0.491,39013.69,24.1
Latin America and the Caribbean,2023,182361902,27.91,5089720.68,28.31,24.83,55.55,25.21,37.03,12.46,0.705,49468.38,64.3
Northern America,2022,186869808,14.59,2726430.5,45.37,3.86,71.88,37.6,49.16,18.68,0.646,16237.38,31.34
Central Asia,2021,155882875,15.83,2467625.91,55.67,34,65.9,16.08,51.43,13.01,0.802,41769.78,72.84
Central Asia,2023,18481238,23.14,427655.85,71.99,11.32,3.32,23.45,14.51,24.39,0.367,17020.83,58.78
Europe,2024,140124103,29.72,4164488.34,38.82,35.56,55.53,31.47,36.33,28.57,0.279,52534.99,40.95
Southern Asia,2023,138368893,14.65,2027104.28,27.02,20.91,62,26.99,21.19,17.52,0.687,unknown,80.98
South-Eastern Asia,2021,132077721,19.2,2535892.24,,13.15,8.68,27.8,31.75,12.14,0.398,42198.11,57.73
Northern Africa,2021,200363626,17.61,3528403.45,11,5.85,89.47,27.56,66.64,2.3,0.605,,
Latin America and the Caribbean,2024,152350032,6.66,1014651.21,38.42,15.58,8.05,15.96,23.4,23.48,0.967,50280.3,21.84
Northern Africa,2020,196457080,22.01,4324020.33,82.67,78.97,28.04,28.56,68.44,13.21,0.634,31590.68,50.5
Europe,2023,48463562,10.88,527283.55,27.79,24.28,97.39,15.47,45.6,8.03,0.366,65024.37,15.25
Central Asia,2022,137118362,9.2,1261488.93,59.03,29.18,66.25,21.12,17.03,10.6,0.448,54357.6,31.4
Oceania,2020,84908592,4.96,421146.62,42.34,26.29,57.38,30.83,24.89,4.98,0.051,48838.85,37.87
Northern Africa,2021,152422977,6.57,1001418.96,,12.93,64.77,36.49,49.72,7.95,0.576,52458.58,45.27
Northern America,2024,62090400,-22.51,1397654.9,20.17,5.94,20.26,14.37,52.83,21.17,0.455,60465.81,69.05
Central Asia,2021,80594659,27.28,2198622.3,5.62,4.37,67.68,15.46,45.6,25.57,0.602,36143.65,68.87
Northern Africa,2023,220575286,7.49,1652108.89,50.48,39.84,86.37,31.61,69.22,15.78,0.029,15988.62,61.39
Sub-Saharan Africa,2020,136018420,26.96,3667056.6,35.94,34.54,97.31,31.86,24.43,34.87,0.686,53324.49,46.89
Europe,2021,202063721,25.82,5217285.28,64.54,37.01,28.98,19.81,23.9,21.39,0.556,21734.44,97.93
Northern Africa,2022,28846875,12.37,356835.84,18.15,12.76,77.95,24.02,13.38,24.32,0.324,22627.33,94.19
Northern Africa,2021,177746261,4.74,842517.28,84.33,44.83,91.83,12.93,55.22,19.77,0.049,73952.67,82.3
Sub-Saharan Africa,2021,14156331,2.67,37797.4,66.67,43.25,68.74,23.82,18.97,9.14,0.153,71398.29,
Latin America and the Caribbean,2020,123384509,26.92,3321510.98,35.79,7.22,62.03,10.51,5.99,15.9,0.988,59850.33,73.89
Southern Asia,2023,32620445,25.72,838997.85,11.5,4.03,63.41,32.64,46.15,20.46,0.262,16258.03,47.48
Europe,2020,26572100,22.44,596277.92,54.5,22.18,22.57,30.75,18.37,16.01,0.542,52379.18,35.5
South-Eastern Asia,2020,27635629,16.74,462620.43,5.12,4.99,43.14,18.61,45.66,13.81,0.956,20297.57,83.93
Latin America and the Caribbean,2023,159135644,-11.61,1847564.83,68.29,53.85,31.3,21.83,60.32,24.08,0.305,14644.47,93.35
Western Asia,2022,199735523,26.5,5292991.36,150,62.86,7.77,20.81,30.06,6.67,0.309,53338.47,81.77
Northern America,2022,13554239,21.43,290467.34,49.34,41.93,7.4,11.42,6.6,26.84,0.535,37078.82,80.01
Western Asia,2022,187376486,27.95,5237172.78,67.75,50.41,36.03,28.89,17.36,24.7,0.907,5673.51,69.84
South-Eastern Asia,2024,229255865,26.14,5992748.31,23.86,3.37,24.57,23.52,39.98,22.77,0.933,24679.01,57.43
Oceania,2021,42172968,7.07,298162.88,14.95,12.93,9.91,30.5,47.61,18.88,0.76,948.9,26.22
Europe,2021,4859596,21.11,102586.07,81.84,77.16,33.77,30.48,69.85,12.05,0.354,26177.93,34.64
Europe,2024,210734234,4.21,887191.13,65.32,46.19,8.88,35.49,5.92,9.63,0.296,34917.64,55.43
Eastern Asia,2020,36271555,20.07,727970.11,71.49,49.34,82.7,29.53,37.36,33.44,0.18,25777.72,76.89
Europe,2022,61195532,6.13,375128.61,42.09,34.61,72.69,31.71,28.57,25.02,0.484,13294.45,85.2
Northern America,2023,59230976,15.13,896164.67,17.22,7.33,52.05,11.38,48.66,4.66,0.6,46844.89,83.04
Oceania,2024,161739841,2.53,409201.8,83.4,7.21,10.76,31.11,9.22,2.93,0.127,5123.07,75.91
Oceania,2022,68794467,17.67,1215598.23,74.82,23.97,28.89,16.18,47.18,28.31,0.367,53113.44,36.09
Southern Asia,2024,106991716,25.64,2743267.6,54.45,24.22,32.9,34.77,6.82,18.27,0.697,55419.29,84.39
Central Asia,2024,125162583,4.41,551966.99,34.22,14.73,15.42,34.91,55.67,7.33,0.589,20401.4,52.39
Latin America and the Caribbean,2024,20431010,15.58,318315.14,,17.94,64.31,29.86,18.74,26.86,0.195,35780.23,90.25
Latin America and the Caribbean,2022,178600415,15.65,2795096.49,53.41,29.94,21.34,10.29,50.39,0.14,0.647,65538.79,28.62
Oceania,2024,25936142,23.67,613908.48,74.51,42.26,36.51,10.56,61.58,19.43,0.335,,66.19
South-Eastern Asia,2024,132666829,4.52,599654.07,22.87,22.85,38.72,17.76,7.03,10.96,0.079,62687.67,57.95
Central Asia,2023,58637077,17.95,1052535.53,54.91,34.69,55.94,21.5,49.39,16.98,0.202,,77.85
Northern America,2022,193343291,16.26,3143761.91,55.9,33.63,52.48,20.27,19.87,12.19,0.575,7583.82,61.77
Sub-Saharan Africa,2021,162741286,17.85,2904931.96,37.84,8.84,33.3,13.03,40.71,22.54,0.658,66313.51,27.55
Southern Asia,2024,58632533,18.79,1101705.3,5.74,4.99,46.62,14.61,10.17,19.8,0.337,38118.16,91.17
Sub-Saharan Africa,2020,74160689,17.85,1323768.3,44.24,40.37,39.53,26.3,61.07,33.91,0.888,10666.42,25.49
Central Asia,2023,210771998,22.22,4683353.8,12.82,5.57,69.69,29.77,41.27,3.83,0.467,38350.31,73
South-Eastern Asia,2023,98432162,10.81,1064051.67,41.48,24.12,2.8,24.2,10.17,23.02,0.4,45071.5,18.54
Western Asia,2023,164181690,23.64,3881255.15,44.3,28.92,40.23,30.76,12.22,14.27,0.999,,68.79
Northern America,2023,189336142,29.05,5500214.93,8.37,4.07,38.99,17.96,42.21,15.76,0.546,14997.84,32
Northern America,2024,137144651,27.47,3767363.56,56.4,53.77,84.72,17.12,68.64,21.09,0.714,,50.32
Latin America and the Caribbean,2024,194301677,23.55,4575804.49,40.51,3.28,1.99,34.17,37.12,28.28,0.768,72824.43,92.34
Oceania,2023,44858974,9.42,422571.54,20.25,8.97,27.97,17.25,13.88,31.13,0.275,7561.73,40.55
Northern Africa,2022,111137756,18.6,2067162.26,40.73,16.57,82.9,14.35,48.96,18.46,0.372,72298.5,50.47
Northern Africa,2021,59581309,5.03,299693.98,10.58,4.97,37.01,37.85,66.95,7.12,0.244,26430.61,85.93
Eastern Asia,2022,208493672,14.83,3091961.16,43.86,20.14,23.56,30.81,21.66,32.6,0.869,5001.91,96.77
Northern America,2020,10433649,14.58,152122.6,65.87,54.07,22.15,23.71,28.71,30.02,0.714,51101.52,92.06
South-Eastern Asia,2020,10983149,18.59,204176.74,45.4,28.05,90.19,16.46,46.35,31.11,0.392,17952.1,49.86
Southern Asia,2020,76866391,11.78,905486.09,53.32,6.7,19.05,25.25,23.09,17.06,0.597,18271.11,68.22
Latin America and the Caribbean,2022,143997480,4.13,594709.59,50.28,8.07,1.92,10.37,18.17,23.71,0.359,26809.48,21.42
Sub-Saharan Africa,2024,152528167,6.88,1049393.79,75.94,74,75.1,20.78,19.8,32.93,0.583,52562.27,22.68
Sub-Saharan Africa,2023,65883422,28.42,1872406.85,53.48,47.82,63.09,28.05,34.13,20.33,0.329,50650.31,51.73
Europe ,2023,187568071,22.98,4310314.27,75.32,45.68,58.91,26.62,57.71,6.16,0.553,69348.36,96.46
Europe,2021,64309866,17.11,1100341.81,13.23,3.36,12.64,25.64,50.05,31.5,0.034,64924.49,94.54
Northern Africa,2020,132016375,5.21,687805.31,27.75,26.34,72.27,26.51,58.69,3.13,0.221,79931.05,77.46
Europe,2024,55911249,13.88,776048.14,80.17,63.43,2.01,12.52,30.01,8.55,0.874,3464.29,47.53
Central Asia,2021,203022781,29.73,6035867.28,35.14,11.71,63.74,10.79,21.35,21.24,0.629,3948.73,24.98
Northern Africa,2024,238251674,14.58,3473709.41,75.6,27.45,54.71,31.47,66.53,32.99,0.412,11559.24,80.52
Northern Africa,2020,20458166,17.03,348402.57,,7.27,87.15,33.9,30.07,18.93,0.995,30417.46,95.51
Latin America and the Caribbean,2023,236233831,16.68,3940380.3,35.14,34.41,36.81,23.24,17.06,11.75,0.818,70958.41,50.19
Oceania,2022,214052516,23.19,4963877.85,62.62,58.36,1.42,31.97,59.05,5.83,0.45,8238.59,
Eastern Asia,2024,125810378,5.16,649181.55,12.62,8.47,8.3,26.43,6.75,29.51,0.304,64091.81,
Europe,2021,94616552,2.49,235595.21,62.95,19.6,93.14,38.48,41.3,23.97,0.798,13658.78,74.69
Central Asia,2024,84917701,8.95,760013.42,28.08,14.39,44.19,26.3,48.39,26.63,0.596,68879.87,96.16
Oceania,2022,198970418,19.06,3792376.17,150,56.35,97.17,10.7,66.38,23.36,0.321,6126.49,30.89
Eastern Asia,2023,64733279,8.25,534049.55,66.2,51.14,61.22,31.87,52.57,16.48,0.05,10246.86,59.43
Sub-Saharan Africa,2024,177481170,17.23,3058000.56,70.25,55.68,12.44,37.7,42.89,28.59,0.64,7085.57,22.84
Europe,2024,248205532,20.37,5055946.69,57.6,13.55,57.45,32.15,27.37,28.4,0.111,26099.3,84.05
South-Eastern Asia,2020,230378060,28.26,6510483.98,55.74,9.4,6.62,10.4,47.3,34.57,0.149,,83.06
Southern Asia,2021,11400412,5.21,59396.15,50.35,37.07,87.69,33.23,31.92,25.36,0.684,25917.13,28.42
Southern Asia,2024,166254604,8.89,1478003.43,21.34,14.9,23.49,19.33,66.26,18.56,0.035,34878.58,57.7
Northern America,2022,105397090,4.57,481664.7,84.49,61.94,26.28,37.19,42.57,26.04,0.246,4253.92,62.71
Europe,2022,167130065,19.24,3215582.45,44.27,16.35,48.33,15.92,17.53,33.49,0.726,56981.18,92.3
South-Eastern Asia,2020,195537557,14.71,2876357.46,50.59,4.18,40.96,10.95,64.16,24.49,0.457,10670.12,65.2
Europe,2024,140833160,5.51,775990.71,73.57,20.49,98.6,19.06,37.59,16.53,0.465,18779.39,19.75
Sub-Saharan Africa,2020,27382948,29.34,803415.69,28.32,25.91,57.97,22.02,39.1,23.44,0.591,51394.21,63.99
Latin America and the Caribbean,2020,63264557,28.25,1787223.74,57.63,20.72,95.82,17.49,19.98,24.86,0.281,33297.38,87.1
South-Eastern Asia,2021,209335302,12.13,2539237.21,34.67,5.98,77.24,16.77,50.23,20.72,0.026,6593.89,19.84
Southern Asia,2023,159912329,21.85,3494084.39,66.21,15.63,10.84,13.85,22.29,26.43,0.953,47044.4,38.31
South-Eastern Asia,2024,202722050,18.81,3813201.76,76.32,32.14,73.66,34.26,58.15,7.34,0.022,54228.55,64.62
Latin America and the Caribbean,2020,219497526,25.65,5630111.54,82.13,55.74,74.81,18.78,12.89,12.77,0.89,23484.71,22.91
Southern Asia,2021,142890313,2.36,337221.14,12.3,11.4,69.12,34.01,10.44,34.62,0.892,64158.97,23.21
South-Eastern Asia,2024,118073524,4.17,492366.6,42.62,27.11,35.31,20.04,36.86,30.09,0.58,24431.29,23.26
Eastern Asia,2021,14100814,22.73,320511.5,20.6,3.18,37.84,16.54,43.78,21.51,0.651,59584.85,19.51
Southern Asia,2021,5904734,4.66,27516.06,,55.35,25.32,36.33,30.94,2.52,0.065,52817.66,34.55
Oceania,2024,118989469,18.62,2215583.91,13.13,12.54,28.33,38.37,54.05,2.84,0.916,6970.7,38.68
Europe ,2022,211180134,22.45,4740994.01,36.82,26.26,84.15,14.49,49.75,25.14,0.039,5087.89,94.85
Northern America,2022,169793902,4.33,735207.6,9.4,7.19,62.07,15.88,41.32,11.6,0.694,26705.99,95.93
South-Eastern Asia,2020,21662358,29.01,628425.01,58.44,12.04,15.08,33.38,36.71,28.01,0.954,48765.71,81.63
Southern Asia,2023,120840489,21.6,2610154.56,54.17,35.79,65.2,18.56,61.11,28.95,0.305,16310.44,20.52
Europe ,2024,195130443,25.87,5048024.56,11.6,5.77,12.73,25.81,32.33,24.73,0.405,28563.16,72.38
Eastern Asia,2023,205600087,27.02,5555314.35,79.58,33.2,69.52,38.35,42,4.01,0.189,,80.67
Central Asia,2023,46232882,27.24,1259383.71,71.73,46.31,43.67,34.85,50.44,12.55,0.782,45362.56,28.75
Southern Asia,2024,222406582,24.36,5417824.34,60.34,4.68,74.59,19.09,27.55,27.19,0.966,49116.27,84.45
Central Asia,2024,191716998,19.94,3822836.94,72.62,57.87,68.42,37.66,16.24,6.94,0.035,33889.68,35.13
Eastern Asia,2024,136027643,13.48,1833652.63,74.13,33.66,92.54,13.69,19.19,14.68,0.198,25754.23,24.3
Europe,2022,49130008,23.62,1160450.79,76.36,18.44,79.15,27.11,42.53,15.56,0.476,26839.09,77.57
South-Eastern Asia,2023,1769499,29.65,52465.65,81.3,12.02,45.76,20.08,33.27,5.79,0.09,79783,54.59
Eastern Asia,2023,61679169,18.23,1124411.25,83.15,75.78,53.75,17.43,58.01,5.48,0.179,52118.84,45.13
Sub-Saharan Africa,2023,58632328,17.35,1017270.89,,3.44,66.95,13.16,9.54,6.02,0.29,66128.8,21.85
Western Asia,2023,219979891,4.55,1000908.5,77.93,15.76,17.15,33.17,38.64,4.09,0.494,10977.23,35.03
Europe,2021,115160963,18.35,2113203.67,45.38,37.14,28.98,23.99,55.67,20.82,0.779,52813.59,25.41
South-Eastern Asia,2024,201140529,18.77,3775407.73,32.01,14.39,99.27,33.49,60.34,13.12,0.659,1998.34,89.97
South-Eastern Asia,2022,35511980,11.51,408742.89,59,42.38,84.99,34.14,35.46,7.56,0.43,9611.14,85.02
Southern Asia,2022,239482784,8.57,2052367.46,18.03,13.74,57.36,11.4,50.78,20.7,0.89,16265.9,79.51
Northern Africa,2022,121769331,27.84,3390058.18,34.65,30.22,52.03,28.25,15.12,1.14,0.666,23988.18,28.36
Latin America and the Caribbean,2020,44349678,14.21,630208.92,21.03,11.45,10.51,11.53,24.59,18.03,0.743,8946.4,73.89
Europe ,2022,127179757,25.54,3248170.99,56.24,8.56,64.62,37.03,24.99,15.58,0.899,20609.02,89.16
Southern Asia,2023,246963818,17.99,4442879.09,57.72,45.31,49.99,27.75,53.14,13.31,0.516,60000.26,27.68
Southern Asia,2023,193523081,28.15,5447674.73,76.87,8.56,92.2,33.2,35.16,7.28,0.817,29883.74,44.83
Europe,2022,16625172,2.59,43059.2,50.17,32.95,28.17,34.37,8.56,26.42,0.824,61347.27,86.71
Central Asia,2023,229520432,25.89,5942283.98,34.98,7.78,57.27,15.5,48.55,23.72,0.781,972.88,46.51
Western Asia,2020,43788285,17.29,757099.45,77.68,59.74,3.52,31.4,5.22,5.72,0.762,77993.12,64.01
Oceania,2024,238308354,22.18,5285679.29,34.43,10.21,79.84,12.64,40.52,13.1,0.374,74819.53,47.26
Europe,2020,38784549,23.57,914151.82,77.78,65.42,37.71,27.64,26.66,3.51,0.532,45694.13,79.63
Europe,2021,60070104,12.98,779709.95,14.15,4.29,2.99,18.89,19.85,16.45,0.503,unknown,60.63
Western Asia,2022,67750823,28.77,1949191.18,57.37,36.36,12.13,32.99,52.14,12.32,0.623,12748.89,25.79
Europe,2022,154612119,24.71,3820465.46,37.05,15.05,82.85,20.31,17.96,6.79,0.313,28595.65,55.38
Western Asia,2021,80545872,15.61,1257321.06,59.33,21.89,59.58,10.99,28.57,25.5,0.35,5778.87,44.13
Oceania,2021,144135957,13.03,1878091.52,14.26,6.08,18.02,30.8,52.69,5.77,0.53,2462.49,74.53
Central Asia,2021,60429764,2,120859.53,25.65,10.72,29.96,20.68,21.74,7.5,0.017,,62.25
Western Asia,2024,203743799,12.97,2642557.07,67.88,56.4,50.82,30.89,32.9,10.24,0.638,51535.98,74.21
Latin America and the Caribbean,2023,144950521,9.26,1342241.82,51.87,23.45,36,16.81,41.8,11.94,0.278,44585.34,41.11
Latin America and the Caribbean,2023,27227251,10.33,281257.5,61.38,36.38,43.02,22.22,24.76,11.63,0.776,47296.53,23.34
Central Asia,2023,65868938,20,1317378.76,,3.14,96.08,33.79,6.55,22.49,0.978,10137.09,20.88
Europe,2021,147860658,17.84,2637834.14,77.47,31.61,13.98,13.07,6.45,33.92,0.697,54577.08,
South-Eastern Asia,2021,41147793,3.61,148543.53,33.04,24.58,26.17,16.84,56.5,18.9,0.963,52918.09,27.28
Western Asia,2021,140536611,23.91,3360230.37,42.11,11.67,28.67,26.37,26.81,8.12,0.149,60779.5,61.95
Sub Saharan Africa,2023,65778731,21.86,1437923.06,52.06,33.5,97.31,35.33,56.02,7.27,0.638,67688.05,43.22
Southern Asia,2020,N/A,9.88,296082.9,22.41,7.37,64.44,17.88,66.13,29.66,0.648,58700.72,20.97
Central Asia,2022,33920933,18.11,614308.1,83.04,34.15,66.77,28.05,56.16,25.11,0.274,7214.48,22.33
Latin America and the Caribbean,2021,13782537,27.16,374333.7,68.67,4.57,1.34,33.63,25.85,12.8,0.413,72534.43,84.06
South-Eastern Asia,2024,229959814,5.57,1280876.16,52.34,9.63,41.18,30.61,6.83,19.04,0.656,59155.74,17.57
Northern America,2022,1651670,17.22,28441.76,74.86,64,79.61,36.24,69.13,22.39,0.573,28006.91,43.82
Western Asia,2023,161029036,13.79,2220590.41,25.86,7.08,93.36,32.54,68.27,13.64,0.756,10246.45,93.45
Central Asia,2024,208819811,2.79,582607.27,81.14,59.74,85.06,32.42,16.07,27.47,0.938,13009.47,22.47
Northern Africa,2024,242611357,19.91,4830392.12,15.65,6.68,28.13,15.88,27.86,21.03,0.335,20764.36,46.91
Europe,2024,116037102,5.29,613836.27,48.44,7.89,67.8,19.13,41.09,22.26,0.925,44020.22,69.49
Europe,2023,65232881,29.73,1939373.55,6.88,3.94,91.5,31.25,37.33,18.88,0.315,14989.48,52.38
South-Eastern Asia,2021,59260719,27.69,1640929.31,61.24,45.34,33.9,38.19,13.19,20.07,0.177,22593.85,86.23
Latin America and the Caribbean,2022,31757325,3.4,107974.9,5.79,5.71,62.73,22.39,52.27,23.8,0.737,16370.91,77.93
Oceania,2022,47426255,10.35,490861.74,70.12,34.78,16.01,32.45,62.82,6.22,0.845,29000.59,51.93
Oceania,2021,236505161,23.98,5671393.76,24.58,18.28,67.31,21.65,23.63,18.68,0.828,29531.94,96.57
Sub Saharan Africa,2020,84970624,12.05,1023896.02,50.5,47.53,31.16,23.87,54.89,4.81,0.369,12905.53,54.78
Central Asia,2024,155929526,23.47,3659665.98,73.43,57.12,18.06,14.86,28.75,13.45,0.89,15612.31,61.79
Eastern Asia,2022,40381469,4.22,170409.8,39.37,34.7,78.73,25.78,64.42,18.73,0.244,75025.61,60.57
Sub-Saharan Africa,2021,55954018,21.51,1203570.93,54.31,46.72,91.84,23.85,16.3,7.35,0.562,53923.1,59.77
Northern Africa,2020,155617961,21.83,3397140.09,9.93,9.83,50.45,18.72,48.27,9.96,0.764,26213.85,87.54
Northern America,2022,117436131,4.42,519067.7,74.57,48.01,57.31,38.23,15.89,1.91,0.445,18710.71,21.95
South-Eastern Asia,2024,173702610,21.73,3774557.72,8.46,5.3,79.98,34.51,57.57,11.18,0.43,,35.53
Sub-Saharan Africa,2021,159602325,25.71,4103375.78,80.96,79.87,37.44,13.75,25.83,27.73,0.668,18916.43,19.16
Oceania,2022,3310757,7.69,25459.72,65.02,58.3,83.82,38.84,53.74,9.93,0.153,24914.08,77.02
Western Asia,2024,93808617,3.15,295497.14,84.69,34.27,34.05,19.44,50.52,16.05,0.556,44954.24,51.54
Eastern Asia,2024,119466103,10.25,1224527.56,79.27,50.99,55.99,13.63,32.53,32.33,0.432,27012.34,27.51
Northern Africa,2023,190481233,11.72,2232440.05,78.94,76.34,62.89,27.41,60.95,30.83,0.79,16494.69,24.52
Latin America and the Caribbean,2022,237975667,7.59,1806235.31,16.12,4.56,79.97,38.69,20.43,15.16,0.611,70983.36,61.87
Eastern Asia,2024,158974328,25.51,4055435.11,40.36,26.46,88.3,16.85,10.8,18.52,0.539,51405.46,96.9
South-Eastern Asia,2021,121116778,5.14,622540.24,47.45,34.29,46.83,20.47,43.06,7.63,0.888,40644.21,31.45
South-Eastern Asia,2024,111883057,21.83,2442407.13,56.96,55.52,1.14,16.81,61.7,27.44,0.851,43177.13,59.23
Southern Asia,2021,153759861,21.44,3296611.42,79.16,53.47,19.97,25.28,43.64,22.12,0.442,18620.64,56.53
South-Eastern Asia,2020,162375796,23.07,3746009.61,25.8,12.67,36.81,27.91,38.9,2.16,0.359,19429.86,61.51
Western Asia,2023,87055177,15.44,1344131.93,26.53,11.79,67.59,35.26,37.99,6.22,0.436,14761.92,69.45
South-Eastern Asia,2021,205839191,3.19,656627.02,67.88,56.16,48.85,34.53,10.66,24.62,0.4,20558.1,83.49
Sub-Saharan Africa,2024,196944310,27.92,5498685.14,54.51,3.17,46.75,18.24,6.76,18.73,0.637,30632.69,31.92
Oceania,2020,118674895,26.09,3096228.01,78.38,43.81,88.57,16.38,11.22,10.22,0.428,20957.06,96.03
Central Asia,2021,142795880,27.75,3962585.67,42.37,16.85,52.16,30.96,14.61,32.11,0.657,36269.51,48.02
Central Asia,2023,22588764,24.8,560201.35,26.19,18.16,48.56,29.87,15.04,24.81,0.464,838.98,51.05
Oceania,2024,101999350,2.95,300898.08,48.42,7.99,11.24,29.97,65.98,22.13,0.008,24493.5,95.48
Northern America,2024,72006984,19.24,1385414.37,16.77,4.99,16.49,36.32,55.94,20.68,0.885,67338.93,59.72
Eastern Asia,2023,76669645,16.08,1232847.89,,54.89,26.47,39.23,47.94,6.49,0.184,71815.03,64.96
Western Asia,2022,138345145,3.1,428869.95,42.14,35.41,47.14,26.18,42.75,31.01,0.548,53520.27,
Northern Africa,2023,35179055,21.69,763033.7,20.19,7.61,53.71,26.35,33.94,5.4,0.671,77319.31,85.29
Western Asia,2024,153128009,20.56,3148311.87,28.77,8.61,5.75,14.59,13.04,20.36,0.343,33333.02,26.43
Northern America,2023,87103813,26.24,2285604.05,73.61,45.03,11.8,30.19,25.55,30.17,0.485,unknown,23.12
Sub-Saharan Africa,2021,240605456,8.8,2117328.01,23.72,21.71,26.12,34.23,67.02,33.1,0.386,,42.09
Europe,2021,78649811,27.84,2189610.74,50.29,10.58,59.81,21.26,17.47,29.61,0.59,13476.73,26.68
Sub-Saharan Africa,2024,161689022,15.01,2426952.22,,16.12,85.57,18.76,65.49,26.75,0.515,58101.5,58.84
South-Eastern Asia,2022,96452114,21.43,2066968.8,16.77,6.37,26.11,29.18,26.67,19.49,0.479,1205.65,92.76
Oceania,2024,10427355,26.3,274239.44,35.1,34.47,24.57,26.3,6.81,16.47,0.79,3097.14,88.74
Latin America and the Caribbean,2021,238445581,20.5,4888134.41,53.04,46.84,87.1,22.2,60.28,8.08,0.652,51929.32,40.22
Oceania,2023,155298799,28.48,4422909.8,75.6,74.74,40.81,21.56,27.67,14.12,0.57,23439.66,68.72
Western Asia,2020,121125627,5.07,614106.93,59.04,56.17,81.74,30.92,29.28,31.82,0.566,51973.01,92.16
Northern America,2021,49624894,28.14,1396444.52,75.47,27.72,1.98,19.37,17.28,19.84,0.713,21522.49,22.39
Northern America,2020,6674422,4.93,32904.9,25.49,7.86,35.63,28.85,40.33,15.67,0.97,19669.63,61
Sub-Saharan Africa,2022,28534219,19.71,562409.46,29.89,15.38,20.78,21.78,57.2,20.17,0.712,54190.12,77.8
Eastern Asia,2023,242323429,16.07,3894137.5,47.79,15.22,53.84,17.3,22.31,8.65,0.21,42663.53,74.19
Oceania,2022,220619555,10.87,2398134.56,73.96,6.65,14.61,21.71,23.13,27.17,0.696,61550.92,39.93
Oceania,2024,216220851,4.28,925425.24,48.15,28.09,89.73,36.17,9.58,6.97,0.538,,79.35
Northern America,2023,6639028,27.26,180979.9,24.01,6.93,89.42,28.03,69.79,4.05,0.261,46252.71,39.51
Europe ,2020,38724627,5.82,225377.33,,38.75,11.61,27.86,22.35,20.72,0.659,73722.17,82.11
Oceania,2024,147825379,18.15,2683030.63,44.78,22.3,78.53,19.84,13.14,30.17,0.678,17565.85,92.5
Northern America,2024,164724013,6.44,1060822.64,27.39,4.98,97.23,38.21,20.3,25.68,0.818,7126.74,82.8
Oceania,2023,166496083,17.63,2935325.94,54.51,26.82,38.85,25.01,68.17,25.49,0.518,27571.03,17.77
Southern Asia,2021,40113382,24.98,1002032.28,79.48,7.67,36.62,39.73,40.37,5.87,0.54,17104.37,54.7
Southern Asia,2023,21237967,7,148665.77,46.46,9.35,51.64,22.62,12.91,9.98,0.415,18254.34,66.02
Sub Saharan Africa,2023,218224710,7.37,1608316.11,18.9,14.27,7.41,31.12,49.19,16.59,0.087,32784.25,50.59
Oceania,2022,199874286,8.65,1728912.57,82.25,70.19,50.35,17.89,67.45,4.61,0.332,18182.45,49.72
Europe,2020,140294726,13.33,1870128.7,18.94,6.58,66.6,35.14,30.99,21.38,0.289,54754.54,67.45
Southern Asia,2021,50691423,26.59,1347884.94,14.66,12.56,91.71,39.46,61.7,27.38,0.469,40116.59,29.26
Sub-Saharan Africa,2023,22175560,17.43,386520.01,84.41,70.41,43.38,32.4,51.08,25.82,0.31,50183.2,65.72
Oceania,2024,235551353,16.66,3924285.54,44.88,36.78,18.54,27.03,59.73,27.52,0.313,38721.8,81.4
Northern America,2023,168459145,20.53,3458466.25,68.09,46.07,93.81,19.16,54.33,28.13,0.073,70674.5,83.58
Western Asia,2022,210033160,18.81,3950723.74,8.27,5.83,67.54,28.48,55.73,23.8,0.823,61144.28,81.82
Eastern Asia,2024,246971553,11.46,2830294,83.15,59.04,19.19,24.81,17.94,29.62,0.484,56040.26,
Northern Africa,2024,33386905,7.17,239384.11,60.78,60.05,62.63,26.96,21.14,15.39,0.066,49330.8,56.77
Central Asia,2022,87893344,16.36,1437935.11,34.36,12.22,75.29,34.48,58.29,8.13,0.416,45589.31,93.09
Oceania,2020,184191715,6.43,1184352.73,62.49,52.02,43.78,10.72,14.6,23.23,0.104,39928.26,90.49
Oceania,2021,116840771,9.65,1127513.44,43.18,11.81,87.63,14.61,68.7,4.27,0.847,41024.18,89.2
Oceania,2020,217406486,11.58,2517567.11,79.79,72.39,23.43,14.72,63.63,6.41,0.809,8579.65,41.1
Southern Asia,2021,199994716,29.47,5893844.28,71.18,67.21,38.02,28.9,39.66,19.38,0.933,71339.32,67.84
Southern Asia,2021,249958039,27.89,6971329.71,60.08,30.05,20.55,39.97,8.38,2.03,0.267,22460.88,50.05
Southern Asia,2020,43122362,28.43,1225968.75,29.53,23.13,25.13,34.17,33.93,21.2,0.071,30686.34,
Northern America,2021,80365784,7.04,565775.12,15.06,12.88,46.66,15.21,69.75,34.8,0.989,1777.49,54.4
Northern America,2023,217874217,-15.51,3379229.11,27.28,15.6,18.91,28.03,14.97,20.8,0.324,63183.05,30.57
Northern America,2022,84681921,26.12,2211891.78,29.61,29.09,61.64,17.13,36.21,10.8,0.708,74940.86,17.05
Sub-Saharan Africa,2022,193902034,29.72,5762768.45,20.79,12.91,45.26,20.65,27.12,26.87,0.175,3750.75,91.2
Central Asia,2022,201127524,23.02,4629955.6,15.4,8.76,12.19,39.23,6.04,14.53,0.587,,49.62
Southern Asia,2020,113052717,12.08,1365676.82,36.19,34.37,58.93,26.34,9.72,23.29,0.356,2063.3,74.54
Central Asia,2020,203677391,9.7,1975670.69,45.32,22.1,96.78,36.24,50.72,7.41,0.965,38385.25,21.78
South-Eastern Asia,2023,172454238,28.2,4863209.51,54.22,24.81,44.73,30.02,47.9,20.46,0.604,62350.02,31.44
Oceania,2022,132986077,5.34,710145.65,42.41,12.21,51.61,33.01,37.29,16.03,0.853,77723.8,91.2
Southern Asia,2022,247755502,18.92,4687534.1,34.02,14.35,28.9,37.21,13.24,12.35,0.603,73952.22,30
Latin America and the Caribbean,2021,58852405,26.59,1564885.45,31.43,17.04,56.42,13.74,49,25.54,0.211,49760.54,70.81
Southern Asia,2022,211362727,3.32,701724.25,54.4,50.26,53.44,13.44,68.47,19.72,0.753,15932.55,26.43
Western Asia,2021,18384438,23.69,435527.34,150,14.25,23.31,11.39,12.8,30.74,0.156,27278.74,27.07
Northern America,2022,164781783,23.89,3936636.8,51.92,37.99,96.62,27.15,50.84,10.25,0.234,67251.27,93.39
South-Eastern Asia,2023,130841464,27.13,3549728.92,24.81,20.59,58.58,19.97,66.98,6.94,0.441,64191.11,19.68
Northern America,2022,160182346,20.43,3272525.33,19.66,3.81,80.69,17.02,14.1,9.77,0.324,35128.34,40.2
Southern Asia,2020,212898375,11.43,2433428.43,63.95,29.8,93.02,37.09,41.41,24.7,0.504,32834.81,57.09
Central Asia,2024,69521674,28.96,2013347.68,70.09,27.55,64.52,33.75,41.56,31.98,0.013,13027.32,78.93
Northern America,2021,95367965,27.31,2604499.12,57.83,47.7,10.18,28.24,54.67,18.19,0.647,68042.49,23.3
Northern Africa,2020,99069182,-24.12,2389548.67,,18.43,32.39,35.27,54.79,4.79,0.149,21861.08,76.54
Eastern Asia,2020,8700360,21.23,184708.64,20.35,7.8,31.59,10.4,66.5,18.96,0.966,41220.91,36.13
Europe,2023,217554370,13.64,2967441.61,25.51,23.67,96.75,20.76,37,31.04,0.53,62617.97,
Northern America,2024,190923447,28.13,5370676.56,70.6,22.17,55.48,25.22,32.46,3.53,0.439,31019.09,85.57
Sub-Saharan Africa,2024,198940621,14.76,2936363.57,68.68,46.11,44.58,29.9,58.77,22.06,0.381,unknown,83.34
Central Asia,2020,147968093,23.93,3540876.47,79.81,6.99,90.51,14.46,56.82,12.96,0.181,25605.3,
Southern Asia,2023,118622537,17.64,2092501.55,74.93,41.75,51.72,20.7,26.81,32.64,0.627,33685.18,65.77
Eastern Asia,2022,100017830,23.74,2374423.28,59.62,3.13,40.7,22.04,69.52,14.28,0.466,74544.96,88.7
Eastern Asia,2024,105517162,16.38,1728371.11,32.9,16.66,7.95,14.91,23.58,14.63,0.362,63273.25,46.81
Sub-Saharan Africa,2024,112268788,24.83,2787634.01,,45.37,4.98,28.04,68.42,30.24,0.69,5279.13,40.46
Southern Asia,2024,29146645,13.85,403681.03,9.22,8.38,41.68,24.83,35.79,17.57,0.225,63628.91,74.98
Oceania,2023,22920917,24.65,565000.6,57.55,52.83,73.92,23.44,55.9,8.81,0.286,29398.19,64.88
Northern America,2020,161930164,9.44,1528620.75,24.41,21.18,29.9,13.8,62.21,25.36,0.643,29170.34,24.04
South-Eastern Asia,2022,107752573,2.43,261838.75,150,6.66,31.56,15.09,41.64,17.85,0.309,17926.22,78.34
Sub-Saharan Africa,2023,214999256,12.77,2745540.5,81.74,70.29,85.39,33.93,48.04,18.47,0.199,42926.08,68.37
Europe,2023,196022306,11.71,2295421.2,42.06,35.75,6.8,39.83,68.24,11.56,0.421,16529.03,68.76
Europe,2021,98483694,27.59,2717165.12,25.94,16.68,51,13.75,56.5,2.24,0.962,55126.32,70.86
Southern Asia,2020,19659822,29.29,575836.19,81.99,57.2,23.63,14.74,43.45,2.27,0.397,30077.92,25.36
Sub-Saharan Africa,2022,4670616,24.19,112982.2,17.29,10.12,96.99,19.09,20.6,8.67,0.971,40793.98,51.53
Northern America,2023,10900522,9.76,106389.09,51.5,4.44,36.51,39.89,29.35,31.96,0.567,9097.44,61.17
Oceania,2022,100474093,11.39,1144399.92,22.73,22.45,39.82,35.08,12.52,8,0.456,12092.61,44.47
Sub-Saharan Africa,2020,4424116,14.94,66096.29,67.6,56.81,45.73,12.67,54.57,28.18,0.057,56436.55,60.96
Latin America and the Caribbean,2022,22552682,16.1,363098.18,74.95,29.56,38.82,12.75,56.3,22.59,0.836,33491.54,48.52
Northern Africa,2020,121971350,6.94,846481.17,48.89,36.25,25.2,11.77,64.95,34.74,0.112,47901.2,77.84
Western Asia,2023,127349042,20.67,2632304.7,84.16,68.7,66.57,35.27,55.32,5.76,0.757,2355.84,62.95
Southern Asia,2020,3600275,7.71,27758.12,27.83,16.75,47.3,11.35,33.3,17.3,0.204,19001.12,65.61
South-Eastern Asia,2023,145494347,9,1309449.12,65,50.85,66.59,20.38,63.82,23.39,0.927,68242.92,69.42
Latin America and the Caribbean,2021,24224167,28.8,697656.01,57.84,31.57,66.78,20.56,12.24,15.8,0.314,22644.04,22.36
Northern Africa,2023,74226752,25.38,1883874.97,30.31,9.61,36.25,37.9,42.33,30.33,0.764,42275.92,67.07
Southern Asia,2023,233149435,5.88,1370918.68,32.83,15.58,85.46,31.47,11.33,2.51,0.551,11277.99,33.44
Sub-Saharan Africa,2020,149110146,19.48,2904665.64,46.28,27.71,5.92,39.36,30.53,18.52,0.301,,41.45
Oceania,2020,151138729,10.84,1638343.82,74.44,17.77,33.41,12.35,51.69,19.48,0.631,31350.79,46.86
Northern America,2023,232967508,12.98,3023918.25,75.39,14.43,63.4,27.27,68.85,32.99,0.951,57762.71,51.83
South-Eastern Asia,2021,35812857,29.88,1070088.17,77.11,23.21,76.71,27.44,65.73,2.22,0.742,62604.65,62.18
Northern America,2021,216848920,14.15,3068412.22,13.75,4.16,35.81,19.12,60.7,7.1,0.284,54383.35,25.79
Western Asia,2021,242898841,26.89,6531549.83,29.36,16.94,88.91,37.66,9.74,9.95,0.712,23026.31,54.34
Southern Asia,2021,161189557,24.31,3918518.13,16.18,4.3,78.62,31.68,52.73,7.59,0.446,16259.81,
Western Asia,2022,4931813,21.47,105886.03,48.18,27.61,86.76,10.39,68.49,7.81,0.757,78411.02,96.25
Sub-Saharan Africa,2022,156951494,10.4,1632295.54,,4.93,85.95,31.38,8.28,28.6,0.446,30299.62,67.58
Southern Asia,2020,193529371,8.6,1664352.59,6.42,5.9,45.75,29.47,8.42,23.41,0.042,37404.6,89.24
Europe,2024,64425893,19.7,1269190.09,47.11,32.64,28.23,30.99,26.63,23.3,0.282,24929.2,90.99
Central Asia,2020,178238448,8.6,1532850.65,,42.2,66.71,30.65,20.13,20.24,0.349,unknown,82.06
Latin America and the Caribbean,2023,74871496,10.92,817596.74,33.96,13.57,57.69,27.3,51.62,21.15,0.576,61637.35,20.27
Eastern Asia,2021,219258297,11.36,2490774.25,35.37,22.91,85.79,15.83,59.66,11.55,0.868,67006.34,15.87
Eastern Asia,2023,8010587,13.87,111106.84,45.1,30.35,13.5,21.03,21.11,22.8,0.23,66822.44,39.68
Europe ,2022,70842163,11.73,830978.57,55.66,51.91,81.23,37.86,27.07,24.68,0.98,11034.53,41.23
Europe ,2022,185829846,29.78,5534012.81,25.96,7.91,6.51,36.8,30.34,28.31,0.083,,82.79
Eastern Asia,2024,89399329,4.71,421070.84,52.72,42.95,53.49,10.11,61.69,31.19,0.063,38885.81,22.51
Europe,2021,152788947,11.22,1714291.99,57.8,37.82,79.03,11.53,48.34,3.92,0.923,26588.6,
Sub Saharan Africa,2023,141352040,2.21,312388.01,8.69,7.46,85.93,35.23,66.62,24.99,0.214,50904.92,67.7
Northern Africa,2022,220376291,8.9,1961348.99,53.45,38.31,31.77,34.59,43.9,24.1,0.652,25836.61,49.6
Europe,2023,29558973,16.12,476490.64,38.37,19.65,42.7,16.36,52.79,20.54,0.26,5803.21,77.19
South-Eastern Asia,2020,135073979,12.43,1678969.56,15.49,11.13,86.29,36.92,12.87,4.49,0.821,40787.29,68.01
Sub-Saharan Africa,2020,61143396,2.13,130235.43,22.36,20.82,27.88,26.91,49.33,31.4,0.333,68841.46,
South-Eastern Asia,2023,204145782,22.34,4560616.77,20.15,5.32,48.59,34.1,13.24,10.73,0.381,56574.01,62.89
Western Asia,2022,201593419,14.65,2953343.59,42.44,3.52,87.97,15.46,16.15,9.12,0.063,35539.06,60.48
Oceania,2023,200530508,24.31,4874896.65,49.98,7.02,49.8,13.9,5.57,30.16,0.523,60051.63,17.26
Latin America and the Caribbean,2020,228568745,25.48,5823931.62,24.02,11.08,46.63,27.69,19.06,4.22,0.403,79676.54,18.63
Europe,2022,228237335,9.79,2234443.51,66.17,26.85,93.16,35.46,49.16,6.55,0.149,79769.55,16.12
Northern Africa,2024,80679766,4.33,349343.39,9.67,5.52,19.8,24.12,37.41,8.84,0.791,60735.6,82.7
Europe,2021,136938794,11.42,1563841.03,76.97,26.06,3.99,13.53,59.24,9.85,0.57,63342.81,97.72
Central Asia,2023,77957024,22.32,1740000.78,,8.25,31.56,12.56,52.5,22.03,0.39,42802.59,84.68
Central Asia,2021,131582117,14.73,1938204.58,42.8,39.08,71.59,14.29,46.97,34.01,0.473,,55.64
Oceania,2020,117206834,3.6,421944.6,45,28.91,97.8,12.45,66.21,7.57,0.346,79175.77,
South-Eastern Asia,2022,146352572,21.81,3191949.6,33.07,23.01,9.03,12.65,50.78,25.05,0.742,45528.43,84.47
Latin America and the Caribbean,2022,89939792,7.16,643968.91,24.78,23.21,44.44,17.86,5.72,15.57,0.364,40564.38,92.68
Oceania,2024,108300872,2.57,278333.24,32.55,18.01,74.81,35.28,29.73,12.39,0.952,30471.87,77.76
South-Eastern Asia,2020,168483556,2.66,448166.26,18.69,17.79,48.59,13.97,14.22,3.63,0.568,20640.94,19.23
Latin America and the Caribbean,2023,98940132,6.82,674771.7,,63.95,33.93,25.79,7.3,24.18,0.614,3813.97,65.84
Northern America,2021,146691938,4.89,717323.58,68.47,65.04,47,36.95,62.88,33.9,0.026,43492.52,89.69
Europe,2020,101712708,23.57,2397368.53,79.33,60.51,19.4,13.25,60.13,14,0.735,5055.4,50.53
Latin America and the Caribbean,2021,166677484,20.5,3416888.42,25.18,22.19,42.17,32.86,43.9,34.12,0.367,57899.02,60.36
Eastern Asia,2023,19908986,5.88,117064.84,80.93,70.71,56.32,39.47,38.22,29.95,0.1,75392.04,17.57
Northern America,2022,51294461,22.42,1150021.82,58.3,5.69,42.2,15.68,41.36,11.61,0.163,14302.07,46.17
Oceania,2021,100223430,12.42,1244775,33.35,24.6,28.63,34.46,64.28,2.28,0.891,63519.83,
Southern Asia,2023,122893462,26.76,3288629.04,15.65,11.29,36.47,18.65,33.5,20.58,0.408,,87.53
Northern Africa,2021,141548571,24.01,3398581.19,26.68,11.03,35.61,17.09,42.65,10.8,0.502,38033.74,94.31
Sub Saharan Africa,2023,99654396,11.21,1117125.78,23.57,12.26,57.22,28.31,12.44,22.39,0.864,66711.76,33.97
Northern America,2023,85928837,-20.24,1739199.66,22.46,19.91,41.53,28.34,55.61,10.74,0.176,40115.55,69.8
Northern Africa,2020,24931654,20.91,521320.89,77.59,29.83,62.86,26.87,15.27,3.81,0.572,unknown,19.32
Central Asia,2023,47432122,23.13,1097104.98,23.24,16.28,7.71,20.05,61.74,5.9,0.917,27488.09,27.46
Latin America and the Caribbean,2023,40983614,10.65,436475.49,62.81,46.5,7.92,30.47,36.04,6.41,0.519,48315.56,26.55
Northern America,2021,165632811,14.55,2409957.4,8.86,3.35,97.4,19.6,40.83,6.08,0.234,21194.63,37.48
Northern Africa,2021,162013122,13.56,2196897.93,7.3,5.02,37.15,24.35,57.88,25.24,0.109,79922.47,41.73
Central Asia,2024,193642100,10.02,1940293.84,44.46,18.07,59.38,34.94,8.99,20.37,0.515,63858.96,85.47
Oceania,2021,189299885,13.13,2485507.49,29.06,16.74,77.01,39.27,15.8,32.63,0.771,46535.86,54.43
Europe,2022,222633126,16.85,3751368.17,77.35,46.11,71.41,13.87,57.1,26.72,0.868,25763.79,39.2
Sub-Saharan Africa,2022,9245583,4.9,45303.36,48.03,25.27,27.63,32.7,14.96,4.89,0.887,39098.81,
Oceania,2022,127126264,28.36,3605300.85,64.2,46.49,33.51,27.39,52.05,33.02,0.05,47119.33,85.97
Europe,2024,60562503,17.11,1036224.43,32.49,27.43,27.08,31.73,38.69,26.3,0.667,37532.18,36.64
Southern Asia,2024,82063908,10.93,896958.51,56.88,23.15,93.61,33.5,15.01,11.76,0.657,31693.78,38.76
Western Asia,2024,53512069,8.92,477327.66,21.22,8.97,63.34,31.71,13.59,23.74,0.569,1556.05,
Southern Asia,2023,222140947,4.8,1066276.55,39.27,8.84,42.67,23.06,9.72,27.7,0.382,49836.36,20.81
Oceania,2022,67741291,21.36,1446953.98,32.87,31.11,24.53,26.13,67.59,23.56,0.087,60629.7,75.24
Southern Asia,2022,31913593,5.31,169461.18,84.79,24.18,1.69,19.07,65.96,27.01,0.715,26944.22,37.51
South-Eastern Asia,2021,235811849,23.6,5565159.64,34.7,24.51,20.86,23.54,10.68,14.89,0.543,78547.19,48.23
South-Eastern Asia,2021,114579812,8.98,1028926.71,,23.44,38.06,16.77,16.21,22.41,0.003,53404.77,25.89
Oceania,2022,105520578,26.94,2842724.37,14.23,5.36,69.22,13.63,34.8,5.61,0.91,51282.13,
Eastern Asia,2021,150837092,8.93,1346975.23,45.09,10.61,25.48,36.99,18.05,19.82,0.257,33036.51,64.23
Central Asia,2022,47074970,10.43,490991.94,56.59,4.68,91.69,35.08,38.61,21.99,0.695,60854.8,83.29
Oceania,2020,35718303,14.67,523987.51,27.2,3.33,49.99,37.27,51.89,0.6,0.728,63028.13,97.21
Oceania,2023,232328809,14.29,3319978.68,80.18,48.29,15.01,18.52,31.79,0.13,0.102,46086.74,16.71
Europe,2022,188247925,22.83,4297700.13,64.27,34.09,68.11,31.77,33.29,26.25,0.984,12278.03,54.38
South-Eastern Asia,2024,166403180,21.5,3577668.37,65.75,41.31,37.35,14.95,32.15,6.92,0.118,74216.53,46.29
Central Asia,2021,152645323,6.66,1016617.85,82.81,36.64,92.46,35.67,64.44,25.86,0.242,32420.74,69.81
Central Asia,2020,171263035,9.85,1686940.89,82.18,7.28,96.87,20.8,63.43,22.39,0.136,35358.68,46.43
Oceania,2023,149708944,9.43,1411755.34,30.41,18.12,82.72,10.02,31.82,11.49,0.09,28607.03,78.73
Central Asia,2023,203430687,23.84,4849787.58,75.64,4.95,24.71,38.31,16.63,17.54,0.914,78390.29,61.65
Eastern Asia,2024,196493859,11.79,2316662.6,48.83,35.71,15.7,26.61,27.09,34.85,0.236,48391.29,56.05
Europe,2022,151574032,16.08,2437310.43,60.1,3.1,57.55,26.11,12.13,3.08,0.761,13177.83,26.33
Southern Asia,2023,20204405,5.34,107891.52,78.42,26.9,79.85,19.86,12.46,31.06,0.868,5245.07,49.2
Europe,2022,116704986,15.13,1765746.44,41.64,18.17,51.34,14.09,68.74,22.83,0.03,11205.37,44.22
Sub-Saharan Africa,2020,118905082,4.71,560042.94,17.57,16.45,81.06,37.64,36.38,24.59,0.604,45807.43,31.4
Southern Asia,2022,140815029,25.9,3647109.25,27.97,25.56,56.35,20.33,24.4,34.99,0.982,39646.48,97.23
Sub-Saharan Africa,2022,93115501,25.09,2336267.92,26.53,14.03,80.89,16.34,24.49,13.01,0.26,31068.7,59.97
Sub Saharan Africa,2022,184453026,13.17,2429246.35,35.71,28.9,89.37,11.18,52.64,26.82,0.075,37965.92,82.03
Southern Asia,2023,20913072,13.59,284208.65,150,52.81,68.43,24.86,67,12.14,0.406,unknown,54.36
Northern Africa,2020,35152349,26.62,935755.53,33.21,23.08,9.66,16.05,40.55,0.92,0.528,18225.28,81.86
Western Asia,2022,238975165,14.32,3422124.36,150,49.55,27.34,18.46,36.5,24.41,0.02,22052.71,51.72
Latin America and the Caribbean,2020,180666659,13.81,2495006.56,40.24,26.69,8.84,18.22,66.07,6.66,0.562,49295.95,61.21
Sub-Saharan Africa,2021,65652220,29.92,1964314.42,29.09,27.45,56.68,26.42,17.95,26.67,0.644,51745.21,59.63
Oceania,2020,185412855,20.83,3862149.77,34.14,10.05,69.63,33.78,56.81,2.22,0.027,70313.6,87.04
Southern Asia,2020,72911944,21.97,1601875.41,74.06,7.62,77.66,29.91,9.98,21.26,0.646,74290.92,77.22
Europe,2020,66075607,23.11,1527007.28,15.51,12.61,21.13,34.59,39.75,19.29,0.753,27283.86,67.69
Europe,2024,188819346,5.89,1112145.95,37.97,6.08,71.52,13.96,16.18,19.78,0.615,37669.45,95.96
Southern Asia,2021,195148791,29.3,5717859.58,6.82,5.59,88.73,22.59,16.19,14.95,0.442,12619.23,97.81
Oceania,2020,207735717,23.72,4927491.21,11.67,3.06,51.29,35.35,18.29,0.84,0.988,62295.13,48.11
Northern Africa,2020,151410181,3.22,487540.78,42.86,31.95,67.67,28.25,33.93,24.75,0.744,78287.7,92.92
Western Asia,2024,28662978,7.96,228157.3,34.17,19.96,41.31,29.25,67.33,15.93,0.556,43847,35.84
Northern Africa,2023,228051209,7.4,1687578.95,48.36,4.87,99.38,12.62,40.9,12.38,0.843,75265.83,87.12
Europe,2021,111992777,14.83,1660852.88,46.78,17.86,78.82,22.69,57.38,12.59,0.102,57486.22,87.06
Central Asia,2023,245052486,19.32,4734414.03,150,3.32,51.09,11.21,61.98,33.85,0.789,63503.41,29.61
Eastern Asia,2023,73297566,23.33,1710032.21,66.15,17.31,40.98,26.18,44.2,20.24,0.442,7559.34,
Western Asia,2023,78599930,13.76,1081535.04,58.99,26.49,52.79,35.93,37.83,22.67,0.196,833.8,32.36
Southern Asia,2021,125862041,16,2013792.66,,59.73,46.27,27.34,20.88,19.84,0.321,48962.63,
Eastern Asia,2022,85069895,28.16,2395568.24,67.7,43.78,47.55,16.69,35.15,27.04,0.143,78957.46,41.37
Latin America and the Caribbean,2023,248507099,7.2,1789251.11,40.47,37.91,49.54,33.68,29.27,21.98,0.974,38172.58,40.04
Sub-Saharan Africa,2022,70094030,23.29,1632489.96,33.19,29.12,23.2,24.77,6.75,32.48,0.139,68291.95,37.88
South-Eastern Asia,2020,69662762,25.71,1791029.61,18.25,8.55,80.17,25.03,17.76,12.22,0.805,60426.1,53.37
Northern Africa,2023,4870617,10.92,53187.14,10.88,8.51,29.09,36.55,16.44,25.03,0.217,79762.12,59.02
Latin America and the Caribbean,2022,89519752,5.58,499520.22,6.17,3.29,1.56,21.16,69.16,26.98,0.947,44614.88,25.47
Sub-Saharan Africa,2024,201943627,2.01,405906.69,57.62,53.51,84.36,27.59,46.52,6.83,0.448,23152.48,35.89
Latin America and the Caribbean,2023,231519813,11.36,2630065.08,53.37,24.39,98.32,14.7,51.99,21.56,0.009,15914.83,44.19
Eastern Asia,2020,177837558,29,5157289.18,77.05,70.9,39.31,13.25,19.06,34.82,0.696,,34.28
Central Asia,2021,12331625,15.98,197059.37,18.29,10.13,84.1,38.8,15.86,5.61,0.779,58423.52,54.61
Western Asia,2020,220452707,3.57,787016.16,61.55,21.45,62.52,32.25,68.85,11.49,0.399,15157.34,93.33
Latin America and the Caribbean,2022,207028869,17.66,3656129.83,,6.53,1.13,19.35,49.18,18.34,0.838,14846.44,27.45
Eastern Asia,2022,47971870,8.1,388572.15,12.36,5.32,48.29,21.67,52,0.16,0.593,49378.77,79.74
Latin America and the Caribbean,2024,84312877,12.02,1013440.78,14.9,9.22,26.94,18,23.05,1.82,0.194,75190.53,32.84
Northern America,2024,228695227,12.96,2963890.14,13.65,10.82,99.82,17.18,55.44,7.11,0.134,32054.39,62.68
Northern America,2024,137565435,5.91,813011.72,26.52,8.66,4.35,38.71,32.35,22.39,0.673,13207.04,74.81
Southern Asia,2022,130956749,14,1833394.49,37.46,33.35,43.17,24.44,22.96,0.82,0.481,27999.87,70.24
South-Eastern Asia,2021,130977079,3.76,492473.82,12.53,5.48,22.02,24.31,6.23,32.13,0.757,73755.69,33.06
South-Eastern Asia,2024,145503556,22.5,3273830.01,81.33,80.64,18.96,25.29,24.58,10.18,0.001,13378.58,51.24
Southern Asia,2024,202398592,17.4,3521735.5,30.41,19.12,25.43,18.59,35.4,17.55,0.315,45359.57,51.53
Northern Africa,2024,222200274,29.85,6632678.18,6.58,5.3,62.88,26.07,58.12,24.82,0.817,55851.49,89.35
Southern Asia,2021,118041643,29.58,3491671.8,74.72,5.87,93.98,22.09,5.81,32.04,0.562,2478.92,63.06
Eastern Asia,2024,130124242,18.83,2450239.48,39.48,8.96,5.19,10.56,15.87,14.49,0.402,75239,85.04
Northern America,2021,192995288,24.06,4643466.63,67.07,63.4,63.11,22.03,14.11,5.32,0.575,49757.02,32.11
Western Asia,2021,8176397,7.34,60014.75,18.08,4.75,80.33,17.61,9.28,4.95,0.841,68613.63,15.39
Central Asia,2024,242261535,29.91,7246042.51,24.43,20.28,9.31,26.93,50.21,11.67,0.331,47189.69,68.74
Northern Africa,2021,214296978,21.69,4648101.45,21.23,14.11,40.71,20.43,50.57,9.89,0.249,60468.28,55.05
Sub-Saharan Africa,2022,201469215,7.55,1521092.57,48.64,37.33,13.93,10.5,60.93,0.33,0.904,63094.28,74.04
Sub-Saharan Africa,2024,82406605,16.37,1348996.12,64.98,4.45,42.3,23.56,5.3,12.1,0.012,17220.42,63.53
Western Asia,2021,224613500,17.59,3950951.46,43.44,16.54,55.46,15.7,26.48,11.85,0.894,31477.65,69.87
Southern Asia,2021,238050760,4.61,1097414,20.09,13.03,91.75,16.35,11.69,13.69,0.482,19922.39,25.46
Southern Asia,2023,153243402,8.52,1305633.79,43.28,8.5,90.57,12.61,16.45,23.79,0.737,3784.16,91.25
Oceania,2020,233672385,6.69,1563268.26,33.93,30.5,70.18,24.27,5.28,1.05,0.168,34931.38,83.05
Europe,2021,178932448,10.93,1955731.66,27.83,13.78,87.03,34.93,32.59,6.31,0.935,37465.71,94.05
Eastern Asia,2021,249470454,2.16,538856.18,,42.88,97.06,18.1,66.75,9.09,0.332,34417.96,19.52
Sub-Saharan Africa,2024,67372274,6.67,449373.07,76.91,35.3,81.68,36.79,69.84,26.31,0.039,31761.4,59.24
South-Eastern Asia,2022,241269606,24.44,5896629.17,79.65,51.47,7.2,16.84,47.68,31.36,0.273,44115.86,83.85
Central Asia,2024,4215463,8.46,35662.82,44.2,12.67,29.87,19.64,27.62,12.03,0.294,37057.51,71.28
Oceania,2022,121677415,27.25,3315709.56,61.48,15.81,61.85,29.94,21.25,23.68,0.973,71945.35,84.33
Northern Africa,2021,206061358,18.18,3746195.49,19.66,8.15,48.82,17.87,29.11,12.78,0.029,14391.56,47.31
Central Asia,2020,209907613,12.2,2560872.88,7.9,3.07,57.23,26.03,39.65,15.68,0.055,,21.87
Western Asia,2020,52708259,23.55,1241279.5,27.92,9.48,8.25,24.17,33.77,2.27,0.584,42563.12,94.7
South-Eastern Asia,2020,65175667,12.06,786018.54,11.48,8.7,9.26,29.63,55.27,20.91,0.649,52697.98,82.63
Northern Africa,2020,158018310,12.82,2025794.73,17.2,8.66,57.2,23.03,40.31,30.18,0.236,53532.36,
Central Asia,2024,213384195,5.64,1203486.86,57.67,36.38,72.63,12.2,42.79,25.11,0.116,31032.81,37.33
Sub-Saharan Africa,2020,222229707,21.96,4880164.37,83.97,65.6,76.01,38.82,33.73,14.84,0.719,28681.61,46.89
Europe,2020,146809034,2.09,306830.88,22.42,17.2,92.25,35.18,63.09,19.48,0.982,61799.65,59.58
Central Asia,2021,110336522,13.04,1438788.25,53.8,47.3,31.83,11.3,29.98,9.54,0.286,67933.75,28.66
Sub-Saharan Africa,2022,175583765,22.42,3936588.01,6.64,5.27,79.91,15.65,55.38,9.05,0.896,74966.48,71.91
Europe ,2020,90533270,25.03,2266047.75,37.11,15.46,99.97,13.89,65.99,28.12,0.37,14599.77,20.96
Southern Asia,2023,239343093,24.43,5847151.76,48.07,38.25,24.27,23.11,61.09,29.05,0.414,35021.33,72.34
Western Asia,2024,236462718,28.67,6779386.13,18.31,7.01,48.45,20.32,18.24,24.71,0.093,75801.09,91.12
Sub-Saharan Africa,2022,76304324,15.13,1154484.42,34.57,33.62,10.2,35.34,63.77,16.76,0.425,30982.36,50.96
Northern America,2022,194107093,8.81,1710083.49,30.26,22.6,88.26,19.72,31.41,20.61,0.276,55862.42,78.41
Central Asia,2022,144973676,11.9,1725186.74,30.48,19.63,18.96,14.04,60.24,15.24,0.738,51958.05,73.13
Western Asia,2024,236450968,8.46,2000375.19,150,6.76,72.3,31.8,22.07,13.05,0.725,58754.24,34.08
Southern Asia,2020,112173073,27.97,3137480.85,12.96,3.03,85.55,36.98,56.22,27.06,0.235,43170.56,69.08
Sub-Saharan Africa,2024,138971180,11.79,1638470.21,23.71,7.82,74.29,22.24,49.13,19.75,0.691,78079.8,71.6
Sub-Saharan Africa,2023,113106141,24.81,2806163.36,17.39,11.71,10.32,30.58,60.1,6.48,0.627,31913.34,27.89
Northern Africa,2022,248798513,20.3,5050609.81,48.74,31.48,7.75,24.4,25.45,11.83,0.077,53770.33,56.64
Central Asia,2022,43801706,22.98,1006563.2,61.89,28.01,16.43,20.61,42.07,5.85,0.631,29995.35,
Southern Asia,2023,173637179,15.88,2757358.4,32.25,28.52,1.85,29.83,69.03,2.79,0.135,14967.33,54.21
Northern Africa,2024,155273334,3.02,468925.47,9.66,9.51,51.3,16.6,26.35,33.92,0.006,41920.74,57.52
Northern America,2023,28897606,24.56,709725.2,71.03,25.63,90.67,38.87,57.23,3.93,0.226,44898.71,93.42
Central Asia,2020,N/A,16.98,3013996.1,23.5,11.44,95.7,34.22,65.9,3.24,0.188,68542.05,78.56
Eastern Asia,2022,4835017,14.63,70736.3,45.58,42.16,15.98,25.8,20.71,29.84,0.807,41662.32,27.96
Europe,2020,34366252,5.01,172174.92,48.65,19.93,68.96,15.34,26.65,31.77,0.125,31500.52,65.49
Northern America,2021,218715560,29.15,6375558.57,,55.82,76.93,26.35,27.36,6.32,0.156,68515.44,79.38
Europe,2022,14487365,16.25,235419.68,33.4,26.77,76.02,32.14,31.81,15.78,0.256,16450.21,30.01
Europe,2022,124260014,18.06,2244135.85,78.65,33.9,96.54,24.73,32.46,32.86,0.737,76026.11,79.65
Latin America and the Caribbean,2023,154410952,14.58,2251311.68,28.84,12.48,49.35,18.24,8.1,7.76,0.615,6149.15,91.56
Eastern Asia,2022,56607728,7.56,427954.42,28.67,20.09,5.03,18.86,20.67,7.45,0.993,47943.94,66.93
Sub Saharan Africa,2024,94018458,19.31,1815496.42,16.61,10.42,12.82,28.32,40.33,1.31,0.352,22862.94,87.99
Sub-Saharan Africa,2020,53248602,19.33,1029295.48,79.58,11,89.29,38.23,5.35,20.19,0.106,35015,84.22
Sub-Saharan Africa,2024,249597936,5.44,1357812.77,84.42,47.52,63.79,17.42,10.76,19.75,0.387,53826.28,35.42
South-Eastern Asia,2024,168997071,22.82,3856513.16,11.84,7.9,39.69,20.62,24.37,14.57,0.439,61242.93,62.71
Latin America and the Caribbean,2022,128388720,27.63,3547380.33,55.75,52.68,60.15,24.33,14.94,20.28,0.739,65026.36,15.91
South-Eastern Asia,2021,198865669,21.19,4213963.53,71.01,18.25,59.66,22.05,12.27,24.26,0.347,36464.61,90.29
Northern America,2020,191437613,17.37,3325271.34,15.48,13.58,89.58,21.33,41.94,12.29,0.624,3154.25,71.98
Southern Asia,2023,21495281,21.1,453550.43,74.12,35,55.28,29.95,53.07,32.97,0.556,14275.55,83.95
Oceania,2021,93637738,4.53,424178.95,31.57,6.84,56.11,33.08,58.48,28.66,0.638,8278.18,39.59
Sub-Saharan Africa,2021,124383349,22.25,2767529.52,37.16,30.76,13.68,38.76,59.2,33.75,0.844,18370.39,50.56
Southern Asia,2020,89422515,4.1,366632.31,59.39,48.38,4.29,11.39,12.18,19.56,0.45,50841.49,23.96
Northern America,2023,242312822,4.97,1204294.73,46.83,21.57,21.91,28.63,29.53,25.49,0.936,9677.16,41.11
South-Eastern Asia,2020,149777680,2.69,402901.96,74.16,55.18,59.52,18.07,48.73,1.63,0.417,37360.02,65.1
Northern Africa,2020,113205926,2.05,232072.15,83.33,3.42,85.78,26.61,33.56,30.28,0.978,4742.67,92.14
Latin America and the Caribbean,2023,199119359,27.37,5449896.86,43.72,5.42,5.35,22.3,61.82,11.07,0.817,52190.59,16.09
Southern Asia,2022,3029859,19.28,58415.68,,25.31,58.55,21.86,41.39,33.49,0.507,3508.27,54.52
Southern Asia,2021,242495841,14.13,3426466.23,67.06,51.6,44.64,15.77,56.06,28.26,0.475,24739.16,50.64
Europe ,2023,180698229,11.54,2085257.56,57.15,46.47,64.95,35.3,11.93,27.4,0.16,25026.26,57.04
Southern Asia,2021,234680421,19.23,4512904.5,79.52,73.02,47.42,30.33,34.98,9.25,0.904,3550.3,28.03
Northern Africa,2021,112070560,23.59,2643744.51,33.51,32.69,26.83,32.55,15.75,17.64,0.645,64557.86,42.57
Northern America,2021,74234670,7.21,535231.97,61.11,60.2,15.84,15.33,9.87,27.29,0.672,34591.38,36.08
Southern Asia,2024,84034376,16.52,1388247.89,33.19,15.04,55.34,37.33,58.16,0.85,0.708,56088.56,43.29
Northern Africa,2021,188784072,2.31,436091.21,74.66,30.53,23.4,38.2,35.59,18.35,0.45,50169.21,81
Central Asia,2020,6116282,10.01,61223.98,48.67,37.48,93.24,32.02,8.21,24.63,0.013,60982.71,90.24
Oceania,2020,225235714,14.29,3218618.35,80.01,21.46,35.17,11.69,10.54,5.16,0.426,15273.56,81.54
Eastern Asia,2023,23901623,3.57,85328.79,22.05,16.08,98.92,21.51,26.36,30.55,0.057,72438.05,57.27
South-Eastern Asia,2020,227155054,6.76,1535568.17,77.96,22.68,65.99,39.71,12.16,0.65,0.467,36358.65,84.44
Southern Asia,2020,191536534,13.61,2606812.23,64.1,49.74,2.13,20.83,45.09,21.12,0.213,35420.35,86.99
Latin America and the Caribbean,2022,110404976,6.59,727568.79,76,38.76,41.51,17.63,29.26,27.13,0.365,59741.56,45.41
Western Asia,2022,192406890,27.16,5225771.13,43.06,34.19,44.42,36.85,52.53,10.81,0.825,5568.49,67.29
Western Asia,2020,47514542,23.05,1095210.19,44.53,10.31,55.53,16.45,25.45,27.67,0.06,40290.34,57.79
Northern Africa,2020,225557370,15.54,3505161.53,59.11,37.55,36.93,12.77,24.12,0.57,0.284,47008.95,26.31
Latin America and the Caribbean,2020,91205944,8.27,754273.16,16.53,11.28,66.33,34.24,64.82,32.18,0.828,76721.01,50.71
Northern America,2023,230165736,21.15,4868005.32,35.79,18.97,80.69,32.38,23.24,17.53,0.834,25810.4,86.23
Southern Asia,2023,147679095,4.21,621728.99,18.09,17.16,74.99,38.31,12.58,12.36,0.246,68507.25,81.93
Sub-Saharan Africa,2023,13068697,11.07,144670.48,37.89,8.83,22.05,16.01,57.36,29.17,0.554,1761.07,16.51
Europe ,2023,206630066,11.94,2467162.99,79.36,42.16,6.99,10.24,13.1,14.48,0.829,24504.25,92.91
Europe,2024,42014144,5.71,239900.76,25.08,20.07,58.24,28.64,31.55,8.58,0.991,37294.82,75.48
Western Asia,2023,66609264,14.05,935860.16,42.55,18.38,3.47,10.69,41.62,6.77,0.195,unknown,89.33
Northern America,2021,161347618,2.95,475975.47,33.08,15.79,42.71,22.49,9.97,22.62,0.623,70479.19,68.54
Northern Africa,2020,152073055,23.79,3617817.98,7.44,6.45,32.36,25.64,25.78,24.71,0.879,72888.49,95.64
Southern Asia,2022,31995695,3.98,127342.87,69.89,65.08,62.29,30.99,29.79,13.93,0.367,12479.54,50.97
South-Eastern Asia,2020,27093216,9.46,256301.82,46.79,40.59,25.22,35.1,42.32,8.16,0.572,67413.63,32.8
Western Asia,2020,48384860,6.01,290793.01,22.54,22.52,80.39,39.2,40.22,1.36,0.958,23302.8,95.64
Northern Africa,2023,166437169,10.03,1669364.81,35.41,17.23,75.19,21.67,49.57,17.14,0.272,,44.43
Latin America and the Caribbean,2022,243677763,20.84,5078244.58,27.4,11.26,48.04,12.29,46.43,12.6,0.193,18254.08,
Latin America and the Caribbean,2024,25274907,10.7,270441.5,150,16.24,80.09,28.45,11.03,20.12,0.458,45072.15,55.23
Latin America and the Caribbean,2024,142623570,28,3993459.96,8.49,5.52,69.85,11.94,60.69,27.48,0.045,6216.9,71.28
Europe ,2023,197012041,10.21,2011492.94,11.41,9.45,97.4,39.88,27.61,19.56,0.578,27520.6,72.16
Sub-Saharan Africa,2023,114844346,29.17,3350009.57,25.86,22,88.87,16.66,63.2,20.46,0.585,24033.84,53.62
Latin America and the Caribbean,2023,213180530,20.03,4270006.02,23.58,18.4,94.03,29.12,65.54,10.48,0.309,58049.47,38.9
South-Eastern Asia,2020,98114802,22.13,2171280.57,9.74,7.6,67.3,10.6,68.92,0.9,0.66,79538.17,39.77
Eastern Asia,2022,238106458,16.53,3935899.75,150,10.74,22.61,23.93,22.46,29.77,0.152,45420.37,67.01
Northern Africa,2020,95448883,3.12,297800.51,62.7,56.52,79.77,30.08,57.69,30.93,0.662,19944.01,86.94
Latin America and the Caribbean,2022,155565025,16.37,2546599.46,40.9,18.95,78.1,22.7,52.73,25.13,0.594,53127.68,44.38
Northern Africa,2022,15644458,10.9,170524.59,22.79,17.34,61.96,15.37,9.91,30.49,0.807,28386.48,
Oceania,2020,208941959,23.29,4866258.23,39.5,4.33,6.95,22.23,22.75,28.46,0.686,77542.35,36.11
Central Asia,2021,138981211,10.21,1418998.16,55.89,14.78,87.43,30.44,25.9,14.27,0.839,24707.39,35.13
Oceania,2024,145186443,20.63,2995196.32,34.86,32.27,69.75,16.77,44.51,4.35,0.904,53461.77,60.96
Eastern Asia,2023,87107253,27.02,2353637.98,44.53,24.39,94.14,36.12,23.69,11.84,0.928,60328.61,68.5
Latin America and the Caribbean,2023,168357362,9.64,1622964.97,16.62,16.05,41.28,30.3,42.8,18.13,1,69753.86,23.62
Europe,2024,227544692,24.04,5470174.4,,30.04,51.48,26.09,66.71,29.58,0.948,,62.28
Eastern Asia,2022,122534662,26.57,3255745.97,18.95,15.09,24.68,20.67,44.37,6.12,0.742,48716.86,67.76
Southern Asia,2023,111835587,24.73,2765694.07,83.25,44.13,77.65,17.32,26.09,30.34,0.52,75378.52,54.98
South-Eastern Asia,2022,122297565,-2.89,353439.96,82.67,7.26,11.25,16.96,63.27,17.51,0.907,16783.23,32.29
Central Asia,2020,124301127,3.99,495961.5,65.52,64.53,57.41,34.96,64.79,21.21,0.53,6210.4,54.82
Northern Africa,2023,159133743,21.47,3416601.46,67.87,49.07,38.14,13.14,35.87,17.49,0.064,50913.45,39.79
Eastern Asia,2024,46341261,12.95,600119.33,41.81,36.92,32.89,13.65,12.32,7.82,0.437,24435.73,80.98
Southern Asia,2023,149661711,14.05,2102747.04,18.25,9.87,20.79,24.08,18.23,19.69,0.366,3243.6,52.99
Central Asia,2020,205320054,17.37,3566409.34,44.53,43.92,45.88,18.96,31.12,29.9,0.115,71410.58,27.72
Western Asia,2023,181839298,3.54,643711.11,78.08,27.76,77.42,39.99,41.23,23.35,0.228,1670.79,52.6
Oceania,2023,64499190,9.19,592747.56,48.78,25.9,70.69,27.8,28.97,31.76,0.96,59100.37,85.79
South-Eastern Asia,2020,218423477,17.29,3776541.92,39.22,35.5,9.88,27.89,7.86,11.38,0.429,34096.56,23.91
Sub Saharan Africa,2024,185929349,15.17,2820548.22,48.64,43.49,73.71,30.56,6.79,3.12,0.07,6372.35,40.29
Northern Africa,2022,128454446,20.56,2641023.41,11.44,4.74,0.45,17.2,16.6,25.36,0.718,64761.62,84.87
Latin America and the Caribbean,2024,211930667,3.76,796859.31,72.69,54.52,25.27,28.31,50.49,17.39,0.397,36623.09,58.33
Northern Africa,2020,144639942,11.37,1644556.14,35.36,16.7,19.2,28.89,52.25,2.33,0.238,25168.85,56.32
Latin America and the Caribbean,2024,20620522,10.08,207854.86,6.87,4.65,55.76,14.7,48.39,29.4,0.116,79796.45,53.19
Europe,2021,206848268,5.89,1218336.3,56.21,48.16,78.21,33.79,54.47,3.58,0.584,52204.31,51.4
Eastern Asia,2022,143970837,25.13,3617987.13,10.26,8.57,38.63,38.32,6.51,3.22,0.636,12902.11,
Northern America,2024,9952144,20.5,204018.95,34.7,19.29,10.44,30.01,65.1,14.44,0.106,44471.44,97.15
South-Eastern Asia,2022,189499836,20.82,3945386.59,6.33,5,5.75,27.06,45.01,15.21,0.714,8256.71,56.18
Sub Saharan Africa,2021,242247307,25.49,6174883.86,41.44,15.64,32.81,23.16,36.25,17.65,0.415,58375.15,85.95
Central Asia,2021,182317110,22.05,4020092.28,73.08,12.58,59.57,23.46,56.07,25.34,0.472,51255.21,67.51
Western Asia,2023,103507260,18.56,1921094.75,66.25,21.29,5.49,38.46,18.88,20.91,0.597,40557.85,37
Oceania,2022,204820963,8.89,1820858.36,42.57,7.42,86.51,13.23,12.53,24.66,0.744,14682.87,69.11
Southern Asia,2021,32807124,29.05,953046.95,83.94,63.11,27.47,12.43,17.83,8.83,0.094,47758.15,81.77
Central Asia,2023,61249402,28.49,1744995.46,39.48,29.65,70.25,30.96,20.04,13.82,0.545,29210.55,
Europe,2021,102184680,12.87,1315116.83,32.07,28.25,29.5,37.26,9.19,23.54,0.163,29189.92,72.14
Western Asia,2021,179363816,24.57,4406968.96,8.09,6.98,88.34,12.39,44.96,18.6,0.5,4082.8,72.3
Central Asia,2023,207073549,3.18,658493.89,,10.4,18.23,27,46.15,13.78,0.441,32323.68,45.2
South-Eastern Asia,2021,190723965,4.99,951712.59,79.58,32.75,87.92,13.54,52.38,21.45,0.841,39373.15,81.9
Oceania,2021,19735185,6.52,128673.41,56.18,4.62,72.26,20.44,64.59,8.93,0.312,7406.18,81
Northern America,2021,21259889,29.09,618450.17,150,57.69,60.93,22.21,5.55,4.95,0.576,11099.7,51.82
Western Asia,2024,78545688,3.18,249775.29,7.03,3.94,49.27,11.7,9.54,9.33,0.748,15989.43,59.29
Northern America,2020,249793582,-7.04,1758546.82,27.85,17.94,13.55,26.69,17.96,11.83,0.051,48593.92,
Europe,2020,96606770,20.29,1960151.36,69.38,36.3,31.63,21.78,36.86,10.33,0.266,76724.56,40.58
Central Asia,2022,37961144,29.77,1130103.26,72.24,25.75,90.07,34.75,14.34,25.03,0.288,47405.68,35.23
Europe,2020,119471704,18.35,2192305.77,57.19,12.46,94.3,24.92,46.61,5.51,0.148,59235.67,78.18
Latin America and the Caribbean,2023,128905325,23.26,2998337.86,84.25,55.92,78.71,13.75,52.35,5.02,0.443,2768.18,76.58
Northern Africa,2020,186155830,2.41,448635.55,150,6.99,98.73,25.46,69.8,20.73,0.267,16017.14,
Central Asia,2023,184230998,11.3,2081810.28,84.2,83.81,20.17,18.26,48.62,33.94,0.13,31874.02,19.24
Sub-Saharan Africa,2024,24436943,22.63,553008.02,78.74,75.25,9.39,11.13,66.15,25.13,0.414,40850.68,36.89
Northern Africa,2021,50075182,14.57,729595.4,48.53,32.33,32.64,29.32,38.81,21.64,0.84,40159.63,59.15
Western Asia,2023,108257106,26.64,2883969.3,38.12,15.18,38.53,20.69,50.55,32.3,0.345,39315.14,63.61
Latin America and the Caribbean,2023,15383367,3.93,60456.63,13.37,7.97,70.57,39.73,19.49,11.51,0.033,64284.92,77.53
Central Asia,2023,69936828,5.45,381155.71,73.59,34.89,23.44,33.54,12.71,19.68,0.083,65040.83,93.65
Northern America,2022,84855415,22.85,1938946.23,64.71,54.44,88.68,37.36,58.08,5.51,0.066,,32.44
Northern Africa,2024,230174500,6.24,1436288.88,57.02,14.76,82.12,34.25,52.45,27.99,0.493,56143.7,64.76
Southern Asia,2020,58661065,15.2,891648.19,47.94,38.29,54.19,21.92,6.53,17.58,0.831,74564.59,64.3
South-Eastern Asia,2020,11143351,13.96,155561.18,81.87,78.03,7.54,39.83,5.23,19.1,0.73,78644.71,63.39
Northern America,2021,156173177,24.88,3885588.64,52.31,12.3,58.65,25.98,55.01,23.84,0.239,26623.27,27.64
South-Eastern Asia,2024,90792564,4.07,369525.74,59.89,9.96,61.26,23.63,16.24,34.03,0.785,28423.08,70.6
Eastern Asia,2021,205891684,11.73,2415109.45,41.24,21.84,77.31,14.57,44.14,18.63,0.892,15512.2,85.75
Eastern Asia,2020,199973064,23.68,4735362.16,58.49,5.73,74.25,15.31,31.34,10.47,0.128,25908.1,25.76
Southern Asia,2020,9255587,14.79,136890.13,34.23,9.77,24.86,29.59,66.11,30.97,0.855,62970.56,50.34
Western Asia,2021,79038480,26.44,2089777.41,78.78,7.15,41.58,14.03,34.85,24.27,0.413,28390.4,42.03
South-Eastern Asia,2023,78491568,11.47,900298.28,69.4,11.62,56.45,15.47,59.29,0.38,0.284,66508.62,52.95
Northern Africa,2020,110928245,29.5,3272383.23,82.07,12.28,32.48,30.6,40.43,33.81,0.078,15855.29,39.77
Southern Asia,2020,117488524,8.08,949307.27,69.2,64.4,44.41,34.87,47.17,2.23,0.033,16820.67,22.98
Western Asia,2021,232964340,16.02,3732088.73,48.44,35.68,3.99,21.62,62.07,13.17,0.736,2899.02,55.19
Sub Saharan Africa,2022,204299921,8.7,1777409.31,78.79,7.31,53.87,13.25,30.23,7.56,0.271,45036.64,
Sub-Saharan Africa,2020,219481418,6.37,1398096.63,42.09,28.9,16.95,24.56,44.74,1.42,0.059,61914.2,62.2
Europe ,2020,187188959,5.09,952791.8,5.76,5.42,41.9,37.69,31.63,15.17,0.077,77630.59,15.15
Northern America,2023,116626207,29.64,3456800.78,46.6,31.72,31.67,33.91,17.23,11.77,0.951,39418.07,49.88
Southern Asia,2023,162346428,19.09,3099193.31,78.95,16.88,71.61,11.95,36.96,33.97,0.08,43812.16,16.09
Northern Africa,2022,248594747,17.75,4412556.76,27.33,3.12,8.31,11.35,10.31,23.7,0.26,11976.11,74.79
Northern Africa,2021,75511881,24.43,1844755.25,43.66,34.26,86.48,18.18,6.14,10.61,0.539,72221.07,62.27
Eastern Asia,2020,153269897,28.04,4297687.91,42.93,12.33,4.84,20.04,35.76,32.17,0.798,22401,68.3
Europe,2020,191685318,3.74,716903.09,72.33,26.87,28.14,17.45,61.88,2.14,0.91,,43.88
Sub-Saharan Africa,2024,10025214,25.56,256244.47,70.8,32.15,56.69,20.52,10.24,30.52,0.387,,31.97
Oceania,2023,168553122,22.45,3784017.59,41.95,30.6,82.33,37.92,29.81,31.57,0.593,19493.96,84.63
Northern America,2022,127111152,25.38,3226081.04,76.13,57.43,12.61,38.85,37.68,2.4,0.327,51131.33,48.15
Northern Africa,2021,19893856,12.87,256033.93,9.35,3.27,27.92,38.67,51.03,8.27,0.936,79284.1,79.09
South-Eastern Asia,2021,245926331,21.4,5262823.48,49.07,33.81,89.42,10.74,68.6,17.73,0.557,6631.58,67.59
Southern Asia,2020,232928411,27.1,6312359.94,60.37,43.43,91.93,32.31,46.82,23.77,0.044,unknown,51.28
Oceania,2021,225119783,29.95,6742337.5,40.63,22.37,32.91,12.38,10.75,23.71,0.887,28686.38,57.51
Central Asia,2023,71342250,20.87,1488912.76,35.48,32.04,2.72,18.61,34.43,3.69,0.698,29821.44,58.29
Northern America,2020,67894597,22.17,1505223.22,47.85,31.04,79.68,22.19,15.38,17.7,0.237,1775.3,38.6
Latin America and the Caribbean,2022,103653216,3.5,362786.26,26.43,7.8,28.13,33.34,19.32,5.94,0.598,10808.55,72.93
Central Asia,2022,227525846,7.15,1626809.8,39.89,35.68,53.54,15.12,11.98,5.48,0.045,38024.95,23.16
Eastern Asia,2021,95834177,11.57,1108801.43,54.66,20.63,36.35,25.62,53.49,25.41,0.391,20483.38,17.64
Sub Saharan Africa,2023,116373204,2.78,323517.51,5.93,3.5,29.49,11.56,45.27,30.49,0.028,44155.57,21.74
Europe,2021,125127045,6.49,812074.52,52.42,22,6.12,35.23,19.72,11.31,0.458,,60.08
Northern America,2021,76358053,26.6,2031124.21,61.25,13.24,4.22,26.66,54.3,15.28,0.846,2723.23,
Europe,2024,191192534,14.85,2839209.13,27.46,3.98,21.96,18.8,6.26,17.35,0.623,36265.95,20.95
Europe,2024,68912878,3.74,257734.16,31.4,3.62,38.98,35.01,21.49,23.83,0.047,8151.51,82.4
Sub Saharan Africa,2024,182188858,2.25,409924.93,68.23,8.53,48.54,21,50.33,24.32,0.491,8550.29,
Southern Asia,2022,64059738,10.62,680314.42,57.41,54.28,44.67,39.84,11.39,15.48,0.849,79984.89,18.61
Northern Africa,2020,229933564,11.58,2662630.67,28.67,26.15,51.27,11.17,17.86,32.31,0.85,68698.87,36.23
Northern America,2021,62355865,10.91,680302.49,30.34,17.46,12.46,14.78,64.06,16.27,0.585,33515.14,84.08
Sub-Saharan Africa,2021,149217990,15.89,2371073.86,28.79,25.09,57.38,16.1,52.69,3.45,0.949,50215.82,61.4
South-Eastern Asia,2022,223999783,7.59,1700158.35,26.78,19.05,29.37,39.97,12.41,24.58,0.254,,23.79
Southern Asia,2024,39895223,6.04,240967.15,,16.31,36.98,12.86,10.76,30.31,0.54,29060.84,82.53
Eastern Asia,2024,201743389,16.6,3348940.26,14.71,11.92,56.91,30.27,10.59,24.32,0.013,unknown,84.89
Northern Africa,2024,56015261,25.97,1454716.33,74.35,20.36,83.37,25.49,18.55,1.63,0.957,75126.84,77.77
Northern America,2023,191779814,26.62,5105178.65,58.64,4.08,17.17,26.98,8.89,29.52,0.359,50459.47,27.2
Sub-Saharan Africa,2024,147579951,4.95,730520.76,60.63,26.06,36.74,16.5,38.48,20.14,0.508,79889.2,54.73
Europe,2024,64684938,13.7,886183.65,,18.03,27.03,38.91,24.01,17.92,0.375,12603.27,34.06
Sub-Saharan Africa,2020,7223312,21.64,156312.47,66.9,19.04,62.81,10.34,34.16,6.08,0.395,32313.55,30.93
Oceania,2022,140307177,21.18,2971706.01,58.76,48.44,75.51,12.6,12,15.58,0.5,18836.09,
Northern America,2023,81631574,29.39,2399151.96,52.21,49.42,32.72,17.4,20.84,18.48,0.686,21495.01,54.43
Latin America and the Caribbean,2022,204357176,28.14,5750610.93,,44.54,72.99,31.33,67.3,5.56,0.894,,45.02
Northern America,2021,62978766,26.63,1677124.54,31.82,12.36,57.54,19.12,68.43,4.97,0.761,24218.53,22.16
Europe,2021,195310888,10.97,2142560.44,33.45,21.86,41.15,19.39,63.89,8.02,0.441,69191.37,28.62
South-Eastern Asia,2021,182741463,10.5,1918785.36,72.63,58.06,50.5,30.8,57.56,14.89,0.132,72824.13,85.21
Sub-Saharan Africa,2020,41039027,6.29,258135.48,8.13,3.82,43.61,29.26,12.33,22.64,0.292,67740.21,69.64
Northern America,2022,44270322,17.99,796423.09,59.61,10.05,69.01,11.44,14.87,11.11,0.406,19084.52,37.35
Oceania,2022,249976665,20.5,5124521.63,31.84,29.31,77.71,38.07,65.42,13.58,0.098,77373.45,83.54
Western Asia,2023,152300958,15.74,2397217.08,28.78,16.71,28.44,32.61,33.83,10.53,0.109,9324.6,60.39
Sub-Saharan Africa,2020,40908755,22.64,926174.21,56.53,51.11,27.7,29.69,53.25,29.28,0.386,25698.56,55.35
Eastern Asia,2020,223509835,21.55,4816636.94,44.7,11.32,98.52,12.29,62.11,10.66,0.375,2698.08,96.51
Sub-Saharan Africa,2024,128481585,28.95,3719541.89,5.49,3.43,86.02,20.73,53.05,34.45,0.564,56659.23,30.35
Eastern Asia,2022,230875494,29.09,6716168.12,14.56,4.01,69.49,26.55,43.67,29.98,0.4,12915.1,63.45
Western Asia,2023,216095686,13.56,2930257.5,8.87,4.38,16.82,15.85,14.67,14.88,0.649,48519.69,37.58
Latin America and the Caribbean,2020,224024889,11.81,2645733.94,58.64,4.21,40.31,26.68,66.59,20.69,0.929,1725.64,43.21
Eastern Asia,2023,23017402,15.49,356539.56,8.22,7.53,73.07,39.8,27.63,28.95,0.359,56165.19,36.1
Eastern Asia,2023,228290670,27.94,6378441.32,14.7,7.33,10.27,29.15,7.73,26.87,0.837,,89.75
Southern Asia,2023,248183772,5.29,1312892.15,61.16,14.44,50.08,37.59,66.74,16.04,0.798,32071.16,27.29
Eastern Asia,2021,84119353,4.56,383584.25,25.04,14.29,86.13,19.55,52.38,7.13,0.471,70923.71,60.31
Western Asia,2021,159126326,11.28,1794944.96,6.68,5.8,67.51,17.12,29.96,11.91,0.687,38773.26,32.77
Oceania,2022,118825170,15.38,1827531.11,41.64,33.09,34.89,38.84,14.26,16.65,0.628,38191.52,87.18
Sub-Saharan Africa,2022,185675312,5.25,974795.39,12.16,5.15,22.66,29.29,16.5,33.64,0.649,4209.07,47.67
Sub-Saharan Africa,2022,74373765,5.98,444755.11,70.44,30.8,43.38,19.45,61.38,28.51,0.052,47707.87,39.24
Europe ,2021,239850388,28.1,6739795.9,50.28,39.51,71.37,35.64,53.49,12.64,0.457,51176.66,38.77
Sub Saharan Africa,2022,94682964,4.28,405243.09,,33.39,12.58,10.71,51.46,28.01,0.691,21628.18,19.44
Central Asia,2020,54811719,14.5,794769.93,53.1,41.49,51.66,19.81,68.72,14.97,0.614,26512.6,
Oceania,2023,227493096,16.79,3819609.08,7.31,4.87,65.31,37.48,14.53,1.59,0.718,41475.87,55.5
Eastern Asia,2021,119643271,4.67,558734.08,19.9,18.65,83.9,24.51,51.47,33.39,0.921,34441.37,62.9
Oceania,2020,125258006,2.55,319407.92,60.14,20.62,85.87,35.67,61.83,14.85,0.965,,43.73
Oceania,2023,209458579,4.06,850401.83,79.96,36.59,23.67,37.49,11.97,14.08,0.212,29706.84,21.31
Eastern Asia,2022,36937634,3.9,144056.77,150,24.23,19.4,12.99,19.35,21.62,0.893,72049.64,62.55
Northern Africa,2021,211821113,10.39,2200821.36,27.8,10.37,42.42,36.84,36.76,18.34,0.261,66017.67,28.74
Southern Asia,2023,147655396,16.62,2454032.68,15.73,5.11,69.14,18.38,9.41,30.31,0.984,60552.18,16.8
Sub-Saharan Africa,2022,179046454,14.49,2594383.12,42.51,7.34,3.31,14.48,11.73,26.14,0.352,,60.91
South-Eastern Asia,2021,130509463,6.18,806548.48,58.88,44.33,98.32,12.75,5.05,13.38,0.927,34563.49,83.12
Latin America and the Caribbean,2022,174515743,14.37,2507791.23,,15.87,86.78,38.57,69.74,11.34,0.717,52636.35,27.75
Eastern Asia,2024,144563004,8.53,1233122.42,54.73,11.04,61.07,32.69,53.19,14.65,0.763,17688.82,28.2
Central Asia,2021,3372767,24.17,81519.78,50.69,22.17,37.67,35.16,22.45,10.38,0.655,68737.15,76.94
Western Asia,2021,90063309,28.29,2547891.01,48.47,36.87,16.66,10.25,9.31,2.03,0.536,16580.15,64.47
Europe ,2020,2420891,20.18,48853.58,11.42,3.59,35.82,11.16,27.25,14.16,0.001,11603.26,44.3
Europe,2021,37507482,22.09,828540.28,64.6,39.54,31.54,36.86,15.45,19.99,0.476,42272.4,46.81
Europe,2024,119182536,26.95,3211969.35,80.54,75.12,49.64,20.94,53.56,28.51,0.069,57480.34,53.74
Sub-Saharan Africa,2023,3292851,5.49,18077.75,66.84,37.4,41.32,37.75,23.01,12.3,0.281,10877.46,23
Sub-Saharan Africa,2024,183542687,-22.91,4204962.96,24.9,15.29,74.99,26.65,13.36,4.26,0.894,3734.2,49.28
Eastern Asia,2023,129218202,4.33,559514.81,58.05,13.29,81.56,19.56,25.72,4.86,0.796,37787.27,58.12
Europe,2020,200046180,2.57,514118.68,71.88,47.65,57.06,12.31,48.74,8.1,0.364,70152.75,69.88
Latin America and the Caribbean,2021,117694212,14.94,1758351.53,71.15,68.5,65.58,28.75,11.68,15.25,0.277,26342.72,41.63
Northern America,2021,156827023,24.02,3766985.09,38.25,31.63,48.36,17.94,53.67,10.54,0.12,22960.61,73.67
Northern Africa,2020,91665510,22.01,2017557.88,73.34,27.59,45.93,25.65,26.58,10.67,0.191,64333.64,72.46
Northern America,2022,61793468,8.62,532659.69,20.8,8.39,25.66,36.43,28.08,12.29,0.682,10520.89,54.09
Western Asia,2024,115791616,12.03,1392973.14,71.94,11.1,62.23,25.42,46.98,31.96,0.093,16101.3,58.87
Latin America and the Caribbean,2024,95545991,7.83,748125.11,26.65,13.59,45.15,30.46,15.06,20.85,0.962,8693.31,61.75
Oceania,2024,60255591,16.35,985178.91,40.88,19.96,34.38,15.94,41.75,27.47,0.863,,28.13
Europe,2023,140930167,5.19,731427.57,19.43,12.52,62.28,38.99,15.06,28.24,0.57,unknown,19.44
Europe,2024,11323007,5.36,60691.32,13.94,5.79,49.11,25.47,31.16,7.31,0.949,58554.09,17.38
Northern Africa,2023,41218320,12.46,513580.27,5.72,4.85,16.35,28.98,49.83,8.92,0.053,77489.3,34.36
Europe,2023,52923702,26.1,1381308.62,,64.73,10.41,35.92,65.52,17.6,0.372,15719.99,
Central Asia,2020,243050996,23.72,5765169.63,36.41,19.38,85.83,19.37,63.78,5.58,0.089,40795.53,37.38
Southern Asia,2023,78512984,9.29,729385.62,59.66,38.02,2.12,37.62,19.74,11.56,0.023,6553.43,
South-Eastern Asia,2024,63370531,10.74,680599.5,20.1,4.43,35.19,10.54,35.63,23.65,0.2,75242.98,62.55
Europe,2024,233523873,23.9,5581220.56,61.49,14.91,18.51,12.15,64.39,4.49,0.572,51286.55,
Sub Saharan Africa,2022,164870893,20.58,3393042.98,20.49,20.08,76.07,12.24,63.86,14.23,0.016,,51.27
Southern Asia,2022,13923514,13.53,188385.14,84.94,6.16,68.34,38.09,44.28,25.96,0.592,39582.94,57.69
South-Eastern Asia,2022,218151828,9.1,1985181.63,6.09,4.73,0.76,19.48,28.26,19.94,0.6,5654.49,52.59
Western Asia,2023,36752624,13.58,499100.63,41.35,29.56,17.29,14.59,50.39,19.9,0.005,6761.29,46.83
Oceania,2022,48598879,21.92,1065287.43,36.97,6.11,61.52,38.41,11,9.77,0.657,32691.77,89.84
Northern Africa,2023,133067274,27.34,3638059.27,82.74,54.57,61.67,23.76,60.16,23.45,0.239,8215.89,70.23
Northern Africa,2021,21474432,8.05,172869.18,,44.23,3.32,21.71,32.96,6.34,0.284,65556.53,28.67
Southern Asia,2021,124685065,8.02,999974.22,,53.77,99.07,20.79,10.85,10.53,0.036,73220.63,57.07
Western Asia,2024,147468028,4.08,601669.55,,16.06,66.43,12.42,46.96,29.73,0.047,53508.94,15.53
Latin America and the Caribbean,2022,27009660,22.59,610148.22,73.7,29.13,94.75,33.25,30.75,15.66,0.71,42264.42,94.39
South-Eastern Asia,2023,125768091,5.93,745804.78,61.69,47.58,24.54,18.65,10.81,24.52,0.11,73772.9,57.44
Western Asia,2022,152853128,12.95,1979448.01,15.47,4.39,86.14,37.98,30.34,32.02,0.149,34943.78,68.94
Western Asia,2024,5227995,29.26,152971.13,60.88,36.51,94.87,32.39,52.6,34.53,0.99,39009.87,39.04
South-Eastern Asia,2021,162529689,27.56,4479318.23,82.22,70.23,25.73,37.86,6.65,14.45,0.362,73195.68,48.63
Northern Africa,2024,202150755,19.6,3962154.8,79.34,29.99,1.49,39.31,60.72,25.13,0.381,51481.3,81.84
Southern Asia,2022,92717459,28.38,2631321.49,55.83,24.81,22.99,33.59,21.88,29.45,0.716,11549.68,79.78
Western Asia,2023,78147207,27.34,2136544.64,29.12,25.85,86.27,33.03,41.45,18.54,0.426,11058.13,20.85
Sub-Saharan Africa,2024,74488835,11.01,820122.07,38.83,34.52,37.98,26.25,48.94,13.94,0.719,4214.82,61.9
Northern America,2021,67965932,14.43,980748.4,24.2,9.43,68.58,24.49,67.06,11.92,0.137,22927.89,17.14
Southern Asia,2021,244029060,19.62,4787850.16,40.09,11.9,59.69,39.54,47.25,7.49,0.122,46240.18,24.75
Northern America,2020,120248046,22.67,2726023.2,75.04,59.91,54.56,22.46,23.17,20.76,0.418,58352.13,70.72
Europe,2021,234849866,4.15,974626.94,65.14,18.67,24.37,20.15,35.8,11.05,0.726,57138.64,80.2
Central Asia,2021,125292879,3.97,497412.73,,14.71,33.46,32.6,51.45,15.01,0.606,31548.85,91.85
Northern Africa,2023,113516089,10.91,1238460.53,83.44,15.3,35.52,25.42,50.66,34.48,0.133,,82.66
Europe,2023,7462365,24.62,183723.43,21.66,10.26,4.29,36.52,27.13,2.71,0.627,16633.45,93.85
Sub-Saharan Africa,2020,188176740,2.34,440333.57,8.96,6.5,85.47,31.93,67.76,27.18,0.521,9369.84,77.32
Western Asia,2020,201981266,3.67,741271.25,57.37,9.61,70.12,31,22.91,30.7,0.192,23605.49,61.91
Latin America and the Caribbean,2021,38250310,12.8,489603.97,51.26,3.42,42.93,32.28,63.53,2.43,0.513,39339.88,
Eastern Asia,2020,217171226,26.89,5839734.27,16.66,4.99,75.39,25.23,20.35,31.8,0.542,44001.46,65.87
Europe ,2023,195253832,21.14,4127666.01,80.43,39.92,22.02,30.15,19.64,19.93,0.67,,56.01
Eastern Asia,2024,237746549,2.01,477870.56,79.64,36.3,88.89,11.13,11.38,14.2,0.403,35842.54,64.04
Latin America and the Caribbean,2022,247414014,23.33,5772168.95,56.14,30.37,95.05,14.07,38.49,26.13,0.325,14413.13,26.45
Eastern Asia,2024,196371951,-6.89,1353002.74,56.84,17.2,74.99,27.87,66.58,4.67,0.708,5316.33,89.93
South-Eastern Asia,2023,75630951,29.45,2227331.51,66.08,10.79,77.54,27.48,63.69,6.38,0.376,31488.45,69.21
Latin America and the Caribbean,2022,148083641,27.59,4085627.66,71.33,36.63,13.85,36.63,37.55,21.69,0.652,51480.37,79.43
Northern America,2020,79500880,11.13,884844.79,68.93,47.75,25.17,34.07,15.21,27.96,0.986,20074.74,62.14
South-Eastern Asia,2022,61921179,6.32,391341.85,75.84,27.45,49.37,23.25,27.91,11.95,0.438,15908.68,84.03
Oceania,2022,229252203,27.34,6267755.23,54.62,32.23,15.19,38.72,20.51,21.91,0.207,14991.61,87.16
Eastern Asia,2024,227040236,9.25,2100122.18,26.29,16.62,42.52,21.27,57.63,15.1,0.132,71876.07,32.19
Oceania,2024,103225911,12.42,1282065.81,13.56,12.69,50.24,14.25,30.77,11.32,0.392,26402.15,63.21
Sub-Saharan Africa,2020,183117745,26.34,4823321.4,57.95,22.67,40.4,26.84,55.07,26.67,0.642,16816.05,32.04
Latin America and the Caribbean,2024,75857113,10.22,775259.69,14.95,3.92,78.75,28.33,33.67,17.81,0.519,39477.36,44.24
Central Asia,2021,147475066,28.15,4151423.11,57.15,3.86,60.39,31.07,9.88,7,0.166,53641.3,40.01
Oceania,2024,195508209,12.3,2404750.97,19.31,5.7,55.32,23.41,55.55,20.67,0.73,58709.72,53.35
Northern Africa,2021,110587422,17.37,1920903.52,40.76,17.53,76.83,16.07,63.18,26.9,0.475,23341.73,31.22
Western Asia,2023,136415984,10.5,1432367.83,74.32,47.72,14.7,23.37,48.61,20.32,0.838,71822.06,66.35
Eastern Asia,2023,23088100,-18.41,425051.92,73.01,71.39,70.74,33.26,29.93,25.4,0.551,42524.85,75.94
Europe,2021,221241790,10.07,2227904.83,66.29,26.53,83.61,17.92,27.02,18.71,0.386,36351.62,18.32
Europe,2023,173072643,2.17,375567.64,15.32,4.93,97.09,23.53,42.87,29.8,0.367,79199.55,41.02
South-Eastern Asia,2024,134222505,14.2,1905959.57,40.58,4.02,17.18,20.27,30.36,21.68,0.44,55951.01,79.74
Southern Asia,2021,54474127,4.5,245133.57,6.76,4.67,91.67,25.18,34.94,13.13,0.578,5755.94,47.72
Oceania,2021,219584831,24.45,5368849.12,81.41,13.25,63.73,10.32,7.24,3.33,0.667,48176.69,
Northern America,2022,141521942,11.59,1640239.31,70.34,25.85,26.13,21.68,36.89,28.48,0.801,,55.93
Latin America and the Caribbean,2021,172421795,23.91,4122605.12,66.14,6.76,34.25,27.53,64.6,32.55,0.834,78463.98,21.09
Central Asia,2021,13822425,14.98,207059.93,36.19,34.52,18.13,30.36,24.52,24.03,0.99,23330.42,81.6
Southern Asia,2022,41513191,29.94,1242904.94,37.7,35.31,52.1,13.05,18.53,0.97,0.929,46261.01,40.22
Latin America and the Caribbean,2023,162683211,11.55,1878991.09,13.17,4.42,72.12,37.74,68.13,3.9,0.688,21753.93,97.22
Northern America,2021,167032529,7.25,1210985.84,6.41,4.57,33.74,23.79,52.24,16.84,0.541,19996.66,89.59
Central Asia,2022,217498012,28.68,6237842.98,19.33,8.25,91.69,37.47,20.16,8.53,0.292,53974.62,92.75
Western Asia,2022,210165483,14.05,2952825.04,64.33,38.32,67.4,27.17,59.32,32.35,0.845,61320.45,29.01
Latin America and the Caribbean,2020,219848792,28.49,6263492.08,40.83,40.83,10.59,29.02,60.17,25.51,0.978,37859.41,39.22
Europe,2021,82842788,19.09,1581468.82,33.13,22.31,64.81,15.62,50.32,28.44,0.296,48318.49,69.57
South-Eastern Asia,2024,14588546,2.94,42890.33,80.35,43.47,82.38,27.73,61.56,24.09,0.921,55159.31,72.03
Oceania,2022,41303604,8.96,370080.29,79.52,32.05,32.9,21.68,47.82,9.92,0.584,42086.87,17.84
Sub-Saharan Africa,2024,103682509,26.12,2708187.14,56.89,50.52,97.4,17.42,62.1,34.52,0.484,77296.12,23.9
Western Asia,2022,68612594,10.63,729351.87,29.69,8.85,9.06,35.6,48.88,18.84,0.045,38053.37,86.77
Eastern Asia,2022,130386808,25.72,3353548.7,23.59,4.48,63.82,37.72,54.92,13.46,0.525,37037.77,73.46
South-Eastern Asia,2022,231768957,18.84,4366527.15,7.87,3.28,99.56,38.12,54.16,27.74,0.52,47320.69,33.12
Eastern Asia,2021,9680326,12.99,125747.43,6.46,3.68,60.56,19.83,67.8,31.25,0.964,73740.23,16.49
Eastern Asia,2024,4894273,8.55,41846.03,84.54,15.04,71.29,12.37,46.26,23.35,0.57,3297.13,38.4
Eastern Asia,2024,25351948,27.17,688812.43,18.77,6.07,26.02,27.22,21.19,22.94,0.408,79684.85,81.62
Eastern Asia,2020,205159609,17.62,3614912.31,76.6,3.47,36.68,21.24,39.29,6.23,0.943,75394.24,22.47
Latin America and the Caribbean,2020,74388531,11.27,838358.74,67.97,8.58,15.91,34.85,32.81,21.95,0.323,unknown,82.14
Sub-Saharan Africa,2022,35207651,5.18,182375.63,59.17,32.41,75.6,15.89,61.94,19.66,0.764,30645.49,72.28
Northern Africa,2022,79258474,14.95,1184914.19,61.99,22.91,46.77,13.48,24.77,26.4,0.758,28750.05,73.52
Europe,2022,18113440,22.74,411899.63,35.19,8.37,86.56,32.95,52.2,31.99,0.045,5786.02,25.82
Western Asia,2020,151260401,24.35,3683190.76,7.61,6.58,3.65,27.12,16.48,23.54,0.895,72996.52,15.8
Oceania,2021,221440913,20.67,4577183.67,27.08,4.02,11.03,24.37,51.39,27.51,0.19,1775.8,63.77
Europe,2021,170383816,16.43,2799406.1,76.78,31.39,57.9,29.24,36.15,29.5,0.583,,91.39
Europe,2020,76034337,16.99,1291823.39,73.33,66.72,92.28,24.71,53.82,16.47,0.964,48364.09,62.67
Northern Africa,2023,172687674,11.32,1954824.47,12.08,6.33,33.39,13.43,10.23,9.47,0.909,73442.52,23.14
Sub-Saharan Africa,2020,128602013,27.8,3575135.96,64.93,28.82,0.24,23.93,21.4,2.6,0.477,,62.18
Europe,2021,246658517,11.72,2890837.82,74.21,24.87,45.19,24.37,69.39,24.02,0.92,36285.2,39.36
Oceania,2024,113735361,22.4,2547672.09,58.2,8.47,50.29,28.61,20.4,17.36,0.924,10470.63,33.52
Sub-Saharan Africa,2023,52167660,8.76,456988.7,80.46,15.01,52.61,11.56,9.99,14.69,0.535,21616.3,44.02
Latin America and the Caribbean,2020,106457123,11.18,1190190.64,11.93,11.86,65.13,34.47,38.41,23.44,0.729,10722.31,96.07
South-Eastern Asia,2021,73736855,17.58,1296293.91,26.64,22.87,8.87,18.39,25.68,13.11,0.687,10727.78,65.01
Southern Asia,2023,57375154,27.84,1597324.29,63.14,31.38,75.85,14.62,26.7,34,0.999,60240.22,95.13
South-Eastern Asia,2022,99316923,10.48,1040841.35,28.63,26.65,63.52,28.54,26.17,22.46,0.297,5531.13,22.95
Eastern Asia,2020,97813775,15.61,1526873.03,13.2,3.09,51.54,35.79,26.84,32.45,0.929,70349.2,78.48
South-Eastern Asia,2023,10006810,14.63,146399.63,14.93,7.61,97.29,17.02,64.89,2.43,0.621,74781.65,75.94
Central Asia,2024,154719225,25.82,3994850.39,82.17,3.38,39.77,14.47,32.01,14.58,0.935,17881.31,52.15
Northern Africa,2020,90171657,10.93,985576.21,83.99,21.84,41.69,37.38,9.76,4.03,0.988,28851.17,44.65
Western Asia,2020,243573077,8.98,2187286.23,62.12,59.6,6.58,16.23,58.01,31.37,0.33,58960.98,92.43
Northern Africa,2020,136865924,3.01,411966.43,10.63,6.35,74.83,14.41,17.14,31.81,0.845,60637.57,17.73
Oceania,2021,75988820,3.58,272039.98,,18.55,3.48,22.57,9.97,6.1,0.406,66620.67,39.92
South-Eastern Asia,2023,47694782,22.83,1088871.87,63.71,33.58,67.71,12.19,23.55,5.29,0.686,49578.11,25.05
Eastern Asia,2024,67279002,5.77,388199.84,58.27,18.75,49.89,30.49,7.1,12.79,0.987,34569.65,
Europe ,2023,100946949,27.2,2745757.01,31.31,18.48,84.36,27.6,50.83,32.27,0.96,79415.08,42.98
Europe,2024,127901178,2.91,372192.43,58.75,44.15,1.76,22.82,40.75,3.43,0.818,56338.47,59.97
Western Asia,2024,33922604,28.25,958313.56,32.89,24.11,98.72,27.64,6.87,21.96,0.831,33106.59,70.94
South-Eastern Asia,2023,215761786,18.04,3892342.62,25.11,23.38,94.56,37.12,5.72,6.95,0.017,30730.86,74.48
South-Eastern Asia,2024,108091005,6.01,649626.94,,10.5,28.44,39.35,41.95,6.4,0.852,27994.2,92.1
Northern Africa,2022,122784770,14.95,1835632.31,57.16,31.63,97.29,31.78,57.49,3.91,0.987,31887.49,76.5
Latin America and the Caribbean,2022,197424158,27.45,5419293.14,45.87,5.8,92.32,21.82,30.62,30.47,0.707,63662.6,89.17
Southern Asia,2024,148543714,10.85,1611699.3,44.56,39.68,57.49,34.87,64.35,16.07,0.072,69884.37,78.72
Central Asia,2020,97127175,19.45,1889123.55,12.28,8.11,33.34,31.18,16.64,14.67,0.884,,82.94
Europe,2022,77367615,21.36,1652572.26,50.9,9.76,75.18,14.27,13.06,6.52,0.494,69903.43,18.74
South-Eastern Asia,2020,7835712,29.08,227862.5,46.2,21.86,22.05,19.26,50.03,33.12,0.702,51791.27,58.86
Oceania,2020,84670672,18.25,1545239.76,16.59,11.81,3.45,34.77,28.58,12.84,0.095,53461.07,38.81
Europe,2020,187311583,29.31,5490102.5,50.09,8.87,80.76,28.97,38.37,19.88,0.09,76204.78,69.8
Sub-Saharan Africa,2023,218251934,16.21,3537863.85,8.66,7.68,50.01,38.92,11.14,33.55,0.465,34929.23,76.27
Europe ,2023,220620565,14.47,3192379.58,62.47,29.32,94.85,20.5,20.73,34.58,0.693,61600.94,56.92
Sub-Saharan Africa,2020,165491549,17.09,2828250.57,44.05,38.89,47.11,34.52,60.38,34.12,0.912,66076.65,26.76
Western Asia,2021,123093399,11.96,1472197.05,33.21,21.11,96.51,35.18,41.18,6.03,0.539,13611.52,83.39
Northern Africa,2023,249763452,18.17,4538201.92,13,3.41,32.39,28.77,51.84,30.04,0.098,757.35,66.69
Eastern Asia,2021,18615003,14.31,266380.69,83.25,57.39,96.94,19.19,24.14,16.56,0.214,,94.8
Sub-Saharan Africa,2023,84893228,25.23,2141856.14,50.17,20.76,82.86,23.87,36,24.37,0.008,49571.24,38.49
Eastern Asia,2022,84787273,20.13,1706767.81,42.78,8.64,76.35,30.57,48.96,20.66,0.376,60425.23,83.37
Oceania,2023,2776687,20.85,57893.92,78.85,50.59,98.97,21.31,9.37,8.92,0.888,19776.55,
Central Asia,2021,36460339,16.89,615815.13,51.36,22.8,7.13,13,65.78,33.95,0.218,71865.38,92.88
Central Asia,2023,197136133,26.69,5261563.39,6.62,5.03,20.78,10.18,27.33,29.9,0.441,7901.68,63.26
Northern Africa,2021,232406247,10.67,2479774.66,53.7,6.26,39.33,39.72,49.39,15.66,0.995,42400.62,48.26
Eastern Asia,2022,100585559,28.37,2853612.31,,8.14,33.74,15.81,16.75,34.56,0.624,29867.79,35.71
Sub-Saharan Africa,2022,25470359,22.36,569517.23,77.56,23.87,74.22,24.64,29.55,5.77,0.716,55110.74,20.12
Central Asia,2021,169602142,9.56,1621396.48,40.39,34.43,90.1,24.87,32.47,19.65,0.116,60124.9,38.86
Latin America and the Caribbean,2024,46987293,3.06,143781.12,22.6,6.95,82.26,38.43,22.74,29.72,0.225,unknown,38.64
Oceania,2023,78338216,27.59,2161351.38,71.61,46.69,36.98,10.84,13.26,14.97,0.113,44823.81,26.53
Southern Asia,2023,42521881,12.75,542153.98,55.96,43.89,51.51,28.31,30.39,25.68,0.525,68098.24,52.29
Western Asia,2021,159598488,29.5,4708155.4,8.99,3.17,43.98,35.27,61.91,32.08,0.748,33129.5,70.12
Oceania,2020,173119546,29.01,5022198.03,43.24,5.56,26.45,29.35,64.99,33.13,0.262,29641.22,94.82
Central Asia,2023,71062531,5.86,416426.43,47.72,33.39,32.63,17.17,55.99,21.75,0.707,15354.68,92.2
Western Asia,2023,23602148,29.1,686822.51,10.5,6.1,68.56,23.24,21.06,25.93,0.243,62585.32,51.27
Oceania,2020,94640241,21.38,2023408.35,150,12.43,97.54,21.06,61.7,24.8,0.468,,82.8
Central Asia,2023,93908376,4.6,431978.53,6.25,3.06,49.11,29.88,37.04,22.19,0.632,74695.28,22.3
Western Asia,2020,169738930,29.88,5071799.23,35.88,31.91,64.22,35.61,37.73,24.48,0.818,56940.8,84.1
Northern Africa,2020,120255578,25.54,3071327.46,77.48,34.51,13.62,24.19,8.06,14.09,0.237,47030.44,
Southern Asia,2024,8647058,26.38,228109.39,18.44,13.81,29.55,16.29,22.23,4.25,0.577,17942.77,52.93
Western Asia,2020,137974144,8.91,1229349.62,64.28,49.72,85.52,39.93,23.86,24.35,0.152,,22.36
Central Asia,2023,135083513,9.11,1230610.8,83.92,54.24,72.81,15.41,41.59,12.45,0.745,,40.99
South-Eastern Asia,2023,112591871,14.38,1619071.1,64.11,42.1,82.58,17.51,30.17,10.01,0.555,67102.86,60.2
Southern Asia,2020,234658328,7.23,1696579.71,38.48,29.48,1.79,37.54,38.25,2.72,0.423,74117.13,27.32
Eastern Asia,2021,200791489,17.62,3537946.04,40.91,21.66,7.95,11.93,18.33,20.27,0.668,78442.52,73.24
Central Asia,2021,121312650,28.27,3429508.62,150,42.65,67.37,33.4,13.68,13.69,0.893,68029.63,18.38
Southern Asia,2023,71432935,6.33,452170.48,41.82,22.86,76.46,20.99,36.38,10.27,0.318,44852.54,21.95
Northern Africa,2022,213473475,29.71,6342296.94,23.74,20.63,11.53,12.64,18.06,4.78,0.277,73723.98,89.61
Eastern Asia,2021,25787739,4.64,119655.11,59.17,37.1,24.21,19.95,43.42,31.59,0.976,57959.73,
Oceania,2023,116006042,7.46,865405.07,40.64,29.26,96.85,30.56,40.45,16.33,0.815,56963.12,68.66
Northern America,2022,215674441,23.74,5120111.23,,16.06,97.63,35.44,40.78,26.13,0.516,50784.34,82.96
Oceania,2023,227723338,12.88,2933076.59,73.06,62.81,17.69,18.95,49.61,24.9,0.868,54821.34,73.98
Oceania,2022,129529647,6.3,816036.78,73.85,35.26,78.87,11.31,66.04,29.56,0.628,53460.58,26.35
Western Asia,2021,199948814,-9.45,1889516.29,7.35,6.69,55.78,15.67,31.63,8.17,0.641,45821.6,70.34
Southern Asia,2021,41593544,21.02,874296.29,66.72,43.79,37.97,39.31,37.41,28.32,0.127,10861.21,61.7
Northern Africa,2021,130390676,28.43,3707006.92,63.59,45.32,67.61,20.64,27.44,24.71,0.824,14652.66,21.72
Western Asia,2020,54671962,2.59,141600.38,76.54,68.09,62.64,19.77,40.91,18.82,0.909,38776.89,65.91
Northern America,2022,89114235,27.2,2423907.19,67.11,50.42,14.93,16.77,7.25,21.18,0.457,68898.71,35.98
Oceania,2021,129517300,26.25,3399829.12,70.03,36.35,67.62,20.72,33.29,11.37,0.197,,33.15
Northern Africa,2024,110263018,2.2,242578.64,22.71,13.05,17.04,34.7,57.58,28.47,0.758,24229.49,41.32
Southern Asia,2022,75448243,4.78,360642.6,66.34,8.04,15.58,11.16,44.04,17.12,0.95,24091.07,97.89
Eastern Asia,2023,11454300,20.43,234011.35,26.15,11.19,99.23,11.24,36.61,31.88,0.934,40887.24,40.46
Oceania,2023,49806662,9.13,454734.82,31.71,19.78,18.47,11.02,64.01,34.08,0.165,7137.46,83.07
Latin America and the Caribbean,2024,155448814,23.57,3663928.55,45.71,17.41,50.33,16.58,69.99,31.41,0.624,72470.62,35.09
Northern Africa,2020,189685370,19.19,3640062.25,50.71,5.06,7.48,31.72,10.04,33.45,0.796,61287,54.35
Southern Asia,2021,223576068,4.12,921133.4,46.61,41.14,38.81,31.51,69.46,21.75,0.443,18221.49,27.22
Sub-Saharan Africa,2024,130675935,11.44,1494932.7,82.4,53.82,5.48,37.41,58.84,1.18,0.069,63985.41,55.52
Europe ,2022,110177949,18.43,2030579.6,77.39,43.78,42.95,10.84,39.58,14.08,0.471,49604.8,45.59
Southern Asia,2024,98112818,26.61,2610782.09,57.09,22.68,0.6,18.74,26.49,19.89,0.319,72919.72,86.95
Southern Asia,2021,99287307,29.92,2970676.23,77.67,39.67,92.49,30.75,15.73,28.28,0.985,1513.36,91.9
Eastern Asia,2022,14064339,11.23,157942.53,18.85,11.98,93.21,32.81,11.12,12.19,0.402,,
Central Asia,2022,197131627,18.15,3577939.03,38.22,5.92,79.53,32.94,64.43,25.02,0.747,23797.21,32.1
Sub Saharan Africa,2023,5701320,14.03,79989.52,73.05,51.65,98.26,23.2,56.81,12.43,0.345,22468.92,21.54
Central Asia,2020,158179036,21.57,3411921.81,10.27,5.26,91.61,31.14,69.14,17.11,0.141,58972.13,82.96
South-Eastern Asia,2020,207773487,9.26,1923982.49,60.03,50.65,94.58,33.03,48.62,28.43,0.939,56028.53,93.88
Northern America,2023,193221725,11.26,2175676.62,75.75,18.61,7.71,32.98,55.39,26.91,0.224,10802.24,91.05
Southern Asia,2021,222346331,12.41,2759317.97,27.23,9.13,80.17,31.17,39.68,5.64,0.952,6016.5,91.01
Oceania,2021,119500063,-9.46,1130470.6,72.61,30.22,25.32,30.53,44.54,1.96,0.079,,79.51
Southern Asia,2020,14598874,-26.88,392417.73,55.3,4.57,97.46,11.54,43.71,5.32,0.762,38997.2,95.39
Eastern Asia,2020,62817986,28.27,1775864.46,12.61,6.53,67.68,37.81,20.69,24.59,0.417,1235.47,51.93
Oceania,2023,42073054,10.03,421992.73,30.13,4.85,6.65,33.49,41.84,22.58,0.726,69626.2,58.34
Western Asia,2023,220469803,27.94,6159926.3,77.81,36.74,16.72,17.71,58.45,4.19,0.469,63388.09,49.82
Northern Africa,2022,246890702,5.2,1283831.65,54.99,31.9,38.06,34.48,53.48,4.19,0.745,,79.17
Western Asia,2024,157802928,-20.03,3160792.65,67.18,27.34,23.14,25.91,66.74,15.48,0.449,24611.9,71.38
Central Asia,2024,203554436,19.86,4042591.1,5.83,3.99,85.09,13.02,21.95,16.37,0.928,61117.4,64.91
Oceania,2022,203547142,9.37,1907236.72,51.55,39.39,10.11,27.77,65.59,27.43,0.804,26287.57,44.64
Latin America and the Caribbean,2023,166419986,18.66,3105396.94,72.84,26.91,88.92,20.49,42.48,34.7,0.535,11863.27,85.69
Latin America and the Caribbean,2020,160778202,15.7,2524217.77,32.84,4.09,0.83,21.93,33.13,22.41,0.498,51368.29,96.34
Central Asia,2023,53655221,23.88,1281286.68,83.02,30.13,55.38,12.9,49.58,12.7,0.688,12494.58,72.64
Eastern Asia,2023,197071441,23.79,4688329.58,78.83,42.03,47.22,27.87,14.25,1.55,0.651,6950.26,67.22
Northern Africa,2020,209195651,24.35,5093914.1,58.06,24.4,61.48,13.34,56.83,22.38,0.26,19859.69,38.34
Oceania,2024,118552352,26.41,3130967.62,10.19,5.88,50.44,19.1,39.57,21.94,0.474,67227.51,92.05
Central Asia,2023,241131021,17.45,4207736.32,150,23.09,89.27,37.68,57.09,33.05,0.484,26135.66,70.65
Oceania,2022,81714096,27.65,2259394.75,20.03,8.39,9.65,21.66,18.32,0.42,0.084,20979.29,31.49
Latin America and the Caribbean,2022,123509149,2.91,359411.62,32.89,32.84,9.25,30.26,38.82,16.37,0.316,45114.83,38.56
Oceania,2024,38412512,23.71,910760.66,63.71,54.66,92.04,12.89,27.17,10.5,0.959,72093.6,24.97
Eastern Asia,2024,89114874,16.5,1470395.42,11.9,6.42,83.28,39.5,69.96,25.97,0.999,26139.25,36.26
Southern Asia,2021,157474577,28.91,4552590.02,81.82,28.07,34.36,37.47,33.88,34.32,0.744,51732.96,32.35
South-Eastern Asia,2021,115835130,9.02,1044832.87,34.22,11.35,61.14,19.01,49.39,0.77,0.387,15577.48,55.38
Southern Asia,2024,198161585,-29.11,5768483.74,70.64,69.85,43.13,22.25,56.49,14.39,0.027,31275.1,39.48
Eastern Asia,2022,191988933,19.9,3820579.77,13.24,5.08,86.29,23.46,25.62,22.07,0.897,66140.39,
Sub-Saharan Africa,2022,18199107,2.22,40402.02,13.31,8.2,23.14,14,40.94,34.85,0.225,23459.71,33.41
Latin America and the Caribbean,2022,136348957,9.19,1253046.91,,19.22,47.87,11.88,24.37,18.87,0.492,79751.45,
Sub-Saharan Africa,2024,194785515,4.95,964188.3,8.88,7.74,11.36,34.59,11.02,29.3,0.544,3130.82,58.83
Central Asia,2022,70779352,7.7,545001.01,10.48,3.98,22.14,15.23,61.45,20.38,0.055,14649.88,61.1
Oceania,2022,142153634,10.39,1476976.26,12.04,3.54,5.83,15.59,59.28,34.26,0.612,64245.48,61.3
Central Asia,2023,90718964,24.38,2211728.34,150,8.99,88.46,32.63,9.3,13.13,0.633,35737.78,91.36
Central Asia,2020,164310650,10.61,1743336,40.54,23.97,96.29,38.86,60.24,24.22,0.147,67785.94,62.13
Sub-Saharan Africa,2022,19500535,20.86,406781.16,42.99,13.15,97.7,18.34,55.63,7.77,0.362,37322.23,47.38
Europe,2021,N/A,12.07,2931473.9,150,67.62,24.02,34.51,43.28,34.22,0.771,15521.73,40.58
Southern Asia,2020,145852179,11.21,1635002.93,53.21,26.77,69.24,35.42,43.27,15.95,0.334,36979.72,60.19
Northern America,2023,81534739,10.26,836546.42,23.88,12.28,58.3,18.21,62.76,5.79,0.621,53585.12,28.46
Latin America and the Caribbean,2020,225669963,8.45,1906911.19,53.03,18.24,63.69,19.08,37.05,16.64,0.657,20937.57,90.01
Latin America and the Caribbean,2021,209911677,27.37,5745282.6,26.8,21.7,80.41,32.82,33.49,19.96,0.845,74303.91,19.55
South-Eastern Asia,2024,124098706,2.83,351199.34,56.05,22.33,49.06,30.26,16.65,32.22,0.185,,32.64
Europe ,2023,116510056,16.37,1907269.62,38.61,35.78,39.82,15.81,6.7,5.29,0.327,56962.54,70
Latin America and the Caribbean,2020,48017150,6.57,315472.68,11.14,3.8,53.82,22.2,51.87,30.27,0.581,53924.85,77.05
Northern Africa,2020,2144916,17.61,37771.97,46.28,8.59,51.75,10.58,49.42,15.01,0.79,42697.21,43.85
Sub-Saharan Africa,2020,152920200,29.49,4509616.7,,9.31,55.48,26.2,57.52,31.41,0.166,13529.17,80.68
Oceania,2022,9048164,26.58,240500.2,69.11,46.48,94.99,12.25,22.55,3.57,0.443,45343.47,81.94
Sub Saharan Africa,2024,9920510,22.31,221326.58,24.89,11.52,2.68,26.35,30.86,15.37,0.31,58950.12,17.4
Oceania,2023,15562494,18.28,284482.39,66.01,4.73,86.37,22.69,64.98,2.37,0.907,64956.9,84.84
Latin America and the Caribbean,2024,125379032,23.59,2957691.36,83.79,35.65,81.06,18.44,35.96,14.26,0.721,55395.75,45.01
Northern America,2023,111936993,14.25,1595102.15,150,17.84,60.78,23.87,62.25,6.06,0.268,3399.2,64.65
Oceania,2024,140959684,8.15,1148821.42,16.2,11.55,2.29,35.1,17.76,23.86,0.438,38547.76,77.96
Northern America,2023,248519176,29.21,7259245.13,84.89,62.71,73.59,26.04,50.08,14.7,0.173,58907.78,29.76
Northern Africa,2020,118145589,11.81,1395299.41,78.92,26.67,28.62,11.13,29.97,18.28,0.268,46022.72,20.93
Latin America and the Caribbean,2022,69697179,3.6,250909.84,76.9,49.52,23.33,35.32,15.58,27.81,0.558,61859.91,53.05
Europe,2022,154795659,12.12,1876123.39,66.74,66.38,11.11,13.49,9.87,0.5,0.144,44544.35,36.57
Western Asia,2020,115573274,10.37,1198494.85,21.42,20.75,44.15,23.15,8.86,4.66,0.785,unknown,47.34
Eastern Asia,2020,123069654,21.21,2610307.36,57.14,12.37,54.83,17.79,19.59,20.88,0.507,31580.51,17.51
Europe,2024,33763244,21.5,725909.75,67.75,43.71,26.73,17.11,31.69,19.89,0.842,11043.63,62.61
Northern Africa,2020,137492316,14.01,1926267.35,33.32,6.39,3.8,33.58,42.96,4.38,0.25,65443.53,25.48
Latin America and the Caribbean,2023,118586358,4.21,499248.57,21.26,11.57,44.36,34.07,29,7.3,0.246,5170.59,53.14
Northern Africa,2020,34652941,17.55,608159.11,83.17,35.5,41.03,33.83,27.4,14.33,0.068,5142.95,87.79
Sub-Saharan Africa,2023,56551092,28.55,1614533.68,40.61,6.64,19.71,19.27,66.75,26.19,0.286,37328.61,63.23
Southern Asia,2024,223657775,18.54,4146615.15,46.31,19.17,55.11,31.92,14.56,11.41,0.14,12480.89,28.71
Western Asia,2021,90363341,29.25,2643127.72,31.13,9.96,13.01,19.13,51.81,7.85,0.118,39727.93,46.31
Europe,2024,81942350,10.03,821881.77,41.95,20.97,47.74,19.85,40.49,11.64,0.434,69506.32,73.27
Northern Africa,2020,91419358,4.66,426014.21,26.97,19.31,30.93,21.16,49.73,1.37,0.794,26365.74,86.46
Latin America and the Caribbean,2023,235025035,10.97,2578224.63,42.86,21.09,30.53,11.24,43.15,34.03,0.45,unknown,25.15
Latin America and the Caribbean,2024,41041141,29.94,1228771.76,,40,75.74,33.27,37.18,20.27,0.913,77141.76,20.46
Central Asia,2020,213359473,9.87,2105858,64.24,42.98,0.17,11.69,35.58,0.38,0.769,51295.96,37.85
Northern Africa,2020,156975770,28.37,4453402.59,19.88,18.58,96.75,14.76,32.38,2.44,0.877,51602.33,92.11
Northern America,2022,159921856,25.93,4146773.73,63.63,50.18,87.47,32.34,10.51,13.9,0.974,73781.65,24.85
Northern America,2024,29573565,13.61,402496.22,,4.88,77.36,25.11,67.47,17.27,0.022,52774.89,39.83
Northern Africa,2024,109559866,29.86,3271457.6,79.29,32.33,11.2,23.24,39.05,10.91,0.321,54999.19,63.69
Western Asia,2021,248478578,21.92,5446650.43,7.24,3.16,85.56,38.05,62.66,4.64,0.129,25141.79,26.52
Sub-Saharan Africa,2020,222456591,10.79,2400306.62,84.01,63.21,77.26,39.93,47.58,17.25,0.579,39321.08,84.32
Southern Asia,2024,131949741,23.57,3110055.4,20.26,5.63,82.6,32.55,12.48,8.25,0.463,34508.63,45.57
Northern America,2022,7122402,28.98,206407.21,46.97,34.34,71.86,27.01,35.18,5.95,0.913,40032.79,88.94
Sub Saharan Africa,2020,173916527,3.61,627838.66,35.43,10.92,24.19,20.06,56.6,14.85,0.114,62141.25,81.32
Northern America,2020,44258962,2.43,107549.28,26.09,12.57,99.94,33.39,5.11,24.76,0.92,49430.56,57.26
Northern America,2021,87464771,3.23,282511.21,,11.89,64.35,11.83,8.68,32.09,0.175,63178.16,22.71
Latin America and the Caribbean,2020,197659833,16.23,3208019.09,,38.44,59.91,27.76,56.3,14.94,0.087,10485,64.53
Southern Asia,2022,139066968,26.47,3681102.64,39.4,28.2,83.16,26.63,64.09,26.17,0.329,20583.87,47.02
Northern Africa,2020,134930064,10.19,1374937.35,38.97,6.21,34.15,29.07,35.65,23.04,0.824,56855.84,45.11
South-Eastern Asia,2021,75360698,10.46,788272.9,39.49,19.41,98.5,15.47,39.4,9.75,0.728,65839.24,87.74
Europe,2020,22639506,18.51,419057.26,59.25,40.87,28.34,16.17,45.94,10.96,0.675,57521.34,82.66
Western Asia,2020,44684063,2.59,115731.72,83.95,49.96,74.62,35.25,44.71,32.78,0.066,48188.54,39.23
Central Asia,2020,36981996,3.17,117232.93,29.67,5.13,63.13,19.54,28.11,31.36,0.99,9911.67,35.7
Southern Asia,2021,118216497,22.02,2603127.26,24.97,8.59,84.79,27.87,64.71,3.58,0.571,50284.31,79.94
Eastern Asia,2024,248308307,11.04,2741323.71,32.25,25.54,82.13,29.95,47.71,14.28,0.68,59005.68,26.02
Sub-Saharan Africa,2020,155704319,28.57,4448472.39,30.85,12.51,55.76,13.78,19.66,9.09,0.896,75343.61,64.61
Northern America,2021,59422323,8.24,489639.94,16.1,10.73,63.77,21.04,55.31,18.85,0.183,45730.85,73.13
Southern Asia,2021,145711835,18.72,2727725.55,80.62,23.82,96.91,21.17,34.62,20.92,0.364,47588.95,
Oceania,2022,203447649,18.17,3696643.78,8.45,4.43,56.18,18.18,12.38,27.57,0.562,26370.05,26.72
Northern America,2024,170045794,10.3,1751471.68,33.92,18.06,34.65,35.37,51.95,34.23,0.311,14686.21,58.64
South-Eastern Asia,2022,221405395,19.03,4213344.67,,11.74,14.26,24,29.04,32.3,0.409,40056.95,80.37
Europe,2022,217596014,27.23,5925139.46,5.13,4.89,3.02,24.68,25.31,17.18,0.094,48152,89.1
South-Eastern Asia,2024,200656584,11.99,2405872.44,43.6,24.75,78.74,18.87,35.88,26.08,0.449,45432.98,58.2
Eastern Asia,2021,100077044,10.74,1074827.45,69.96,57.14,64.3,22.49,23.51,1.29,0.721,25655.33,94.9
Northern America,2022,220136335,24.89,5479193.38,78.5,53.16,89.03,28.05,45.43,9.21,0.215,4433.36,69.62
Oceania,2020,85182174,29.79,2537576.96,65.24,34.4,65.68,14.86,45.14,18.53,0.792,25790.98,43.63
Oceania,2024,101804669,10.54,1073021.21,47.46,12.76,30.93,32.99,9.4,2.78,0.603,63638.48,95.97
Northern America,2022,238872705,4.07,972211.91,61.36,32.42,28.74,35.76,10.2,5.21,0.94,31278.01,52.68
Northern Africa,2020,215466132,24.27,5229363.02,77.87,14.64,98.65,18.75,9.38,4.16,0.892,,73.11
Western Asia,2023,172327117,2.93,504918.45,76.61,19.58,86.52,15.55,13.05,13.21,0.484,49734.5,66.07
Europe,2023,234908992,14.55,3417925.83,,16.34,36.38,34.74,32.38,21.84,0.047,44254.64,97.11
Western Asia,2022,4692298,4.87,22851.49,83.4,6.43,10.26,27.25,22.5,23.16,0.982,19901.67,86.7
Central Asia,2020,213615836,13.68,2922264.64,7.55,3.98,90.56,26.15,26.06,4.33,0.83,31771.31,
Central Asia,2021,135627618,9.91,1344069.69,65.47,16.64,99.12,17.83,6.79,23.01,0.469,73218.51,53.02
Sub-Saharan Africa,2020,68403511,26.58,1818165.32,47.6,38.38,82.97,10.73,50.52,34.95,0.718,49508.63,
Eastern Asia,2023,232014708,2.65,614838.98,,58.16,91.97,35.88,19,8.79,0.722,70828.85,90.02
Western Asia,2020,133373361,23.04,3072922.24,150,51.46,0.57,14.25,41.08,6.55,0.78,36513.19,
Central Asia,2022,214326723,23.93,5128838.48,,45.46,48.47,20.28,23.35,8.21,0.711,30968.36,79.7
Oceania,2021,104136662,6.01,625861.34,47.84,45.96,57.27,23.65,7.16,2.91,0.635,48110.72,33.24
Europe,2021,223096984,13.44,2998423.46,42.03,7.28,73.76,22.04,62.9,23.41,0.957,34569.26,53.23
South-Eastern Asia,2023,119955083,19.12,2293541.19,27.45,13.69,3.96,15.85,31.23,20.13,0.868,25061.83,
Latin America and the Caribbean,2023,206665904,5.54,1144929.11,73.41,25.86,97.43,12.65,69.49,26.04,0.299,52469.18,18.77
Latin America and the Caribbean,2022,152200243,17.84,2715252.34,33.4,20.29,40.06,23.68,17.94,2.92,0.348,13032.84,50.24
Latin America and the Caribbean,2023,10484047,3.02,31661.82,74.51,63.32,89.55,30.54,11.46,23.94,0.061,1633.89,54.2
Sub-Saharan Africa,2022,96769611,8.12,785769.24,36.47,28.03,0.81,13.31,17.23,7.66,0.108,,77.01
Central Asia,2020,105597715,26.84,2834242.67,57.92,31.88,32.93,30.84,14.65,12.53,0.667,22504.14,90.6
Eastern Asia,2020,234919575,18.26,4289631.44,72.25,55.1,49.87,34.15,63.09,23.66,0.447,26991.47,80.37
Northern America,2022,237374254,25.83,6131376.98,29.05,15.99,50.42,24.39,20.84,32.4,0.672,20949.78,35.15
South-Eastern Asia,2024,162761319,29.89,4864935.82,35.85,27.93,59.21,37.89,16.13,5.79,0.703,45173.56,56.37
Northern America,2020,192414341,15.92,3063236.31,73.7,32.84,46.9,11.25,62.94,11.69,0.814,51392.82,84.9
Southern Asia,2023,40841644,24.16,986734.12,51.14,29.76,42.6,13.99,66.75,31.93,0.407,69706.5,29.89
Oceania,2023,59833220,5.23,312927.74,65.41,26.5,47.06,28.23,57.89,25.06,0.222,48415.67,48.47
Central Asia,2022,219984035,27.17,5976966.23,57.38,15.64,10.91,34.98,53.97,8.26,0.655,16674.97,53.77
Southern Asia,2020,228656743,20.46,4678316.96,34.59,32.04,51.86,12.5,67.15,21.24,0.197,29444.29,30.12
Northern America,2021,N/A,18.05,954907,37.39,30.23,25.61,14.64,49.36,27.43,0.875,44485.96,78.33
South-Eastern Asia,2023,209510022,27.75,5813903.11,16.99,13.18,91.53,38.94,27.13,28.47,0.148,,58.15
Northern Africa,2023,80687481,22.45,1811433.95,,29.64,23.78,37.55,44.08,26.8,0.529,42653.13,45.41
Central Asia,2024,104452940,11.45,1195986.16,66.4,16.24,8.43,29.03,40.56,25.88,0.355,42738.08,84.55
Southern Asia,2024,28003359,10.22,286194.33,57.49,3.64,59.35,38.52,7.3,27.18,0.279,42174.99,82.52
Europe ,2022,221522717,17.55,3887723.68,9.37,9.26,87.26,16.04,68.02,19.88,0.751,29109.65,39.61
Northern Africa,2022,136634355,28.51,3895445.46,43.8,28.71,69.36,29.72,35.18,14.22,0.232,48854.5,33.32
Latin America and the Caribbean,2022,128400084,7.5,963000.63,64.44,41,54.1,23.78,20.51,10.57,0.4,61230.1,96.42
Europe,2021,141558742,16.72,2366862.17,83.14,43.66,13.41,36.52,15.55,32.39,0.82,65282.38,78.26
Oceania,2023,186382986,13.95,2600042.65,32.79,3.77,7.64,27.25,21.22,5.8,0.043,63944.45,78.11
Northern America,2023,117529711,6.09,715755.94,150,33.79,86.56,21.58,28.35,25.74,0.53,61009.91,44.49
Western Asia,2024,152920807,5.63,860944.14,35.51,7.62,15.34,37.43,6.95,3.82,0.519,23544.98,88.37
Northern America,2020,N/A,4.65,236537.9,83.27,78.38,82.21,18.31,6.3,15.99,0.618,,29.62
Europe,2020,85020108,5.06,430201.75,36.76,23.46,65.26,20.24,69.45,20.78,0.51,10093,26.91
Latin America and the Caribbean,2024,20218337,27.37,553375.88,69.21,26.28,47.64,37.25,64.62,2.38,0.329,71588.21,19.63
Latin America and the Caribbean,2022,40314206,5.78,233016.11,50.07,4.45,76.26,28.43,65.76,24.37,0.181,74391.45,26.64
Sub-Saharan Africa,2023,13031943,5.23,68157.06,22.93,3.96,28.2,34.92,19.06,28.29,0.558,46749.15,59.46
Latin America and the Caribbean,2021,13789369,16.59,228765.63,79.76,74.23,16.37,13.95,43.87,28.09,0.19,53672.2,44.6
Southern Asia,2024,155886815,26.02,4056174.93,6,5.31,99.64,27.03,43.71,10.69,0.643,54653.35,83.86
Central Asia,2020,236157227,28.63,6761181.41,69.3,62.92,78.52,24.17,43.44,7.78,0.696,79798.52,58.15
South-Eastern Asia,2024,N/A,28.1,473662.7,73.56,61.08,13.26,38.6,53.74,24.86,0.959,29999.62,65.11
Oceania,2020,65751210,6.92,454998.37,66.93,32.54,2.87,17.26,44.98,8.07,0.316,24610.26,97.5
Western Asia,2022,167078074,20.51,3426771.3,50.25,22.17,29.89,39.6,65.98,21.58,0.378,64337.79,36.38
Northern America,2022,52872260,8.09,427736.58,24.12,16.09,90.02,22.05,69.31,14.02,0.29,42843.54,22.82
Northern America,2021,197079887,11.82,2329484.26,10.56,8.74,62.69,12.68,19.04,14.47,0.284,28466.55,26.84
Oceania,2022,136628149,13.93,1903230.12,46.8,38.15,35.27,20.37,63.39,6.59,0.614,50587.57,58.09
Northern Africa,2023,96588965,26.59,2568300.58,29.34,19.27,58.4,20.22,30.25,6.38,0.5,57868.97,95.12
Europe,2020,217393565,21.61,4697874.94,24.51,18.94,9.09,23.61,67.11,12.78,0.63,17437.62,96.52
Eastern Asia,2023,203146200,6.33,1285915.45,45.16,26.15,22.15,30.3,33.62,0.62,0.197,44990.8,36.73
Latin America and the Caribbean,2021,42663092,5.69,242752.99,44.63,13.94,27.75,29.95,58.17,5.82,0.783,79969.04,42.8
Latin America and the Caribbean,2022,168161284,2.54,427129.66,66.46,26.68,92.13,30.9,10.31,6.67,0.059,12009.08,65.77
Southern Asia,2021,153131494,10.69,1636975.67,60.24,22.55,46.08,23.76,45.82,30.21,0.942,35898.11,41.16
Latin America and the Caribbean,2023,40726772,29.5,1201439.77,60.56,39.77,33.91,17.63,29.27,20.37,0.911,29657.31,61.93
Eastern Asia,2023,219261635,9.96,2183845.88,62.92,61.83,94.07,14.75,33.06,22.45,0.109,58868.21,39.19
Northern America,2023,225266170,15.12,3406024.49,74.8,22.38,63.69,18.71,56.11,23.1,0.499,884.63,47.06
Europe,2021,43718828,19.31,844210.57,19.39,15.67,84.38,18.72,9.57,33.46,0.769,57197.26,15.98
Eastern Asia,2023,25719125,9.1,234044.04,10.15,5.8,49.47,29.41,27.34,30.51,0.126,71879.95,86.86
Western Asia,2020,153302660,21.81,3343531.01,50.79,22.93,64.15,39.21,42.75,12.58,0.707,1521.02,91.36
Sub-Saharan Africa,2020,101003009,15.76,1591807.42,72.95,57.67,16.49,12.1,32.51,6.63,0.927,37187.19,96.67
Southern Asia,2020,211954227,21.31,4516744.58,41.32,22.62,79.38,21.64,44.13,7.06,0.436,33864.44,95.71
South-Eastern Asia,2024,67484097,10,674840.97,25.4,15.35,83.66,12.68,16.23,25.1,0.948,77834.32,67.09
Northern Africa,2024,212850815,13.38,2847943.9,41.57,21.03,8.92,23.26,35.48,13.24,0.451,73457.83,47.94
Northern America,2022,N/A,4.37,109468.2,19.46,13.16,46.71,21.06,36.28,21.67,0.307,30796.69,68.32
Europe,2021,167577267,20.42,3421927.79,82.21,41.78,95.86,10.22,34.7,33.44,0.986,79531.87,
Oceania,2023,245393176,10.02,2458839.62,82.42,12.54,80.22,21.88,5.91,24.62,0.432,7541.17,49.36
Western Asia,2022,172042362,17.35,2984934.98,14.95,11.52,63.25,18.68,66.02,19.03,0.485,36161.91,58.75
Northern America,2024,65497741,24.27,1589630.17,80.17,34.13,30.93,21.52,11.13,26.44,0.868,45665.39,57.53
Eastern Asia,2022,41113436,19.26,791844.78,57.29,55.09,51.1,30.09,39.2,1.63,0.323,51434.5,50.64
Sub-Saharan Africa,2024,232617980,13.56,3154299.81,64.66,42.51,93.46,13.82,62.77,32.27,0.36,,22.82
Northern Africa,2024,117112744,-7.04,824473.72,67.72,47.8,2.4,14.79,39.71,26.63,0.123,62528.16,83.74
Latin America and the Caribbean,2022,18732942,11.2,209808.95,41.63,39.44,89.18,24.59,13.32,25.12,0.378,44186.03,88.09
Northern America,2021,219272752,27.73,6080433.41,,25.45,37.26,23.58,44.58,21.9,0.13,52119.25,84.67
Eastern Asia,2024,145702843,20.27,2953396.63,42.48,3.17,74.16,19.97,10.37,8.13,0.465,18451.26,87.83
Europe,2021,175690327,9.93,1744604.95,81.78,50.93,95.46,31.26,33.46,21.23,0.17,67277.31,
South-Eastern Asia,2022,234786513,3.04,713751,75.22,16.71,7.41,26.41,41.66,34.09,0.787,27918.85,54.97
Latin America and the Caribbean,2020,220726774,-7.77,1715047.03,69.98,3.02,36.41,14.64,34.97,0.73,0.384,67635.25,23.07
South-Eastern Asia,2021,140430544,9.63,1352346.14,31.37,22.53,20.36,17.77,49.65,14.02,0.244,22509.45,42.32
South-Eastern Asia,2022,7538505,6.35,47869.51,41.66,27.98,67.6,22.16,23.76,27.78,0.379,52931.14,22.43
Southern Asia,2020,84977577,28.05,2383621.03,13.86,12.37,89.97,10.33,40.19,29.66,0.911,39685.41,
Oceania,2022,83065146,4.84,402035.31,36.69,19.8,34.87,17.65,20.43,22.5,0.368,45646.27,43.7
Northern Africa,2020,71522322,22.26,1592086.89,150,38.27,15.62,15.73,52.06,24.87,0.129,62084.09,29.3
South-Eastern Asia,2022,117909776,13.98,1648378.67,23.83,18.97,3.12,29.89,43.27,16.17,0.692,70925.05,19.06
Sub-Saharan Africa,2022,150001733,14.2,2130024.61,33.84,15.8,97.6,27.09,31.12,16.92,0.747,,
Northern Africa,2023,69301271,6.8,471248.64,59.86,49.39,50.21,34.37,48.96,23.77,0.822,21770.24,31.61
Southern Asia,2020,169680298,18.86,3200170.42,37.92,31.65,74.6,10.2,30.49,31.22,0.391,35187.7,57.88
Northern Africa,2022,199892082,29.98,5992764.62,53.53,10.7,41.35,23.3,60.62,9.58,0.243,3770.33,96.71
Central Asia,2020,210374769,5.93,1247522.38,10.81,5.13,42.83,31.44,16.7,1.97,0.023,21156.2,
Eastern Asia,2021,26189048,16.36,428452.83,16.62,14.14,20.09,10.79,43.67,1.49,0.823,20639.86,16.57
South-Eastern Asia,2020,72051554,5.94,427986.23,18.16,11.8,10.08,36.07,19.05,3.36,0.48,37966.05,19.96
Central Asia,2021,216007500,27.76,5996368.2,80.88,21.19,84.27,24.13,15.31,21.59,0.19,54392.85,27.59
Europe,2023,148721116,3.9,580012.35,39.64,25.24,82.55,16.51,49.13,26.51,0.851,5769.28,44.38
Western Asia,2024,N/A,20.42,3462733.92,60.22,21.35,36.34,11.83,21.64,19.48,0.462,48315.67,53.56
Latin America and the Caribbean,2024,69091710,20.31,1403252.63,37.57,19.47,5.26,39.51,19.5,22.11,0.228,9772.79,24.34
Eastern Asia,2024,195077428,8.25,1609388.78,36.91,35.58,17.97,15.66,56.96,28.96,0.675,35655.13,42.66
Western Asia,2021,159755453,21.2,3386815.6,22.15,19.41,53.23,34.92,47.69,34.42,0.136,62567.32,
Northern America,2020,248265885,24.04,5968311.88,47.71,16.86,19.23,31.54,66.7,1.6,0.419,36437.9,81.11
Northern Africa,2022,127363393,6.76,860976.54,34.94,17.95,63.14,17.83,35.47,13.07,0.405,75946.06,38.33
Central Asia,2024,210943955,7.37,1554656.95,40.5,10.45,61.79,32.87,59.23,19.7,0.187,25191.33,88.35
Latin America and the Caribbean,2020,79775359,12.46,994000.97,46.88,41.2,82.28,24.31,41.29,29.19,0.815,15002.81,66.2
Sub Saharan Africa,2023,81454234,9.29,756709.83,62.74,14.09,23.33,14.04,31.02,23.25,0.046,38568.19,46.23
Europe,2021,70130288,20.58,1443281.33,78.39,54.44,56.01,32.81,24.76,26.66,0.284,24659.95,52.93
Eastern Asia,2020,160940859,16.6,2671618.26,68.79,49.65,34.13,27.44,51.27,19.69,0.221,59084.43,89.08
Sub-Saharan Africa,2020,59573347,14.22,847132.99,76.32,60.38,57.4,17.32,47.12,27.53,0.911,72918.71,67.71
Central Asia,2021,10459437,7.19,75203.35,19.61,5.31,67.03,10.73,20.48,33.33,0.545,63928.46,67.97
Latin America and the Caribbean,2021,177868144,16.58,2949053.83,33.01,16.61,20.13,22.51,55.56,10.82,0.979,30161.72,31.84
Oceania,2024,143887835,25.96,3735328.2,29.26,29.23,78.2,14.19,54.33,14.04,0.156,50347.72,34.59
Oceania,2020,246878227,24.57,6065798.04,66.81,20.75,91.18,19.18,62.36,2.28,0.833,14416.24,87.8
Northern America,2021,239936446,15.76,3781398.39,52.12,46.68,27.13,32.62,55.32,6.51,0.285,54941.45,39.96
Sub-Saharan Africa,2022,130170427,15.72,2046279.11,13.35,8.09,62,13,55.85,21.79,0.89,37572.62,21.81
Eastern Asia,2023,161926893,23.89,3868433.47,50.47,43.44,67.39,16.37,19.97,14.45,0.749,908.11,40.71
Latin America and the Caribbean,2021,67902145,24.07,1634404.63,69.56,33.71,98.68,19.68,25.09,20.54,0.828,44444.28,87.13
South-Eastern Asia,2021,166099150,20.73,3443235.38,7.63,6.07,32.98,11.33,57.69,26.48,0.082,2045.01,44.19
Northern Africa,2024,20007205,15.5,310111.68,20.11,3.7,92.24,26.59,24.75,16.66,0.884,42337,84.91
Oceania,2023,99258900,27.26,2705797.61,61.72,11.99,29.12,13.56,55.53,3.96,0.149,60688.32,19.78
Northern America,2022,138291784,19.48,2693923.95,12.33,5.15,38.03,25.02,7.05,34.22,0.831,48257.95,94.19
Southern Asia,2021,12934123,19.27,249240.55,56.34,5.01,30.17,32.96,47.14,17.81,0.145,61252.23,78.03
Europe,2022,80038708,9.07,725951.08,56.58,37.2,51.41,32.26,64.42,6.26,0.124,43029.59,22.02
Oceania,2024,47810559,7.5,358579.19,10.09,3.1,43.1,32.59,49.71,22.34,0.738,54296.24,69.7
Latin America and the Caribbean,2023,193700273,17.65,3418809.82,23.85,8.82,80.17,24.23,39.62,21.13,0.894,22355.28,45.29
Oceania,2024,163081881,19.98,3258375.98,25.78,15.59,2.44,38.83,19.57,16.53,0.362,61339.66,71.52
Europe,2024,170655950,28.05,4786899.4,12.54,4.15,77,22.9,25.59,0.29,0.623,30181.32,65.21
Northern Africa,2022,134472139,26.29,3535272.53,,6.75,27.55,26.98,44,7.35,0.805,66951.59,32.35
South-Eastern Asia,2024,182019087,25.57,4654228.05,26.44,9.87,34.55,23.25,63.15,25.86,0.563,77252.25,42.4
Northern America,2020,64041062,-28.44,1821327.8,24.04,13.05,81.92,29.89,15.64,32.62,0.456,47960.84,73.67
Sub-Saharan Africa,2021,186481025,2.36,440095.22,17.17,6.2,83.97,16.33,44.68,5.38,0.4,29157.5,24.94
Europe,2020,70267722,24.93,1751774.31,46.09,30.67,29.95,31.13,22.13,10.83,0.934,77318.86,65.44
Northern Africa,2020,43584166,12.98,565722.47,,13.07,62.62,16.87,60.55,10.86,0.552,49739.2,56.32
Central Asia,2023,124214350,14.91,1852035.96,50.46,35.73,9.08,15.92,63.78,1.85,0.484,19747.89,92.71
Northern Africa,2023,191592093,6.11,1170627.69,80.95,36.62,18.17,39.42,40.29,4.77,0.767,13570.53,70.54
Latin America and the Caribbean,2022,174063493,14.26,2482145.41,66.1,52.13,84.79,15.15,42.23,0.97,0.93,40070.95,53.54
Eastern Asia,2022,164514199,20.84,3428475.91,33.5,8.73,5.74,17.66,48.42,32.04,0.47,43867.59,94.08
Europe,2021,178490595,6.81,1215520.95,29.48,6.22,62.54,27.05,16.98,15.95,0.38,16798.42,61.75
South-Eastern Asia,2021,31331833,6.86,214936.37,5.55,3.46,77.88,11.03,32.17,4.32,0.497,55712.52,39.69
Latin America and the Caribbean,2023,140933414,27.13,3823523.52,29.4,26.55,18.08,11.26,11.66,28.35,0.724,44683.99,47.52
Sub-Saharan Africa,2024,191035084,23.77,4540903.95,25.14,24.25,20.79,10.03,69.48,17.88,0.91,62023.42,66.68
Central Asia,2021,162158509,14.25,2310758.75,56.07,10.88,36.68,32.6,45.23,8.69,0.309,42964.71,60.51
Northern America,2021,173596258,8.11,1407865.65,31.38,25.17,10.75,28.23,39.66,29.94,0.208,66657.58,88.91
Northern Africa,2020,131272408,23.74,3116406.97,54.9,24.18,37.92,31.94,54.24,30.44,0.418,22317.12,96.15
Oceania,2023,248185438,24.29,6028424.29,48.23,28.98,23.7,23.7,8.99,29.08,0.28,36900.12,45.08
Sub-Saharan Africa,2023,23798141,2.49,59257.37,54.62,43.74,41.79,20.1,19.63,1.46,0.871,15123.69,
Southern Asia,2021,18922210,4.03,76256.51,33.49,14.05,9.59,13.07,28.92,20.61,0.497,4128.28,17.73
Latin America and the Caribbean,2020,26566602,10.27,272839,6.67,6.03,46.78,15.51,44.68,22.45,0.3,52413.88,63.81
Northern Africa,2022,179370910,28.49,5110277.23,44.98,6.4,79.46,37.95,64.68,22.39,0.142,10331.09,74.79
South-Eastern Asia,2024,61358379,22.61,1387312.95,32.65,15.66,12.34,25.51,39.7,28.63,0.568,unknown,57.45
Western Asia,2022,163069019,11.03,1798651.28,27.96,7.36,20.55,24.44,52.18,5.22,0.661,30039.84,71.38
Northern Africa,2021,157542925,20.27,3193395.09,27.8,19.61,90.01,21.5,7.64,3.03,0.718,55418.26,60.21
South-Eastern Asia,2020,67816598,2.16,146483.85,22.76,16.41,33.75,11.62,64.99,29.17,0.053,30788.23,48.75
Eastern Asia,2024,207473696,29.57,6134997.19,34.05,21.23,70.77,35.64,51.76,8.65,0.141,51086.59,78.27
Latin America and the Caribbean,2024,30748560,7.05,216777.35,,4.29,28.05,29.33,61.54,22.89,0.727,22817.49,42.14
Eastern Asia,2020,137677072,5.53,761354.21,12.4,10.53,79.66,24.53,16.49,7.93,0.864,,58.79
Central Asia,2022,62769989,29.23,1834766.78,62.82,35.68,27.38,33.36,20.44,31.14,0.2,,34.8
Oceania,2024,232650740,29.45,6851564.29,15.65,13.2,14.93,17.54,47.99,8.74,0.434,unknown,52.24
Central Asia,2021,35957716,2.44,87736.83,24.46,7.72,77.39,33.59,66.39,28.89,0.199,29997.54,78.48
Central Asia,2024,109461450,8.03,878975.44,5.46,4.92,85.3,28.73,36.92,19.18,0.834,7214.37,
Northern Africa,2021,205927292,14.51,2988005.01,49.21,14.88,58.36,30.04,39.08,17.86,0.645,,93.2
Western Asia,2021,151492281,14.68,2223906.69,60.42,13.66,82.88,35.19,67.27,24.17,0.341,4060.28,55.26
South-Eastern Asia,2023,127537930,3.53,450208.89,64,9.02,69.2,33.04,43.81,1.23,0.715,,37.71
Latin America and the Caribbean,2021,181812332,20.66,3756242.78,27.23,20.06,76.95,38.09,44.82,21.08,0.036,19393.06,82.44
Sub Saharan Africa,2024,176752012,14.71,2600022.1,76.65,20.72,48.31,19.24,24.54,21.31,0.273,34794.82,62.41
Northern America,2023,218821592,9.06,1982523.62,83.22,13.88,68.41,38.42,17.71,29.37,0.863,63386,25.43
South-Eastern Asia,2024,169544457,16.08,2726274.87,64.04,54.82,59.24,35.77,29.47,23.45,0.097,20278.8,79.67
South-Eastern Asia,2024,241242867,18.11,4368908.32,49.37,38.89,85.74,17.62,10.48,10.31,0.668,20332.69,81
Oceania,2020,24135140,24.22,584553.09,42.84,25.15,63.15,21.08,10.58,5.31,0.099,2273.79,26.79
Europe ,2023,178535764,2.83,505256.21,48.43,34.36,74.68,25.16,35.53,13.89,0.36,44170.03,87.09
Western Asia,2021,185356315,10.96,2031505.21,78.14,57.41,96.98,16.64,34.58,9.01,0,12521.81,33.27
South-Eastern Asia,2022,123045127,2.18,268238.38,74.12,7.48,61.06,12.2,15.59,21.24,0.467,65492.34,58.76
Southern Asia,2024,113094833,21.97,2484693.48,70.36,39.54,69.04,32.64,33.45,0.84,0.888,53158.67,57.94
Latin America and the Caribbean,2022,58064483,13.99,812322.12,65.45,46.91,67.07,33.63,23.46,3.76,0.573,44655.56,97.51
Eastern Asia,2020,130759133,24.48,3200983.58,70.49,57.91,73.51,21.17,17.68,0.62,0.93,,59.87
Northern America,2021,206699701,28.68,5928147.42,,4.85,97.76,25.08,22.66,25.49,0.47,28613.87,34.59
Southern Asia,2020,93583051,12.51,1170723.97,51.64,15.82,29.54,25.88,50.88,9.45,0.685,26915.98,37.52
Western Asia,2024,202258131,13.72,2774981.56,150,8.1,48.74,15.38,49.48,8.75,0.2,38983.75,62.74
Northern Africa,2024,183979389,9.12,1677892.03,15.93,8.07,19.36,35.56,32.62,1.16,0.776,55231.22,24.85
Southern Asia,2023,46004373,21.89,1007035.72,48.83,35.52,78.48,22.81,36.73,34.07,0.978,12943.71,58.47
Latin America and the Caribbean,2022,2448137,12.59,30822.04,50.65,46.16,14.47,16.23,48.54,30.2,0.364,,85.7
Northern America,2020,184586579,11.19,2065523.82,50.31,47.72,72.15,16.96,20.49,11.63,0.364,29830.84,61.07
South-Eastern Asia,2020,243191036,29.88,7266548.16,17.2,15.3,63.5,17.38,18.95,27.38,0.396,59614.15,51.75
Northern America,2023,203419768,5.22,1061851.19,43.08,23.82,47.08,18.51,62.14,18.91,0.636,35482.84,74.38
Western Asia,2021,134327231,11.58,1555509.33,31,19.95,67.91,24.15,68.11,34.75,0.91,53418.9,81.2
Southern Asia,2022,59389717,3.28,194798.27,78.17,38.21,8.06,24.08,56.27,14.54,0.685,14265.88,81.24
Central Asia,2023,225330254,19.29,4346620.6,71.81,24.74,14.14,37.33,14.2,18.13,0.89,19015.13,95.86
Western Asia,2022,1765577,16.4,28955.46,22.8,17.51,22.28,20.35,29.26,27.9,0.66,73672.66,54.4
Sub Saharan Africa,2022,234297898,18.92,4432916.23,77.91,8.17,81.62,35.95,23.16,0.98,0.314,66217.62,40.37
South-Eastern Asia,2022,16652553,20.07,334216.74,61.13,39.4,58.77,11.06,59.74,31.03,0.325,65111.77,94.62
Southern Asia,2021,219720405,9.72,2135682.34,83.46,5.43,70.76,11.75,23.42,18.97,0.908,7845.82,66.85
Latin America and the Caribbean,2021,194882685,2.54,495002.02,22.08,10.75,45.69,14.23,65.97,11.83,0.83,66166.83,
Oceania,2023,49329974,11.01,543123.01,16.7,8.39,15.51,12.24,15.72,9.09,0.422,17728.32,53.79
Northern Africa,2023,130566663,12.29,1604664.29,11.39,5.26,79.29,28.52,17.09,29.55,0.448,12251.42,96.13
Eastern Asia,2024,60020680,11.62,697440.3,37.03,27.64,8.25,17.42,51.43,16.78,0.607,26890.54,35.99
Oceania,2020,153479167,4.14,635403.75,73.17,47.42,81.82,29.84,61.83,2.34,0.294,37057.75,33.52
South-Eastern Asia,2024,N/A,10.63,2591378.82,64.67,63.66,49.43,27.23,52.52,0.18,0.318,68094.88,35.08
South-Eastern Asia,2024,210614260,15.52,3268733.32,6.88,3.3,91.89,22.47,33.31,33.14,0.692,34336.42,81.35
Central Asia,2020,44863988,10.33,463445,27.64,14.11,10.29,19.43,54.97,18.02,0.603,30606.63,82.25
Oceania,2024,128587426,11.47,1474897.78,41.46,23.57,48.87,27.12,25.72,1.4,0.334,74071.65,72.75
Northern America,2024,1025060,7.96,8159.48,36.1,7.16,46.81,11.58,15.39,19.92,0.194,2260.63,94.2
Northern Africa,2024,164717802,3.98,655576.85,78.17,22.57,15.5,34.57,66.21,21.65,0.465,,46.48
Europe,2020,220826834,11.68,2579257.42,57.7,39.51,47.09,25.48,36.28,2.84,0.37,57902.5,24.31
Latin America and the Caribbean,2022,8764060,24.27,212703.74,81.34,37.13,52.15,23.69,15.13,17.54,0.549,65995.83,60.82
Oceania,2023,157104807,20.16,3167232.91,55.3,21.43,67.75,14.84,48.48,33.35,0.647,32800.09,24.55
Central Asia,2020,93526291,26.29,2458806.19,5.65,3.17,12.05,31.02,5.01,27.87,0.211,52861.76,31.97
South-Eastern Asia,2023,87441692,11.81,1032686.38,72.21,9.73,76.3,25.7,55.51,24.19,0.434,35119.37,20.55
South-Eastern Asia,2024,202610594,20.54,4161621.6,68.16,21.52,5.03,16.34,8.31,5.75,0.945,11261.29,32.81
Latin America and the Caribbean,2021,136956240,-28.61,3918318.03,,13.63,68.32,13.08,32.16,18.85,0.884,53478.28,53.38
Sub-Saharan Africa,2023,203018933,21.17,4297910.81,84.17,26.38,60.07,34.69,43.42,18.57,0.215,,46.56
Europe,2024,213780639,5.88,1257030.16,80.36,74.67,72.87,38.93,59.79,23.11,0.398,30708.83,31.56
Central Asia,2024,210259070,2.03,426825.91,6.83,4.15,85.45,25.3,5.85,30.68,0.654,23947.35,93.77
Europe,2023,3826510,26.11,99910.18,62.38,28.18,5.39,23.22,29.26,25.2,0.301,46125.13,94.8
Central Asia,2023,120571937,26.29,3169836.22,59.07,8.5,54.35,15.7,31.85,16.42,0.289,,30.13
Sub-Saharan Africa,2021,204546757,14.62,2990473.59,21.5,9.43,43.58,24.8,59.21,8.12,0.949,44521.91,
Sub-Saharan Africa,2023,239201248,28.4,6793315.44,50.05,24.39,17.12,12.28,49.22,4.9,0.871,28741.14,26.98
Western Asia,2024,161141380,24.14,3889952.91,72.41,8.28,66.44,19.86,6.53,20.15,0.055,67432.53,48.78
Southern Asia,2024,188066078,13.89,2612237.82,18.65,12.14,33.15,32.08,35.19,11.26,0.522,44958.27,41.72
Sub-Saharan Africa,2022,205121927,19.35,3969109.29,49.87,17.71,83.69,20.76,54.26,21.44,0.115,34953.84,41.14
Central Asia,2022,144496665,14.34,2072082.18,38.8,6.86,89.05,29.97,25.16,24.94,0.2,54547.26,42.44
South-Eastern Asia,2021,57322730,7.16,410430.75,58.34,42.4,3,33.25,37.88,12.3,0.798,18535.85,51.74
Latin America and the Caribbean,2022,124911858,20.45,2554447.5,16.4,8.12,36.3,34.85,57.85,6.15,0.325,79730.86,97.29
Central Asia,2020,N/A,15,2972458.79,14.61,6.98,3.01,29.53,65.15,25.28,0.893,44286.56,43.06
Western Asia,2022,99737445,21.49,2143357.69,,21.29,68.03,34.36,22.84,25.66,0.384,10173.18,18.91
Latin America and the Caribbean,2024,159957592,12.9,2063452.94,150,65.9,73.31,19.92,58.95,10.08,0.064,43134.05,36.47
Northern Africa,2023,39419710,6.83,269236.62,72.85,51.02,31.14,19.11,34.12,7.16,0.239,55208.64,71.42
Northern America,2022,43635912,3.49,152289.33,16.6,8.79,3.15,22.87,46.12,20.4,0.064,37026.06,41.18
Eastern Asia,2021,190436425,6.72,1279732.78,56.13,4.91,14.05,20.82,33.22,31.02,0.472,33971.79,56.83
Eastern Asia,2021,66569333,17.9,1191591.06,70.63,56.44,27.38,29.7,61.59,21.26,0.255,49414.22,81.73
Western Asia,2023,172226927,17.68,3044972.07,17.04,10.82,96.99,29.7,45.36,4.47,0.327,31907.87,95.6
Europe,2020,144834588,21.63,3132772.14,16.2,15.33,84.12,21.82,9.41,16.4,0.897,66901.35,79.4
Western Asia,2020,23064063,9.87,227642.3,55.37,43.01,79.12,21.3,7.14,30.64,0.452,5286.44,
Western Asia,2020,159755951,9.88,1578388.8,29.95,11.04,23.53,21.16,64.4,28.43,0.02,74160.26,47.34
Sub-Saharan Africa,2023,45383491,-5.94,269577.94,62.13,61.57,88.31,19.39,28.54,19.03,0.268,15340.79,21.19
Western Asia,2020,239648343,27.34,6551985.7,,10.9,6.52,25.49,38.96,24.58,0.793,21957.05,96.1
Northern Africa,2021,204289170,6.2,1266592.85,79.32,69.85,79.09,38.83,46.73,24.29,0.222,79982.09,25.64
Western Asia,2022,116502322,13.47,1569286.28,33.88,33.7,67.63,27.83,55.79,14.6,0.456,26663.5,65.56
South-Eastern Asia,2020,199749239,27.15,5423191.84,40.41,15,61.03,23.21,69.6,32.15,0.126,65379.18,33.21
Sub-Saharan Africa,2024,209102304,11.88,2484135.37,,5.85,36.48,26.73,34.31,17.42,0.445,44356.67,82.19
Central Asia,2022,160208094,3.52,563932.49,33.83,10.63,19.99,14.01,38.12,24.25,0.459,75952.09,58.59
Oceania,2020,143593621,13.48,1935642.01,42.77,19.85,49.12,23.49,6.38,1.09,0.922,2346.41,31.47
Central Asia,2021,137064106,10.06,1378864.91,8.1,6.09,46.7,13.92,34.19,33.96,0.073,76197.15,39.07
Latin America and the Caribbean,2024,247368784,23.72,5867587.56,31.51,13.7,17.25,20.92,54.13,21.9,0.889,11217.42,44.52
Europe,2024,45681879,9.31,425298.29,35.44,20.1,17.36,33.65,11.65,16.78,0.827,45444.51,77.31
Latin America and the Caribbean,2021,121500986,5.37,652460.29,150,65.73,20.75,32.64,45.16,4.92,0.797,13531.24,38.05
Northern Africa,2024,208114156,3.38,703425.85,60.79,40.72,86.9,25.89,34.49,27.13,0.475,46079.08,27.27
South-Eastern Asia,2023,240381512,6.16,1480750.11,14.34,3.91,67.56,16.68,24.72,19.73,0.442,66989.23,46.58
Central Asia,2022,162565718,5.12,832336.48,51.87,35.16,98.89,18.73,25.07,23.64,0.503,43819.75,30.76
Latin America and the Caribbean,2020,222805536,14.8,3297521.93,47.74,23.88,58.47,24.31,11.77,13.81,0.711,40194.4,42.85
Sub-Saharan Africa,2024,68320039,23.87,1630799.33,34.56,27.68,93.47,15.45,40.19,15.85,0.103,63010.71,92.2
Western Asia,2020,84294230,13.1,1104254.41,62.69,32.54,27.1,39.14,47.04,12.24,0.287,46803.64,53.43
Southern Asia,2023,152023312,26.83,4078785.46,58.64,39.46,81.02,25.06,61.26,9.81,0.77,10734.12,58.61
Europe ,2021,75454935,9.59,723612.83,80.61,69.28,70.27,10.96,7.32,30.82,0.013,52532.01,86.44
Southern Asia,2022,169195572,3.31,560037.34,150,21.06,73.51,36.03,11.05,4.48,0.449,38175.5,35.41
Europe,2023,135799442,26.5,3598685.21,73.97,28.04,32.62,17.45,41.17,6.09,0.94,,87.21
Northern Africa,2024,11402820,29.1,331822.06,13.4,3.93,96.41,37.5,8.89,6.4,0.279,48984.58,60.29
Northern Africa,2022,37053376,13.46,498738.44,67.84,7.03,88.85,15.66,30.31,31.68,0.256,1690.01,81.12
Eastern Asia,2023,91591520,3.53,323318.07,17.36,9.36,8.38,25.74,34.03,15.26,0.008,28840.04,87.02
Oceania,2024,80593360,7.29,587525.59,,59.11,39.05,31.44,12.26,5.78,0.563,75319.67,87.69
Northern America,2024,82559679,25.66,2118481.36,30.5,23.57,81.47,24.92,40.83,22.29,0.536,42335.59,50.05
Europe,2022,135108096,8.36,1129503.68,32.72,13.66,49.1,10.02,18.9,9.87,0.014,30420.53,31.98
Oceania,2022,154748284,4.62,714937.07,18.81,10.78,9.97,39.14,24.44,14.25,0.171,73616.06,
Northern America,2022,224233893,24.18,5421975.53,29.02,18.81,22.89,18.6,62.97,8.52,0.595,unknown,66.89
Latin America and the Caribbean,2023,229455991,3.51,805390.53,25.25,15.33,53.44,30.84,64.76,8.12,0.486,64708.1,58.02
Europe ,2021,187749525,29.13,5469143.66,16.49,5.45,33.48,19.01,28.3,5.11,0.268,37163.22,38.26
Northern Africa,2023,92514237,19.62,1815129.33,37.47,20.48,95,14.29,51.92,20.62,0.909,38038.96,51.69
South-Eastern Asia,2020,119656589,17.31,2071255.56,58.66,13.24,77.14,13.39,6.01,1.22,0.519,23235.66,30.99
Latin America and the Caribbean,2022,11529940,8.31,95813.8,9.07,5.79,49.25,29.49,47.52,28.65,0.3,34869.51,56.21
Europe,2022,59738628,10.37,619489.57,15.51,11.03,54.3,13.95,36.19,22.9,0.946,44994.41,86.4
Europe ,2021,49908576,7.18,358343.58,75.44,69.07,20.84,30.21,63.31,3.83,0.571,46636.8,32.12
Northern America,2024,213779765,13.73,2935196.17,25.83,11.41,64.57,39.13,38.97,30.01,0.258,74568.61,62.24
Europe,2021,73592484,14.98,1102415.41,63.5,25.66,14.26,24.76,8.08,11.43,0.042,32983.66,90.44
Eastern Asia,2021,1601495,23.84,38179.64,36.27,25.5,39.33,34.54,38.54,15.86,0.096,12317.56,71.75
Northern Africa,2020,89322280,7.01,626149.18,12.46,11.95,54.87,13.22,41.39,12.55,0.802,34736.03,35.59
Eastern Asia,2022,12714006,28.1,357263.57,46.11,45.46,8.33,35.48,26.68,9.04,0.443,47788.96,91.31
Latin America and the Caribbean,2023,143147398,27.3,3907923.97,68.76,62.33,4.74,14.6,22.81,34.14,0.568,37175.46,58.25
South-Eastern Asia,2022,122925952,5.95,731409.41,71.32,11.87,99.77,26.73,63.6,8.39,0.963,64571.07,71.51
Northern Africa,2024,33384610,19.88,663686.05,60.49,5.2,55.08,32.31,42.42,31.14,0.418,5016.04,67.76
Eastern Asia,2023,70453597,7.11,500925.07,78.24,36.51,68.93,13.59,13.24,32.79,0.702,49511.22,82.49
Northern America,2023,236436089,27.78,6568194.55,71.28,15.94,41.41,25.51,64.83,21.64,0.942,45427.43,97.29
Europe,2022,93933365,16.59,1558354.53,12.47,6.26,8.3,30.19,29.65,12.47,0.738,69242.02,61.71
Latin America and the Caribbean,2022,168809390,12.25,2067915.03,83.63,62.92,98.69,39.95,51.13,25,0.453,,49.83
Eastern Asia,2024,N/A,17.02,2462134.87,20.33,15.94,2.11,20.3,40.1,23.66,0.156,19917.77,27.38
Northern Africa,2021,243511374,26.78,6521234.6,37.73,11.55,83.89,14.95,45.64,29.21,0.226,62649.37,35.4
Northern America,2021,75110544,19.95,1498455.35,58.05,4.11,13.35,10.88,27.61,26.59,0.808,8064.82,84.46
Sub Saharan Africa,2024,28507546,20.56,586115.15,83.18,15.18,24.17,31.8,65.81,19.05,0.5,52646.71,35.13
Eastern Asia,2024,30533454,28.85,880890.15,76.4,54.88,59.57,30.64,9.15,2.75,0.862,67428.85,71.65
Europe ,2023,85779134,13.88,1190614.38,52.34,50.12,43.9,32.29,34.92,2.38,0,78673.79,95.65
Eastern Asia,2020,47976644,4.11,197184.01,69.55,56.13,67.99,21.4,62.9,15.29,0.066,36406.61,74.53
Oceania,2023,12417102,10.02,124419.36,34.69,7.31,96.48,20.99,51.89,3.75,0.213,69230.13,97.72
Western Asia,2022,108734473,25.08,2727060.58,61.15,12.21,12.44,20.6,30.17,25.37,0.516,33436.32,63.93
Southern Asia,2024,111370854,27.81,3097223.45,28.17,15.54,71.24,14.88,10.37,33.34,0.47,57012.3,38.64
Northern Africa,2021,104102135,12.86,1338753.46,30.18,3.78,72.51,20.23,19.48,6.18,0.39,56303.87,64.88
Eastern Asia,2022,246714422,14.85,3663709.17,62.17,14.32,84.19,34.76,50.47,6.6,0.121,29505.83,79.87
Northern Africa,2021,80472794,12.24,984987,39.59,16.2,3.7,15.98,34.57,0.12,0.429,69605.58,81.32
Northern Africa,2022,141142432,20.18,2848254.28,150,8.95,77.95,21.81,62.15,22.2,0.899,3513.28,23.06
Sub-Saharan Africa,2020,61456614,21.07,1294890.86,25.67,10.96,29.8,40,46.75,17.68,0.667,13137.5,82.34
Latin America and the Caribbean,2024,14854699,26.51,393798.07,31.44,9.67,18.57,21.39,33.08,1.42,0.773,44360.12,33.43
Southern Asia,2021,222299189,15.91,3536780.1,81.74,59.89,24.66,22.06,8.44,26.98,0.032,45660.96,36.58
South-Eastern Asia,2022,164716264,26.24,4322154.77,52.85,24.29,49.19,22.59,61.84,31.22,0.916,21008.66,75.46
South-Eastern Asia,2023,26112387,18.15,473939.82,6.78,6.23,56.36,28.44,12.23,15.51,0.537,21956.95,
Western Asia,2020,60787111,27.37,1663743.23,66.97,64.79,2.69,21.96,68.08,13.57,0.049,65275.99,27.31
Sub Saharan Africa,2022,44114730,21.29,939202.6,84.62,63.47,74.42,39.33,10.92,11.92,0.956,29447.2,58.51
Northern America,2023,2629008,11.53,30312.46,60.9,53.38,32.86,36.11,55.74,2.95,0.466,72226.01,92.34
Europe,2023,185032459,3.67,679069.12,53.64,36.89,54.09,13.92,52.1,29.32,0.756,35058.18,36.52
Europe,2021,69784933,11.55,806015.98,75.02,74.55,65.16,36.08,62.66,11.01,0.911,63392,19.49
Northern Africa,2021,155059539,19.38,3005053.87,62.83,39.54,78.84,14.3,64.18,17.26,0.453,,45.9
Sub-Saharan Africa,2024,94930988,22.53,2138795.16,25.69,10.86,32.44,18.81,61.05,5.61,0.874,44402.36,61.61
South-Eastern Asia,2022,76824179,25.53,1961321.29,80.24,55.81,85.34,11.97,25.48,28.55,0.918,76671.19,57.85
Eastern Asia,2020,208930184,29.27,6115386.49,48.05,6.97,10.86,19.22,53.69,8.05,0.083,60175.6,20.43
Sub Saharan Africa,2022,115869459,13.96,1617537.65,51.4,9.7,1.53,16.2,10.57,1.75,0.79,55804.38,57.12
Northern Africa,2021,2769183,12.74,35279.39,63.11,45.02,39.24,35.59,30.23,14.48,0.984,1055.35,
Northern America,2022,237500743,4.24,1007003.15,,32.33,78.36,29.23,43.17,22.46,0.154,59929.53,86.03
Northern Africa,2022,246685222,2.15,530373.23,10.2,8.7,17.61,17.36,54.91,32.8,0.57,826.71,23.01
Western Asia,2022,36784577,12.01,441782.77,11.9,10.86,0.35,15.52,20.63,24.44,0.853,66548.74,30.48
Northern America,2023,112472046,16.32,1835543.79,45.05,14.68,56.44,15.03,59.52,18.98,0.569,79081.69,63.09
Central Asia,2023,136451469,20.2,2756319.67,11.94,7.57,80.69,31.33,54.69,6.93,0.393,62989.58,23.01
Central Asia,2024,200156956,27.33,5470289.61,69.7,48.09,42.22,35.94,48.2,16.44,0.877,47050.95,15.34
South-Eastern Asia,2023,34223043,21.45,734084.27,9.36,9.03,47.69,36.33,15.7,21.61,0.558,70109.31,93.96
Latin America and the Caribbean,2024,103603049,16.17,1675261.3,22.5,11.38,75.51,27.97,63.55,7.47,0.999,55047.07,90.68
Latin America and the Caribbean,2021,10903567,9.54,104020.03,9.03,7.94,74.41,12.53,21.65,33.3,0.721,70426.88,27.43
Sub-Saharan Africa,2023,145365846,14.77,2147053.55,20.13,13.02,55.31,27.41,23.5,2.64,0.126,63453.03,64.69
Northern America,2023,192705120,5.48,1056024.06,47.73,18.33,56.61,16.3,13.37,24.59,0.975,38300.29,52.82
Sub-Saharan Africa,2021,59944087,6.56,393233.21,63.89,59.81,22.38,37.59,7.08,23.2,0.603,31486.71,42.33
Southern Asia,2024,102332708,3.57,365327.77,79.25,54.82,7.55,31.63,53.14,16.37,0.226,40130.58,88.85
Central Asia,2020,162760785,14.44,2350265.74,79.77,79.31,11.08,21.39,48.33,12.07,0.812,50079.64,51.19
Eastern Asia,2022,29127193,15.65,455840.57,5.73,3.22,85.66,10.57,31.91,7.75,0.021,65715.7,40.14
Sub-Saharan Africa,2021,44695960,9.01,402710.6,81.1,46.64,45.84,24.44,66.15,29.55,0.418,19483.3,71.08
Northern America,2024,96096952,8.17,785112.1,,9.17,71.07,18.07,68.78,31.43,0.607,5689.68,62.24
Europe ,2020,25120383,18.74,470755.98,22.32,6.5,83.64,26.46,20.52,18.19,0.149,1631.82,
Northern America,2021,20332897,6.94,141110.31,33.47,19.36,92.63,37.86,14.43,17.01,0.802,53169.88,81.13
Southern Asia,2020,34304233,16.53,567048.97,33.16,20.66,36.61,15.95,29.47,19.86,0.352,60333.2,75.94
Western Asia,2020,91755666,4.45,408312.71,14.99,10.29,99.65,15.92,30.44,12.15,0.747,5150.51,57.46
Oceania,2020,233118007,20.11,4688003.12,14.89,14.47,36.48,14.39,60.79,16.98,0.634,66126.16,78.22
South-Eastern Asia,2024,198095882,24.79,4910796.91,9.02,4.42,24.14,16.59,50.38,29.48,0.128,,85.54
Northern Africa,2020,120169676,6.74,809943.62,14.98,9.59,2.47,37.46,8.15,5.25,0.721,14585.85,81.15
Oceania,2022,47070769,28.49,1341046.21,10.35,7.25,41.83,27.25,34.66,3.03,0.242,50520.38,85.84
Western Asia,2020,165733771,2.79,462397.22,24.95,8.27,91.53,13.29,30.38,7.27,0.108,,74.39
Sub-Saharan Africa,2023,235437140,7.03,1655123.09,44.55,19.23,96.97,23.37,54.15,15.62,0.331,42876.26,52.8
Eastern Asia,2024,158636917,10.65,1689483.17,49.38,28.66,73.69,15.64,52.16,18.52,0.357,9756.6,77.97
Southern Asia,2021,131044624,20.53,2690346.13,19.49,4.8,12.28,18.13,36.5,29.95,0.308,,62.91
Western Asia,2024,93973441,19.75,1855975.46,46.63,19.93,55.88,32.26,9.66,12.76,0.752,74398.16,15.98
Central Asia,2022,207271224,2.59,536832.47,73.36,21.34,46.78,34.24,7.95,9.29,0.305,16478.46,44.61
Northern Africa,2023,95401342,27.95,2666467.51,69.38,44.58,99.26,17.35,8.73,18.04,0.856,60297.84,50.33
Southern Asia,2023,105832238,16.1,1703899.03,82.38,37.95,78.67,37.61,47.92,18.56,0.949,55899.62,73.05
Eastern Asia,2024,247304275,2.24,553961.58,,25.99,91.85,13.88,7.28,5.15,0.814,72410.51,69.92
Latin America and the Caribbean,2022,207087928,8.89,1841011.68,23.15,12.96,74.04,25.75,61.64,31.98,0.068,75039.49,81.36
Southern Asia,2023,144290320,3.21,463171.93,34.24,14.92,56.83,20.49,61.73,21.38,0.657,75052.98,87.29
Oceania,2024,219349787,6.37,1397258.14,62.95,25.08,35.35,10.13,40.19,3.05,0.229,70775.5,73.07
Western Asia,2023,134607428,2.85,383631.17,65.51,27.6,43.75,25.53,52.44,24.51,0.286,,24.84
Western Asia,2020,35363876,10.86,384051.69,22.9,15.74,83.7,38.21,18.88,20.49,0.585,64184.32,21.45
Northern America,2021,95532721,2.61,249340.4,,17.05,40.61,37.11,47.8,0.09,0.958,42092.24,84.48
Western Asia,2022,55330036,11.38,629655.81,41.44,27.04,0.76,24.49,47.98,31.01,0.413,36503.79,74.63
Southern Asia,2023,166307589,4.85,806591.81,74.82,12.85,97.97,38.22,18.82,23.27,0.258,77138.32,79.12
Southern Asia,2021,230714875,7.64,1762661.65,24.27,19.67,73.41,33.96,58.01,19.67,0.097,54351.89,30.41
Eastern Asia,2023,177173298,15.94,2824142.37,81.25,44.67,34.73,32.28,62.72,9.4,0.832,14111.74,64.79
Southern Asia,2021,12675387,13.57,172005,47.7,44.76,72.08,16.95,17.04,24.08,0.959,74588.16,30.03
South-Eastern Asia,2020,111619572,29.49,3291661.18,49.6,44.27,40.69,12.16,28.79,21.53,0.269,46236.96,65.53
Central Asia,2023,155726256,16.28,2535223.45,15.8,9.86,72.81,31.93,12.09,20.91,0.898,47602.68,92.31
Central Asia,2024,233483513,17.08,3987898.4,77.68,24.53,97.42,39.2,55.58,18.59,0.475,47078.45,58.55
Sub-Saharan Africa,2022,73883101,10.95,809019.96,29.35,20.48,12.83,22.44,19.27,20.22,0.974,54119.84,88.37
Northern America,2024,63865121,13.54,864733.74,63.27,36.73,83.69,13.14,45.1,34.73,0.547,67304.46,55.82
Europe,2024,126253275,15.42,1946825.5,45.08,38.97,74.26,33.63,68.75,15.35,0.979,26353.81,
Northern America,2020,207533496,3.68,763723.27,25.79,4.85,58.35,21.25,58.91,24.5,0.07,39531.84,54.56
Western Asia,2023,122660257,19.14,2347717.32,53.1,16.97,83.51,24.67,40.46,30.7,0.699,45729.29,27.29
Oceania,2024,91044837,23.54,2143195.46,48.28,23.35,18.46,35.56,16.21,27.8,0.184,30484.41,22.88
Europe,2023,227490011,27.39,6230951.4,83.08,27.53,69.13,10.82,13.9,15.39,0.736,34061.42,
Latin America and the Caribbean,2020,19640204,12.19,239414.09,51.46,11.35,69.17,13.76,43.03,22.92,0.372,39660.41,69.32
Central Asia,2021,206829546,28.43,5880163.99,6.87,6.42,9.6,38.96,24.98,2.29,0.289,982.54,78.46
Europe,2020,65074939,5.76,374831.65,6.13,3.37,47.25,39.19,17.02,30.18,0.274,33121.97,27.6
South-Eastern Asia,2021,125417766,24.99,3134189.97,16.51,9.53,84.21,20.69,14.65,9.64,0.616,7249.45,41.39
Southern Asia,2023,192167477,10.3,1979325.01,42.04,12.92,59.83,21.07,30.53,0.49,0.445,3659.07,
Northern Africa,2024,84051758,21.43,1801229.17,59.22,47.07,88.74,34.62,22.36,34.54,0.447,55872.07,44.76
Latin America and the Caribbean,2023,222092773,23.62,5245831.3,71.61,40.45,36.85,23.32,5.05,0.86,0.237,14019.55,85.44
South-Eastern Asia,2022,87300622,19.67,1717203.23,72.67,38.59,57.75,29.28,15.35,10.36,0.339,65067.94,58.86
Southern Asia,2020,125009549,23.86,2982727.84,22.48,21.76,93.15,11.69,21.01,11.48,0.526,25920.58,64.24
Southern Asia,2023,200459170,12.57,2519771.77,64.29,37.31,68.8,30.27,21.22,14.46,0.67,71836.9,94.96
Eastern Asia,2024,106377663,23.37,2486045.98,7.4,4.9,39.4,21.65,20.14,4.82,0.235,34482.34,17.12
Eastern Asia,2021,226634480,12.47,2826131.97,49.63,33.97,31.94,11.09,13.35,6.07,0.1,65187.27,29.42
Western Asia,2020,100864380,2.84,286454.84,13.78,12.97,69.73,36.07,60.86,19.79,0.957,31922.35,42.41
South-Eastern Asia,2020,125083270,6.47,809288.76,61.33,24.69,78.84,31.64,27.4,27.18,0.849,47099.52,72.3
Northern America,2021,134700251,-29.38,3957493.37,47.53,28.92,23.66,18.71,18.43,6.21,0.756,71176.96,30.86
Western Asia,2023,235251739,14.72,3462905.6,62.14,54.75,3.94,20.46,40.71,1.19,0.556,37137.03,24.48
Europe ,2021,235355138,4.27,1004966.44,64.57,36.47,24.27,39.62,31.48,29.18,0.268,69764.01,15.11
Northern America,2022,70725305,22.69,1604757.17,51.71,38.21,67.44,14.49,5.13,4.72,0.436,76558.82,53.52
South-Eastern Asia,2020,139638586,16.64,2323586.07,22.11,18.02,34.38,18.42,7.65,20.42,0.568,2122.94,76.41
Eastern Asia,2024,94862998,14.43,1368873.06,16.29,5.15,2.9,24.72,10.1,6.32,0.954,76799.72,74.55
Northern Africa,2024,56928183,15.51,882956.12,32.16,18.83,7.08,37.04,49.14,28.41,0.542,57567.33,86.81
Oceania,2023,3952818,13.3,52572.48,23.72,23.1,35.69,20.56,45.89,26.1,0.473,43525,61.56
Northern America,2024,70573583,23.25,1640835.8,11.79,6.59,19.42,24.72,64.13,20.18,0.563,9904.89,56.9
Oceania,2024,129033875,2.01,259358.09,64.29,32.82,46.22,14.44,29.7,25.93,0.876,22665.58,27.17
Europe,2021,101161756,26.98,2729344.18,22.17,17.74,0.21,28.59,55.41,25.55,0.644,25041.1,68.4
Southern Asia,2020,198359900,27.12,5379520.49,11.83,9.18,24.45,11.31,48.11,14.69,0.906,79820,55.34
Oceania,2023,96647208,5.46,527693.76,82.44,41.51,48.46,35.07,43.57,24.47,0.082,33647.21,34.87
South-Eastern Asia,2021,227936502,20.74,4727403.05,40.35,7.83,58.2,25.61,57.02,16.25,0.981,44769.28,
Eastern Asia,2023,36110341,3.6,129997.23,6.22,3.01,52.22,19.84,43.27,2.55,0,40969.55,68.39
Sub-Saharan Africa,2023,181425121,10.16,1843279.23,49.28,31.55,91.06,26.42,22.28,4.23,0.947,49393.03,73.01
Europe,2021,98700257,-22.51,2221742.79,84.57,76.14,30.34,31.97,14.51,9.75,0.826,61293,36.61
Northern America,2022,125358909,27.57,3456145.12,76.99,50.77,0.16,12.36,67.35,3.25,0.617,37230.75,35.32
Southern Asia,2020,167972249,9.09,1526867.74,11.73,3.44,10.25,35.93,66.67,32.76,0.583,72976.03,97.7
Central Asia,2020,39393208,25.89,1019890.16,21.51,20.98,60.58,30.65,59.22,29.34,0.181,66250.72,16.9
South-Eastern Asia,2020,82567370,3.16,260912.89,16.76,3.24,16.09,39.54,24.16,31.37,0.888,75379.08,51.14
Northern America,2022,94145279,12.23,1151396.76,23.11,14.69,27.99,18.89,54.16,33.11,0.099,79470.85,15.33
Northern Africa,2020,159699424,29.28,4675999.13,56.52,9.74,3.75,36.47,36.26,12.27,0.144,79625.41,80.87
Western Asia,2022,217181052,16.27,3533535.72,50.07,44.74,65.32,11.06,15.17,28.02,0.292,674.16,38.02
Latin America and the Caribbean,2022,245084528,24.54,6014374.32,77.17,25.6,41.93,10.85,39.74,3.34,0.304,3937.02,56.09
Northern Africa,2024,144791662,8.22,1190187.46,19.61,6.53,63.42,38.85,51.23,27.72,0.357,49189.37,51.13
Northern Africa,2020,9809684,14.91,146262.39,42.44,10.69,12.74,10.46,62.23,3.04,0.5,61936.14,88.97
Eastern Asia,2023,194505476,4.35,846098.82,75.76,27.64,30.8,15.08,33.81,22.77,0.586,24250.78,95.19
Northern Africa,2020,89013319,7,623093.23,20.97,3.3,22.93,24.1,51.35,17.57,0.593,64335.95,18.97
Latin America and the Caribbean,2022,87102765,8.71,758665.08,,8.12,31.95,10.41,59.79,22.77,0.685,56415.08,76.17
Europe,2022,49505201,3.23,159901.8,60.37,10.83,14.86,19.24,30.45,0.36,0.192,1221,83.61
Southern Asia,2023,87771303,14.85,1303403.85,9.4,6.28,10.64,38.13,37.53,31.94,0.703,57445.19,63.44
Europe,2021,191016973,24.27,4635981.93,76.27,55.26,63.26,26.81,66.12,30.14,0.554,2433.07,15.66
Southern Asia,2020,79094112,28.9,2285819.84,24.69,24.15,86.2,13.35,32.21,26.39,0.85,,78.61
Sub-Saharan Africa,2022,75896796,5.55,421227.22,35.89,7.45,84,22.68,36.21,20.82,0.857,26297.16,36.79
Southern Asia,2023,N/A,21.04,4888740.85,17.24,14.96,80.32,37.97,49.14,4.03,0.353,36987.43,44.56
Central Asia,2023,165800408,23.85,3954339.73,50.12,39.07,95.42,30.61,36.33,7.07,0.533,77955.09,57.5
Latin America and the Caribbean,2024,108137171,18.25,1973503.37,25.29,10.82,35.1,16.01,20.59,14.19,0.109,50462.25,68.55
Oceania,2020,19404163,20.03,388665.38,82.59,21.55,58.96,35.32,34.44,14.53,0.689,47732.11,55.77
Northern America,2023,100247123,11.55,1157854.27,33.85,17.67,36.74,22.57,9.93,2.91,0.616,67733.32,52.67
Eastern Asia,2020,192946009,24.94,4812073.46,84.75,45.08,29.15,12.2,34.02,16.03,0.958,74750.18,26.74
Southern Asia,2022,13135622,16.83,221072.52,36.17,7.93,90.63,31.88,45.41,30.55,0.259,64181.64,41.23
Sub Saharan Africa,2022,184972142,3.23,597460.02,39.61,10.8,37.81,24.22,44.17,24.86,0.346,57554.45,91.33
Eastern Asia,2022,121148791,8.05,975247.77,82.59,6.41,90.7,23.09,36.64,23.5,0.595,63255.46,81.33
Central Asia,2023,207314387,18.48,3831169.87,5.78,4.99,32.49,35.64,49.3,25.06,0.866,,
Oceania,2020,146019718,4.33,632265.38,37.66,11.99,58.21,30.97,36.69,2.84,0.082,,49.84
Northern America,2020,198845079,16.01,3183509.71,,41.59,17.72,10.64,63.41,18.04,0.995,17701.41,82.73
Europe ,2023,17356213,7.47,129650.91,25.8,21.01,48.89,20.63,16.69,12.14,0.187,10369.34,69.69
Sub-Saharan Africa,2022,241845195,27.75,6711204.16,63.32,14.63,20.46,36.35,13.38,15.55,0.162,55060.14,38.25
Latin America and the Caribbean,2023,101630952,3.08,313023.33,72.34,51.98,88.28,35.68,53.77,16.25,0.994,74188.2,58.29
Latin America and the Caribbean,2022,181154971,24.74,4481773.98,56.19,12.1,47.8,14.53,48.68,6.41,0.457,64905.74,87.09
Western Asia,2020,157985615,8.52,1346037.44,34.15,14.12,6.46,31.45,59.6,23.03,0.255,32857.6,58.3
Northern America,2021,207108859,8.8,1822557.96,25.69,6.86,36.49,27.95,54.61,26.49,0.676,,18.89
Northern America,2020,89661936,11.16,1000627.21,59.32,29.3,63.68,18.96,12.96,25.52,0.467,66396.62,20.04
Southern Asia,2024,100772110,21.83,2199855.16,58.56,40.75,33.41,38,64.94,18.55,0.787,38918.07,62.11
South-Eastern Asia,2021,5672155,9.53,54055.64,21.15,9.36,5.86,15.29,23.75,6.48,0.287,53912.9,82.23
Sub-Saharan Africa,2020,102210523,22.45,2294626.24,25.06,11.39,55.09,12.97,23.19,3.98,0.002,72066.95,61.27
Sub-Saharan Africa,2024,65696329,27.08,1779056.59,7,4.93,77.71,28.94,26.46,17.49,0.675,unknown,32.32
Oceania,2023,64129065,14.12,905502.4,72.87,54.21,42.96,30.89,35.67,6.04,0.848,2390.92,
Western Asia,2024,166941939,9.59,1600973.2,19.63,13.19,96.03,17.55,45.21,23.42,0.767,19067.87,67.37
Europe,2023,127680269,19.71,2516578.1,16.78,13.2,48.34,23.62,15.98,11.07,0.794,76518.5,92.74
Northern America,2022,99180920,14.27,1415311.73,78.77,16.33,93.77,25.07,57.84,31.19,0.63,4751.43,73.8
South-Eastern Asia,2023,7798405,17.86,139279.51,,35.72,0.79,31.01,23.95,4.49,0.671,70812.65,23.61
Sub-Saharan Africa,2024,178766785,9.11,1628565.41,68.77,59.65,89.25,31.18,63.93,7.05,0.221,21439.96,62.7
Oceania,2023,149195727,4.53,675856.64,78.58,42.84,77.85,30.2,34.46,6.18,0.505,61109.24,34.96
Northern America,2021,245424403,24.91,6113521.88,31.62,11.76,78.09,19.62,25.91,28.35,1,788.25,59.33
Southern Asia,2024,116191610,21.02,2442347.64,74.8,22.32,93.45,39.13,16,23.92,0.962,,64.91
Europe ,2024,11749115,26.67,313348.9,32.31,22.52,69.66,28,30.3,12.69,0.268,66381.89,87.95
Northern Africa,2020,244641798,8.08,1976705.73,47.11,27.54,99.7,37.08,26.38,34.92,0.833,,81.43
Sub-Saharan Africa,2023,11100638,20.88,231781.32,82.64,13.1,73.94,21.45,38.79,7.81,0.49,33449.51,79.67
Southern Asia,2024,175815574,5.03,884352.34,,10.96,85.19,13.25,29.01,26.83,0.343,79490.38,
South-Eastern Asia,2021,42166484,3.27,137884.4,69.28,13.91,98.01,37.66,15.87,22.26,0.247,68197.61,30.86
Sub-Saharan Africa,2023,238974231,22.84,5458171.44,43.54,5.78,22.82,18.43,59.12,9.17,0.629,35444.25,32.44
Sub-Saharan Africa,2022,126291745,27.29,3446501.72,55.08,45.54,52.27,19.61,32.82,7.78,0.71,36644.28,64.06
Northern Africa,2021,217372082,15.81,3436652.62,,42.06,92.4,32.1,16,22.94,0.635,53783.46,77.45
Southern Asia,2022,90376394,12.32,1113437.17,50.69,15.59,4.74,39.32,35.3,32.45,0.84,70144.49,17.66
South-Eastern Asia,2022,70437735,21.54,1517228.81,66.83,29.24,89.11,35.59,33.39,16.47,0.872,63524.94,64.13
Eastern Asia,2020,188477628,-18.36,3460449.25,6.51,6.13,16.12,38.3,7.35,26.95,0.354,unknown,64.97
Southern Asia,2022,152776929,10.49,1602629.99,56.84,42.34,25.29,25.62,5.83,9.23,0.334,54332.32,
Western Asia,2021,166495192,7.09,1180450.91,54.17,11.98,17.47,11.97,41.69,29.53,0.425,55778.59,67.17
Latin America and the Caribbean,2023,22272220,17.95,399786.35,,3.72,55.48,34.12,11.99,25.79,0.641,1947.65,29.3
Eastern Asia,2020,200283059,17.19,3442865.78,79.69,50.4,11.94,14.24,26.4,30.89,0.167,59401.3,43.27
Sub-Saharan Africa,2023,166386755,11.41,1898472.87,81.29,23.3,0.91,19.62,21.06,13.64,0.902,927.22,
South-Eastern Asia,2023,219989514,29.26,6436893.18,53.73,30.55,18.47,36.71,54.4,6.03,0.83,25734.84,56.64
Sub-Saharan Africa,2021,19250907,20.13,387520.76,9.89,8.38,67.04,32.9,48.8,27.4,0.178,44088.76,78.74
Sub Saharan Africa,2021,210610794,26.82,5648581.5,68.28,56.69,54.84,23.97,42.84,3.89,0.32,55183.07,
Eastern Asia,2022,41274377,11.37,469289.67,75.15,66.03,43.28,14.13,26.55,32.13,0.134,28650.47,
Northern Africa,2020,247432535,12.03,2976613.4,24.89,17.09,14.8,15.01,57.54,23.82,0.497,79339.69,60.48
South-Eastern Asia,2023,147102959,16.74,2462503.53,7.47,6.11,39.82,37.1,19.99,12.75,0.011,22844.16,45.11
Latin America and the Caribbean,2021,169215935,9.67,1636318.09,67.56,46.85,53.51,27.31,30.38,21.38,0.393,36861.95,90.15
Eastern Asia,2023,191839219,-17.95,3443513.98,66.57,10.32,74.02,33.63,69.28,12.7,0.771,18634.49,16.65
South-Eastern Asia,2023,143938763,6.81,980222.98,,6.32,15.08,30.19,12.09,31.56,0.321,72827.29,61.63
Sub-Saharan Africa,2024,136231591,16.33,2224661.88,,67.41,64.96,15.04,62.14,16.06,0.509,40106.6,91.82
Central Asia,2023,154284133,17.32,2672201.18,,7.33,96.7,30.35,63.93,16.12,0.887,60333.56,27.43
Southern Asia,2020,107422240,13.16,1413676.68,77.05,28.89,13.48,25.61,52.92,7.29,0.227,53504.93,29.06
Europe,2024,112807993,23.52,2653244,67.5,60.3,51.11,26.75,42.2,15.24,0.964,16953.11,96.7
Central Asia,2024,245011897,10.74,2631427.77,,52.88,88.2,21.98,40.06,16.4,0.009,27627.57,57.7
Eastern Asia,2023,88994817,14.51,1291314.79,16.4,14.68,83.48,36.85,14.45,1.14,0.053,69802.71,31.87
Central Asia,2024,152341510,19.92,3034642.88,72.28,20.21,45.66,29.13,61.3,4.32,0.152,79159.81,38.35
Oceania,2020,43644655,19.17,836668.04,79.68,36.44,55.21,29.28,29,23.52,0.737,62711.73,37.16
Northern Africa,2021,235475635,8.52,2006252.41,26.77,9.21,39.49,28.08,37.35,8.55,0.96,64931.75,84.13
Northern Africa,2021,15590560,15.75,245551.32,79.03,55.35,93.93,14.93,41.34,21.87,0.375,53284.49,43.87
Europe ,2020,187206327,5.1,954752.27,48.27,28.19,1.41,20.49,16.8,27.82,0.09,3667.18,64.51
Northern America,2021,209714782,5.54,1161819.89,49.56,9.35,88.43,22.38,19.28,5.21,0.233,20376.5,61.66
Europe,2024,221664766,28.29,6270896.23,64.11,48.88,93.72,27.68,5.18,6.61,0.697,49122.84,91.59
Eastern Asia,2020,246082983,3.84,944958.65,17.86,17.75,52.53,26.75,48.01,22.19,0.821,6877.6,62.89
Europe,2020,221379486,15.23,3371609.57,63.35,20.79,70.04,13.29,37.13,20.02,0.281,1493.69,34.79
Europe ,2023,127776255,28.39,3627567.88,66.19,59.18,13.63,10.62,61.24,5.16,0.718,6496.57,71.81
Northern Africa,2024,23123396,25.53,590340.3,29.63,27.48,91.75,28.65,38.07,26.81,0.136,52667.46,27.88
Latin America and the Caribbean,2022,101630944,19.96,2028553.64,13.48,10.31,81.74,20.97,67.22,21.94,0.447,42205.47,15.7
South-Eastern Asia,2020,29071091,22.38,650611.02,150,38.75,39.48,32.68,37.17,6.85,0.29,39012.28,92.1
Eastern Asia,2021,65324654,8.11,529782.94,78.28,65.8,0.17,33.36,42.6,11.58,0.063,27757.15,72.49
Latin America and the Caribbean,2020,175877691,18.95,3332882.24,11.65,10.78,14.06,34.76,34.06,26.41,0.054,60835.37,73.01
Western Asia,2024,42930258,23.04,989113.14,84.3,23.42,81.12,23.81,19.02,17.64,0.899,13211.41,39.4
South-Eastern Asia,2022,133766546,17.91,2395758.84,70.65,12.82,82.13,25.8,50.79,8.57,0.117,67517.71,29.68
Central Asia,2022,193618208,26.33,5097967.42,28.63,16.33,19.85,23.98,32.79,7.75,0.813,34287.63,67
Europe,2020,16304887,23.83,388545.46,63.73,27.08,15.94,10.59,40.49,27.44,0.549,60973.93,55.24
Northern America,2023,104823201,14.53,1523081.11,16.95,12.59,57.66,25.52,47.03,22.77,0.658,39155.28,72.75
Central Asia,2022,221841778,29.59,6564298.21,150,24.67,67.17,37.08,25.24,4.53,0.316,15706.24,35.39
Southern Asia,2022,7578540,21.53,163165.97,66.51,52.13,39.83,24.87,16.03,28.35,0.835,54243.11,86.74
Northern Africa,2020,225893297,14.66,3311595.73,10.9,10.68,65.26,26.59,48.03,26.03,0.32,61095.31,94.49
Europe,2021,198387335,14.04,2785358.18,57.44,33.19,88.23,11.78,44,12.15,0.117,64441.94,93.64
Europe,2023,104584250,29.6,3095693.8,64.12,60.64,47.53,28.44,47.66,18.71,0.873,8187.93,71.11
Eastern Asia,2021,171289706,4.42,757100.5,22.1,6.3,2.08,24.47,67.29,24.06,0.581,35375,52.37
Northern America,2021,98410596,18.14,1785168.21,11.14,4.61,21.45,32.6,30.56,0.28,0.355,54969.79,64.34
Northern America,2020,145962276,27.93,4076726.37,59.58,24.32,99.74,38.28,26.11,22.44,0.214,,15.01
Sub-Saharan Africa,2024,248979821,16.66,4148003.82,37.32,32.43,23.67,25.17,43.43,10.86,0.067,79312.22,50.73
Central Asia,2021,11740661,23.76,278958.11,23.74,20.55,57.73,39.93,28.22,16.08,0.283,9489.4,63.8
Latin America and the Caribbean,2023,119778009,28.44,3406486.58,150,63.86,92.03,16.53,19.63,3.1,0.432,34774.75,19.58
Latin America and the Caribbean,2024,142898067,15.21,2173479.6,46.98,19.22,88.22,36.52,9.33,33.79,0.916,29323.16,75.92
Northern Africa,2020,214583645,27.87,5980446.19,79.39,70.82,84.96,37.12,47.23,16.35,0.003,68730.95,56.88
Central Asia,2023,71168956,19.48,1386371.26,12.02,11.81,36.06,15.4,61.97,2.91,0.627,35916.58,96.52
Western Asia,2023,100506472,16.81,1689513.79,36.76,27.39,45.95,15.79,65.22,0.26,0.258,67216.82,28.13
Latin America and the Caribbean,2020,233458949,16.85,3933783.29,62.6,39.75,79.01,25.85,23.22,22.77,0.983,4116.52,85.23
Northern America,2021,107251436,25.13,2695228.59,53.13,14.1,68.15,34.43,58.19,7.1,0.251,66596.1,94.64
Western Asia,2022,200107663,9.64,1929037.87,67.07,22.54,61.61,20.08,21.92,27.61,0.46,26542.02,46.75
Eastern Asia,2022,191625287,10.36,1985237.97,21.47,16.25,51.55,27.74,9.4,10.53,0.106,64961.33,81.6
Europe,2022,128170535,10.77,1380396.66,11.83,5.87,62.12,39.38,13.24,28.37,0.189,15467.87,66.09
Central Asia,2021,20876252,6.32,131937.91,76.06,63.24,16.08,16.1,5.6,20.16,0.14,77358.12,45.93
Central Asia,2024,210799832,4.43,933843.26,77.82,14.1,10.04,23.23,20.42,25.29,0.399,78068.57,61.18
Central Asia,2024,130582687,27.02,3528344.2,23.56,21.26,75.35,23.93,10.96,3.97,0.195,52128.33,46.18
Northern America,2022,147421734,27.15,4002500.08,26.18,20.34,24.34,24.38,55.32,33.83,0.166,59217.32,34.26
Latin America and the Caribbean,2024,63494059,14.72,934632.55,83.79,16.34,34.8,32.53,18.83,12.71,0.507,4582.31,83.77
Central Asia,2020,141481798,8.81,1246454.64,25.38,12.49,97.65,12.3,37.29,31,0.357,27084.63,16.11
Eastern Asia,2020,8694138,10.14,88158.56,58.18,25.55,76.88,39.35,42.84,13.85,0.789,36161.78,50.07
Western Asia,2024,36556927,27.28,997272.97,76.95,37.19,75.92,33.63,13.23,26.87,0.907,40217.98,95.65
Central Asia,2020,14936494,25.77,384913.45,21.72,20.55,4.39,26.33,9.97,24.51,0.457,18170.17,37.16
Northern Africa,2023,15398840,5.88,90545.18,63.51,25.2,70.12,26.51,42.9,28.2,0.339,48980.18,32.69
Central Asia,2020,103306640,22.59,2333697,82.98,41.13,52.28,15.31,56.94,33.66,0.746,68647.25,82.67
Northern Africa,2020,197981465,27.22,5389055.48,60.44,22.26,82.44,39.19,50.89,3.49,0.621,2330.41,28.59
South-Eastern Asia,2023,106477030,5.08,540903.31,32.14,24.64,38.29,10.86,49.47,5.15,0.718,42628.72,31.7
Northern Africa,2023,170206550,14.41,2452676.39,65.54,57.15,50.9,35.93,49.02,18.3,0.37,54531.05,30.28
Central Asia,2021,154261094,29.33,4524477.89,64.62,13.16,47.06,23.89,21.43,19.65,0.36,45883.71,81.16
South-Eastern Asia,2023,78690351,3.71,291941.2,10.72,6.59,40.03,35.5,23.09,21.59,0.412,2041.1,95.75
Western Asia,2023,6081542,-17.25,104906.6,,44.76,49.19,16.68,17.27,8.61,0.668,28505.2,
Eastern Asia,2023,11388359,21.76,247810.69,32.12,30.25,8.08,28.57,37.99,0.7,0.758,32258.33,92.67
Central Asia,2023,59612860,13.12,782120.72,77.16,64.18,19.43,25.47,33.56,15.28,0.227,73535.54,
Northern Africa,2021,105799205,18.36,1942473.4,28.31,10.4,96.75,39.75,48.48,14.43,0.028,18039.79,17.57
Northern Africa,2021,195048777,13.61,2654613.85,5.26,4.67,74.62,17.46,42.24,14.78,0.69,71970.68,47.84
Latin America and the Caribbean,2024,42659027,28.5,1215782.27,32.7,12.65,96.58,14.64,69.36,30.56,0.278,74701.44,51.55
Southern Asia,2022,102558035,28.62,2935210.96,29.33,26.57,62.34,38.36,60.79,20.45,0.224,41500.3,25.03
Central Asia,2023,58784740,7.46,438534.16,78.24,3.2,81.02,33.21,44.36,13.45,0.239,6114.91,76.36
Oceania,2024,220887352,12.49,2758883.03,12.43,10.11,78.59,35.51,39.78,16.97,0.758,2154.95,62.09
Eastern Asia,2024,208742858,18.71,3905578.87,16.31,10.54,9.44,16.97,69.24,30.99,0.419,36851.87,53.38
Eastern Asia,2024,183386301,22.42,4111520.87,33.49,8.14,19.26,10.57,16.6,28.85,0.472,27033.73,15.34
Northern America,2020,106739203,27.76,2963080.28,60.67,54.79,86.15,39.11,8.04,11.35,0.765,48741.93,32.29
Sub-Saharan Africa,2021,174838962,16.25,2841133.13,41.49,15.9,89.06,26.81,62.29,10.85,0.055,,59.16
Latin America and the Caribbean,2021,114515486,2.35,269111.39,49.52,47.83,56.99,14.96,41.06,20.19,0.78,51568.67,26.34
Central Asia,2021,25789006,23.05,594436.59,21.68,3.33,30.74,34.43,43.74,0.29,0.487,53445.63,58
Latin America and the Caribbean,2023,157318083,23.7,3728438.57,27.35,10.05,54.95,34.64,31.1,7.6,0.867,66741.55,93.14
Oceania,2023,78639352,26.99,2122476.11,50.39,22.18,48.52,37.5,20.6,27.25,0.974,49107.41,92.32
Northern America,2022,44813239,17.78,796779.39,10.53,5.85,9.22,31.98,38.97,31.41,0.173,1740.58,49.65
Sub Saharan Africa,2024,118419406,9.53,1128536.94,42.45,19.03,72.07,15.18,5.12,29.18,0.593,18603.4,41.9
Western Asia,2023,103159668,20.76,2141594.71,41.16,22.67,59.89,36.36,15.73,25.28,0.81,17628.88,36.5
South-Eastern Asia,2022,106519102,18.71,1992972.4,62.08,11.14,66.95,17.06,16.45,28.75,0.806,70113.82,23.97
Europe ,2020,76255023,7.8,594789.18,,62.65,47.15,13.89,24.03,2.04,0.663,12080.97,63.4
South-Eastern Asia,2023,168687899,28.55,4816039.52,12.14,9.64,1.73,37.37,41.44,8.29,0.914,14386.03,60.76
Europe,2024,18190755,13.41,243938.02,5.49,3.93,12.78,38.2,29,33.65,0.173,45273.96,97.19
Eastern Asia,2024,147626979,18.03,2661714.43,78.25,71.43,59.22,33.6,63.29,2.1,0.11,67944.06,84.91
Southern Asia,2022,74690883,27.08,2022629.11,46.85,25.72,78.23,22.97,62.74,5.6,0.159,78587.88,84.51
Eastern Asia,2024,249505405,4.78,1192635.84,36.67,30.82,60.03,23.55,38.7,16.91,0.998,52201.29,41.01
Southern Asia,2022,162070140,10,1620701.4,57.05,9.56,59.54,21.67,17.41,7.31,0.732,59801.06,91.28
Eastern Asia,2024,71918860,4.89,351683.23,24.44,14.18,55.08,24.04,35.88,2.7,0.219,52400.61,85.72
South-Eastern Asia,2023,180003468,18.3,3294063.46,61.73,41.59,66.89,20.9,24.46,30.87,0.445,25148.84,85.73
Northern Africa,2021,219808491,15.19,3338890.98,54.6,34.24,65.38,33.17,39.67,13.11,0.145,79243.28,68.94
Western Asia,2022,203027849,6.76,1372468.26,33.62,8.12,82.15,18.27,25.17,9.77,0.4,37549.2,18.41
Europe ,2023,183183207,8.07,1478288.48,6.95,5.95,89.66,15.67,48.51,7.78,0.553,691.99,22.24
Western Asia,2023,190090943,11.76,2235469.49,84.58,9.96,0.8,35.73,62.81,9.62,0.982,75396.98,42.72
Central Asia,2022,93075883,5.32,495163.7,68.98,43.36,52.89,39.08,41.03,14.13,0.741,47128.82,24.93
Southern Asia,2023,216343959,20.57,4450195.24,30.02,10.64,52.51,20.84,12.85,31.23,0.289,9145.46,83.48
Western Asia,2024,236760172,27.23,6446979.48,65.41,61.41,63.04,24.27,68.15,10.32,0.213,23348.89,49.75
Europe,2021,26959807,28.52,768893.7,8.14,6.78,23.18,36.15,45.06,9.35,0.433,54608.48,52.07
Sub-Saharan Africa,2023,156511759,24.96,3906533.5,20.51,16.39,90.38,16.29,61.01,33.99,0.902,70170.75,45.49
South-Eastern Asia,2022,88659688,7.22,640122.95,25.97,4.12,51.31,19.81,9.34,0.54,0.738,60865.47,57.03
Northern America,2022,25975951,19.4,503933.45,37.39,19.05,78.6,19.35,65.68,27.32,0.551,23224.68,75.61
Latin America and the Caribbean,2023,187794248,13.77,2585926.79,56.92,30.13,32.16,10.8,63.96,4.7,0.237,43721.49,66.01
Eastern Asia,2020,218952685,28.59,6259857.26,69.13,5.7,6.8,11.81,14.63,12.69,0.595,75257.08,18.49
Oceania,2020,221825099,7.86,1743545.28,78.65,38.51,2.66,35.43,9.6,26.73,0.741,71226.64,72.45
Latin America and the Caribbean,2023,15523819,10.76,167036.29,150,5.2,96.79,36.94,45.39,11.13,0.392,55050.96,84.22
Sub-Saharan Africa,2024,210511115,8.41,1770398.48,60.18,49.23,21.28,38.36,34.78,16.71,0.134,68536.03,33.07
Latin America and the Caribbean,2021,12726305,20.42,259871.15,16,7.81,32.33,19.34,43.67,30.16,0.083,33526.03,81.4
Eastern Asia,2022,173081355,16.78,2904305.14,65.92,13.28,45.75,19.58,14.98,16.77,0.294,58521.65,54.63
Central Asia,2022,178281627,2.78,495622.92,150,14.37,48.06,38.42,34.22,31.35,0.506,39220.44,66
Northern America,2021,113914976,7.16,815631.23,7.15,6.94,12.32,26.89,22.75,15.64,0.513,13405.83,62.26
Latin America and the Caribbean,2020,61581201,2.27,139789.33,45.27,17.79,18.4,16.62,60.98,19.35,0.081,38150.91,90.4
Southern Asia,2022,68500314,12.79,876119.02,21.08,16.33,47.14,10.19,22.8,32.01,0.785,4887.59,92.22
Europe,2024,54612882,-14.49,791340.66,27.52,7.19,13.4,23.47,39.37,28.79,0.582,20973.12,34.45
Oceania,2021,239717272,29.73,7126794.5,26.74,9.03,41.33,25.33,31.17,8.05,0.344,54070.02,88.64
Western Asia,2024,18194985,15.71,285843.21,68.25,47.63,86.86,27.95,32.43,20.32,0.39,8306.58,64.66
Eastern Asia,2024,112692878,28.62,3225270.17,59.18,16.72,60.52,22.52,59.26,2.13,0.048,14727.24,46.7
Eastern Asia,2024,175629053,17.29,3036626.33,21.01,12.03,53.49,32.57,62.96,1.52,0.959,77876.08,43.35
Central Asia,2021,N/A,-12.57,1205656.75,72.31,63.04,15.89,32.18,58.72,7.6,0.379,18340.48,52.63
Europe,2023,220295635,9.54,2101620.36,13.55,4.81,26.11,10.07,69.26,7.88,0.924,2615.81,33.16
Western Asia,2020,30645465,24.58,753265.53,8.87,8.51,28.1,39.16,39.05,31.33,0.217,46695.01,
Eastern Asia,2021,65852843,19.42,1278862.21,41.5,5.79,68.06,16.78,61.7,1.16,0.772,68091.66,38.05
Central Asia,2023,75194649,4.19,315065.58,22.85,22.44,57.14,35.04,57.25,21.28,0.821,34933.65,16.96
Europe ,2020,172475206,19.79,3413284.33,60.13,11.53,63.37,32.97,61.72,28.37,0.23,3887.31,51.07
Sub-Saharan Africa,2023,72992037,16.79,1225536.3,52.53,19.25,79.78,19.22,56.59,31.83,0.207,6580.31,45.84
Oceania,2024,156795903,2.88,451572.2,57.15,34.69,89.32,36.05,13.23,24.51,0.532,27523.69,57.99
Sub-Saharan Africa,2023,164235488,10.42,1711333.78,24.68,9.74,0.62,35.26,45.47,16.25,0.135,70767.92,95.88
Eastern Asia,2024,63600510,24.46,1555668.47,6.99,3.27,90.98,31.81,68.05,13.44,0.081,63852.01,68.17
Eastern Asia,2024,12192081,25.96,316506.42,83.22,38.29,23.87,18.17,17.93,13.12,0.17,,55.83
Northern America,2024,40785071,6.79,276930.63,24.94,14.44,3,29.71,32.56,3.44,0.994,,21.55
Central Asia,2022,200525874,3.84,770019.36,43.58,27.77,29.23,35.3,9.1,3.55,0.024,5828.48,18.16
Northern Africa,2021,70702110,14.06,994071.67,78.93,52.71,11.84,13.79,52.17,27.75,0.93,,74.49
South-Eastern Asia,2021,137165657,13.37,1833904.83,150,10.9,65.35,33.34,46.65,30.22,0.19,,25.67
Sub-Saharan Africa,2021,106310371,9.99,1062040.61,39.55,9.36,14.95,36.56,62.96,5.91,0.142,30504.58,56.1
Eastern Asia,2021,49195744,22.22,1093129.43,28.55,18.29,94.94,13.76,42.38,9.82,0.42,48022.92,35.16
Southern Asia,2020,141166528,26.66,3763499.64,82.82,64.27,0.84,29,51.27,9,0.019,32886.88,72.08
Western Asia,2020,32934354,9.73,320451.26,11.36,3.56,92.42,34.96,49.8,23,0.664,15563.08,31.09
Oceania,2023,88214468,18.14,1600210.45,12.5,7.62,27.05,34.1,46.85,8.05,0.659,65664.81,43.09
South-Eastern Asia,2022,64536662,18.15,1171340.42,6.7,4.71,88.31,10.41,48.73,30.76,0.286,35600.62,37.49
Europe,2021,11864361,27.49,326151.28,,9.09,75.41,32.63,44.85,3.75,0.807,71606.15,65.66
Central Asia,2020,37165904,19.07,708753.79,70.46,66.73,56.28,34.6,41.51,5.21,0.301,19285.87,51.82
South-Eastern Asia,2020,27712968,12.17,337266.82,19.9,7.17,38.74,12.29,23.24,23.26,0.417,,81.54
South-Eastern Asia,2020,125207598,5.98,748741.44,63.51,30.88,53.65,31.93,11.17,4.34,0.892,62528.57,56.18
Western Asia,2022,206414525,19.99,4126226.35,48.48,5.58,91.46,15.76,26.47,31.77,0.061,9926.6,34.53
South-Eastern Asia,2020,147973650,18.12,2681282.54,11.52,3.99,17.17,16.69,5.22,31.47,0.892,59086.6,21.96
Western Asia,2021,160400056,19.56,3137425.1,19.88,12,17.26,18.75,10.16,20.98,0.132,28658.95,51.25
Sub-Saharan Africa,2024,109932800,12.35,1357670.08,66.38,47.05,80.65,29.83,26.65,33.44,0.784,52398.13,86.96
Southern Asia,2024,166643838,3.78,629913.71,66.78,58.81,92.52,29.04,56.83,21.78,0.882,74093.11,33.67
Oceania,2020,141785305,20.72,2937791.52,12.26,3.23,73.2,11.09,49.16,7.95,0.071,72472.22,38.31
Southern Asia,2022,60422301,25.37,1532913.78,41.75,12.78,65.63,38.99,10.69,3.8,0.92,31311.16,20.59
Northern Africa,2022,26388722,2.06,54360.77,44.42,43.02,87.64,19.29,6.06,0.41,0.925,42893.81,86.38
South-Eastern Asia,2020,8057148,19.17,154455.53,62.04,37.47,87.92,22.01,64.88,27.16,0.417,54538.32,75.61
Oceania,2021,71585958,25.29,1810408.88,77.77,33.59,31.4,38.73,63.92,34.41,0.289,66277.37,64.68
Eastern Asia,2020,208717067,16.68,3481400.68,19.8,13.53,32.28,27.71,29.6,28.68,0.669,70917.43,45.37
Eastern Asia,2023,245742478,5.12,1258201.49,84.61,11.38,36.69,34.92,8.66,12.69,0.9,61235.37,51.86
Latin America and the Caribbean,2021,228880245,24.68,5648764.45,82.5,68.64,3.37,16.2,21.81,0.64,0.934,79767.06,82.11
Western Asia,2021,105719869,25.28,2672598.29,82.55,32.44,92.47,15.12,7.95,12.96,0.35,6519.75,61.56
Northern Africa,2021,120820235,23.43,2830818.11,14.87,10.36,86.28,29.86,64.65,0.78,0.242,45213.85,52.23
Northern Africa,2022,224098863,15.97,3578858.84,34.88,14.16,63.33,33.03,49.5,9.76,0.695,58937.03,67.79
Oceania,2022,241960081,9.33,2257487.56,80.05,12.66,61.9,10.16,5.57,34.71,0.524,66725.77,62.52
Oceania,2021,60355596,13.64,823250.33,37.41,8.92,65.26,23.61,34.59,1.67,0.214,45415.16,
Northern America,2022,90404387,12.68,1146327.63,63.36,4.04,20.6,12.97,68.07,14.05,0.345,18195.84,76.72
Northern America,2023,178905262,10.86,1942911.15,52.84,17.73,81.74,37.57,43.87,21.93,0.113,33038.64,88.61
Eastern Asia,2020,90832691,10.51,954651.58,43.25,41.11,66.36,36.51,62.32,14.46,0.782,10062.46,92.62
Oceania,2021,235170535,22.04,5183158.59,48.04,5.44,75.47,14.95,45.89,28.78,0.382,18787.47,77.87
Northern Africa,2021,149737792,26.26,3932114.42,60.81,6.9,62.93,27.94,37.58,8.8,0.717,8145.32,88.7
Latin America and the Caribbean,2020,118681319,18.18,2157626.38,41.47,11.89,29.51,21.21,40.97,33.94,0.621,13665.99,72.92
Sub-Saharan Africa,2023,89690067,19.15,1717564.78,,30.81,83.13,18.62,8.89,28.36,0.69,652.6,
Southern Asia,2024,51693904,3.89,201089.29,26.8,3.65,43.04,25.8,51.35,19.72,0.999,38962.27,44.59
Central Asia,2024,154404808,9.24,1426700.43,,47.76,49.91,12.96,23.56,12.72,0.799,73268.15,84.4
Eastern Asia,2020,121360599,4.95,600734.97,74.53,57.97,26.42,34.05,52.47,23.47,0.356,,81.92
Sub-Saharan Africa,2024,33847725,-5.09,172284.92,43.82,3.99,30.45,32.95,69.2,0.97,0.561,883.06,56.19
Sub Saharan Africa,2023,53100854,11.84,628714.11,23.34,8.52,24.09,12.34,53.92,28.92,0.433,46088.45,58.75
Northern America,2022,116039929,27.69,3213145.63,35.34,26.07,11.33,20.26,30.84,3.82,0.871,71818.23,18.16
Southern Asia,2021,55237171,12.82,708140.53,28.12,24.45,79.22,28.17,66.18,25.4,0.943,11937.95,81.75
South-Eastern Asia,2020,210623959,3.13,659252.99,40.47,6.72,55.31,35.67,64.39,24.67,0.474,71191.95,25.76
Oceania,2020,N/A,8.18,491594.8,25.97,17.54,69.49,21.2,8.32,2.2,0.547,7909.15,89.98
Western Asia,2024,178723526,24.52,4382300.86,5.87,5.39,17.03,11.89,12.29,1.03,0.899,48594.56,23.33
Europe,2021,103972675,-16.59,1724906.68,15.3,8.19,81.36,29.6,22.27,10.48,0.551,19572.39,77.18
Latin America and the Caribbean,2024,231372272,27.14,6279443.46,36.22,5.66,62.54,28.7,12.97,25.41,0.535,39213.99,57.43
Northern Africa,2020,234289072,9.81,2298375.8,72.02,59.39,59.71,25.11,51.4,25.34,0.626,47403.57,
Central Asia,2021,195747732,11.3,2211949.37,57.77,3.63,67.31,20.53,62.63,24.54,0.225,27055.67,87.98
Oceania,2024,93337073,24.69,2304492.33,15.83,5.45,38.72,34.95,63.95,7.4,0.466,,26.91
Southern Asia,2023,176052355,2.77,487665.02,6.88,5.52,84.12,19.78,58.16,17.63,0.982,9940.85,39.9
Eastern Asia,2023,89673489,14.74,1321787.23,57.04,22.01,12.2,22.28,66.81,20.65,0.026,,28.13
South-Eastern Asia,2023,65839341,24.57,1617672.61,68.67,27.5,9.04,15.79,18.68,32.59,0.892,17975.66,58.85
Europe,2020,164003212,29.79,4885655.69,69.27,66.41,86.77,37.37,65.39,13.33,0.956,19283.61,92.95
South-Eastern Asia,2023,176744114,23.41,4137579.71,31.76,22.53,7.04,30.64,38.39,34.81,0,,43.91
Eastern Asia,2024,34495032,9.37,323218.45,24.55,11.71,0.94,23.55,28.65,19.1,0.294,78746.83,26.08
Southern Asia,2022,154529672,25.54,3946687.82,40.19,38.04,1.1,15.07,62.63,33.39,0.043,42653.66,86.35
Oceania,2022,185983151,27.68,5148013.62,52.68,51.72,51.12,27.96,46.88,8.57,0.338,6805.81,59.64
Latin America and the Caribbean,2024,179386754,27.05,4852411.7,84.32,28.43,24.3,19.03,15.97,4.35,0.948,,67.73
Central Asia,2023,147146614,19.67,2894373.9,23.9,11.78,75.42,12.22,5.33,2.29,0.999,41800.45,20.73
Europe,2023,19621528,5.89,115570.8,75.58,49.84,37.94,22.98,22.46,19.3,0.6,26684.88,
South-Eastern Asia,2020,237658259,-2.36,560873.49,78.65,53.07,78.7,17.99,28.36,9.43,0.798,48486.37,27.01
Europe,2023,64476974,19.93,1285026.09,58.64,53.39,65.54,29.39,60.12,10.21,0.467,2245.07,48.79
South-Eastern Asia,2020,92849437,18.03,1674075.35,78.15,62.26,30.21,20,37.33,29.96,0.365,34275.01,63.97
Latin America and the Caribbean,2024,122260491,19.65,2402418.65,43.23,24.52,26.47,10.45,69.19,14.41,0.539,64627.11,88.28
South-Eastern Asia,2024,209685688,8.07,1692163.5,46.27,34.64,94.95,21.3,67.81,32.11,0.705,31051.27,51.26
Northern America,2022,157955113,7.82,1235208.98,36.04,19.11,33,38.35,36.71,28.72,0,50896.1,89.44
Eastern Asia,2020,157139808,26.5,4164204.91,150,27.14,16.5,31.04,37.99,21.51,0.842,53435.03,64.23
Southern Asia,2020,121386798,28.32,3437674.12,82.45,69,26.98,13.27,26.84,28.65,0.527,64749.01,43
Europe,2020,70598389,13.2,931898.73,74.43,57.87,77.12,25.37,8.69,18.38,0.212,19717.15,17.78
Oceania,2023,216352064,13.55,2931570.47,11.31,10.09,38.16,37.11,38.59,31.52,0.013,30905.32,40.16
Latin America and the Caribbean,2020,174033629,20.92,3640783.52,58.26,45.53,25.29,35.96,17.34,4.2,0.421,25023.84,43.55
Europe,2021,210443707,20,4208874.14,12.48,3.22,82.85,29.02,51.8,1.33,0.432,30198.99,43.68
Central Asia,2021,30093218,14.78,444777.76,75.72,59.61,45.96,29.23,33.16,29.87,0.113,71941.3,90.51
Eastern Asia,2024,177905064,7.27,1293369.82,14.24,5.78,23.05,17.31,22.49,26.04,0.421,2808.6,75.15
Latin America and the Caribbean,2022,243025814,18.54,4505698.59,62.52,12.99,62.47,19.68,65.3,17.2,0.357,54645.65,59.62
Sub Saharan Africa,2020,189178739,26.36,4986751.56,82.86,12.76,13.15,35.17,36.42,1.79,0.16,26563.6,27
Northern Africa,2024,79216596,23.54,1864758.67,28.74,10.9,3.39,18.35,68.05,29.3,0.597,47366.38,87.03
Eastern Asia,2024,158559692,13.51,2142141.44,39.24,17.4,80.78,33.66,47.96,21.69,0.578,20434.23,93.63
Latin America and the Caribbean,2020,214077199,13.71,2934998.4,34.95,5.12,71.51,36.08,62.74,22.29,0.794,28033.94,75.85
Central Asia,2024,222757964,3.75,835342.36,83.12,70.08,69,15.33,43.64,16.04,0.823,18247.54,95.44
Western Asia,2021,25654298,14.58,374039.66,38.01,18.34,0.83,12.04,62.59,4.88,0.838,61083.77,43.67
Europe,2021,239737054,9.99,2394973.17,41.92,9.94,35.79,32.05,7.21,26.93,0.534,73358.65,97.34
Sub-Saharan Africa,2021,218907994,10.45,2287588.54,81.78,58.37,36.79,35.85,28.24,13.04,0.874,73986.86,68.15
Europe,2023,42942613,25.71,1104054.58,49.94,8.52,23.03,24.37,27.23,17.11,0.88,66525.66,68.1
Western Asia,2021,225384042,10.57,2382309.32,34.99,18.62,48.42,31.91,62.6,31.57,0.326,7536.05,26.73
Central Asia,2023,243085326,23.37,5680904.07,29.17,28.15,42.68,21.07,26.34,7.31,0.794,33657.53,83.34
Southern Asia,2023,172169669,20.16,3470940.53,,26.47,96.43,20.09,18.51,34.01,0.53,73245.35,37.87
Europe,2023,50600679,6.83,345602.64,17.14,13.36,20.44,19.31,38.16,15.31,0.551,47593.97,64.51
Western Asia,2020,36370695,26.13,950366.26,20.23,8.03,77.5,25.88,62.3,21.74,0.624,39232.12,19.54
Europe,2023,8508762,18.32,155880.52,30.42,26.94,78.49,20.49,63.43,0.13,0.103,3469.25,90.75
Central Asia,2023,102906291,23.07,2374048.13,18.36,6.74,96.22,17.93,8.98,28.69,0.725,8289.36,80.03
Southern Asia,2023,82820622,-12.32,1020350.06,15.34,13.91,49.39,35.3,40.95,1.87,0.979,16856.49,
Europe,2023,3741105,13.08,48933.65,6.54,3.94,85.44,11.07,35.09,9.74,0.177,21330.46,51.11
Latin America and the Caribbean,2023,94792203,25.41,2408669.88,37.54,24.47,41.29,22.71,41.7,4.9,0.813,29511.63,94.09
Northern America,2022,198795781,10.2,2027716.97,77.39,52.18,1.12,29.54,54.99,32.06,0.322,14587.62,22.23
Western Asia,2021,129758851,21.5,2789815.3,14.23,12.79,4.58,17.52,31.84,23,0.948,54898.19,83.75
Sub Saharan Africa,2022,192208494,5.29,1016782.93,13.53,3.36,73.26,27.97,22.63,16.74,0.385,56684.46,15.87
South-Eastern Asia,2022,125490081,22.14,2778350.39,,11.52,92.11,18.07,46.3,34.33,0.92,5573.88,56.36
Southern Asia,2020,5602906,17.39,97434.54,58.7,19.98,65.98,27.54,64.58,14.34,0.376,29926.98,96.45
Southern Asia,2022,107063358,9.11,975347.19,72.84,6.89,15.5,15.71,61.79,20.64,0.507,78699.1,
South-Eastern Asia,2024,105544136,19.96,2106660.95,66.67,53.45,76.22,39.95,36.25,12.85,0.6,22617.65,15.19
Northern Africa,2024,179259043,24.38,4370335.47,5.03,4.97,17.05,33.59,25.56,28.04,0.834,2477.73,76.12
Sub-Saharan Africa,2021,199201997,7.85,1563735.68,57.68,45.5,76.37,26.63,62.98,10.16,0.865,18007.76,78.87
Eastern Asia,2020,168374808,17.77,2992020.34,26.16,10.96,40.26,12.29,7.77,8.18,0.218,50741.73,20.13
Northern America,2020,46297280,24.08,1114838.5,51.81,29.7,59.07,14.79,34.27,16.5,0.672,5169.57,81.07
Latin America and the Caribbean,2020,100862060,-12.02,1212361.96,30.5,23.67,81.27,22.6,33.85,16.04,0.767,17593.91,30.01
Northern America,2022,197359814,7.13,1407175.47,49.21,22.22,43.96,10.96,63.91,14.39,0.689,20801.09,74.53
Northern Africa,2020,61413648,-20.37,1250996.01,23.53,21.66,84.34,33.47,12.71,19.6,0.878,27244.34,36.36
Sub-Saharan Africa,2020,13222205,7.31,96654.32,45.66,43.6,71.79,35.08,30.09,30.94,0.233,,36.88
Oceania,2021,37374139,25.01,934727.22,19.23,13.17,12.13,10.58,30.7,31.44,0.544,23535.53,47.97
Latin America and the Caribbean,2023,116308737,29.24,3400867.47,41.39,34.56,64.44,36.31,15.73,0.82,0.808,9011.59,32.86
Latin America and the Caribbean,2023,211880888,16.26,3445183.24,42.54,35.81,13.9,28.38,32.77,12.51,0.769,40844.27,57.95
Northern Africa,2020,128996671,24.39,3146228.81,69.4,55.08,86.72,22.05,21.02,29.79,0.369,65940.85,74.43
Southern Asia,2022,39565369,17.76,702680.95,8.45,7.27,62.06,32.39,10.75,15.55,0.495,45237.35,40.27
Eastern Asia,2024,57552143,21.29,1225285.12,19.93,10.46,85.87,35.22,57.29,5.17,0.232,25887.64,85.55
Central Asia,2024,42523152,4.29,182424.32,23.33,11.51,42.79,12.25,56.79,22.53,0.462,74497.79,66.47
Oceania,2023,175656805,25.33,4449386.87,54.77,46.56,5.05,21.68,8.41,30.91,0.807,30143.73,24.2
Latin America and the Caribbean,2023,202809889,29.27,5936245.45,80.01,11.38,43.77,33.92,15.54,15.48,0.888,5892.15,80.01
Western Asia,2021,34388173,13.79,474212.91,11.88,9.74,12.84,39.36,69.23,7.34,0.184,43474.89,20.77
Central Asia,2022,145920921,10.92,1593456.46,23.84,6.94,17.22,24.25,29.26,14.37,0.566,13877.91,51.65
Eastern Asia,2022,173371806,20.54,3561056.9,66.16,27.49,55.03,18.4,6.43,4.98,0.351,16737.86,58.28
Central Asia,2021,243664547,9.1,2217347.38,28.58,3.91,46.11,37.52,30.3,26.08,0.818,74676.66,17.34
Latin America and the Caribbean,2021,105870569,9.04,957069.94,47.01,44.5,42.44,18.21,11.11,23.88,0.965,74671.17,32.24
Southern Asia,2023,207430443,12.93,2682075.63,61.92,22.21,22.8,35.62,54.63,11.85,0.424,24318.83,57.34
Latin America and the Caribbean,2023,127386878,9.13,1163042.2,56.76,41.39,14.38,27.93,9.87,14.23,0.239,71035.29,15.91
Europe,2021,N/A,9.07,1266745.9,26,15.41,74.78,22.88,39.33,14.24,0.179,49983.24,54.69
Northern Africa,2020,N/A,25,5317725.67,48.99,23.05,82.76,30.84,58.92,34.27,0.421,47957.18,22.46
South-Eastern Asia,2020,231706808,27.66,6409010.31,31.22,15.92,22.32,19.61,66.92,34.41,0.777,25079.77,38.39
Sub-Saharan Africa,2023,35033320,24.76,867425,54.25,52.72,1.46,19.01,25.51,9.16,0.24,59739.99,90.68
Northern America,2020,195214853,4.97,970217.82,41.28,26.43,72.38,12.8,13.33,28.02,0.401,17441.65,79.44
Oceania,2023,64878265,24.13,1565512.53,83.33,27.9,90.51,34.96,30.98,28.17,0.493,8482.01,
Southern Asia,2024,128258820,11.86,1521149.61,17.65,15.44,24.47,24.72,64.28,34.91,0.281,44349.13,52.21
Eastern Asia,2021,175577927,5.23,918272.56,150,35.98,50.36,10.74,23.34,12.77,0.622,5958.34,85.58
Latin America and the Caribbean,2022,82905873,22.69,1881134.26,29.35,5.34,59.72,34.09,58.71,21.61,0.66,47170.34,84.88
Western Asia,2021,218405550,4.2,917303.31,,54.96,16.32,36.42,35.49,33.96,0.844,14297.41,28.07
Sub-Saharan Africa,2022,203149161,23.91,4857296.44,28.12,8.37,43.32,38.02,6.11,23.2,0.328,,95.36
Europe ,2021,175203654,15.88,2782234.03,33.12,21.92,76.19,36.44,52.92,29.79,0.45,73725.35,37.62
Central Asia,2023,247536026,20.99,5195781.19,52.49,41.65,98.79,36.09,54.89,32.41,0.358,23276.29,97.43
Europe,2023,163772243,6.71,1098911.75,50.11,24.31,10.19,10.14,40.03,3.16,0.662,63030.01,35.93
Europe,2020,224427987,11.93,2677425.88,27.11,24.5,62.73,33.1,28.54,0.87,0.457,77611.62,89.66
Eastern Asia,2024,247759768,26.43,6548290.67,22.52,3,61.85,32.01,12.89,20.72,0.944,15225.12,46.68
Latin America and the Caribbean,2023,148390202,9.55,1417126.43,17.6,17.33,4.25,13.36,8.06,27.92,0.485,60825.11,50.8
Europe,2023,32735030,26.29,860603.94,36.92,23.67,94.6,29.72,38.55,3.74,0.684,36040.3,18.12
Eastern Asia,2020,162048468,19.13,3099987.19,83.58,6.74,57.21,38.49,42.34,16.19,0.74,6473.04,41.48
Latin America and the Caribbean,2023,53467089,12.83,685982.75,82.19,57.5,78.39,30.94,26.25,1.86,0.47,69856.03,18.86
Central Asia,2021,199489655,10.11,2016840.41,27.77,9.59,51.33,23.15,57.88,6.74,0.956,62331.98,67.14
Eastern Asia,2021,174753748,7.85,1371816.92,69.23,20.42,27.74,28.89,49.92,10.03,0.485,32802.93,16.65
South-Eastern Asia,2020,4595966,20.49,94171.34,59.95,45.86,17.03,36.28,15.2,29.67,0.943,29328.88,65.68
Southern Asia,2024,11113495,15.46,171814.63,61.38,30.92,91.13,20.28,36.49,25.51,0.902,24857.89,93.74
Eastern Asia,2023,130569324,15.61,2038187.15,26.09,5.24,97.43,15.3,69.97,13.48,0.732,33114.28,80.51
South-Eastern Asia,2022,54723598,26.32,1440325.1,81.62,7.08,93.48,21.78,24.17,11.77,0.449,3474.15,30.19
Southern Asia,2020,210338253,12.05,2534575.95,8.21,3.97,29.61,22.52,55.5,1.53,0.351,19539.61,15.39
Central Asia,2024,128389045,16.71,2145380.94,67.62,59.58,75.85,11.56,10.72,22.04,0.294,43398.9,40.25
Oceania,2021,195298946,19.56,3820047.38,57,30.47,15.06,17.6,45.32,14.22,0.32,67545.59,21.12
Southern Asia,2022,116579481,8,932635.85,34.08,23.74,53.69,15.7,13.39,12.76,0.443,72540.49,80.73
Northern America,2021,168195633,4.79,805657.08,48.16,4.16,3.08,26.26,31.07,11.13,0.507,41918.75,46.49
Latin America and the Caribbean,2022,185144515,12.27,2271723.2,21.24,6.82,15.44,17.08,39.58,13.74,0.875,,74.37
Northern America,2023,21803116,11.11,242232.62,50.37,19.97,21.59,39.96,30.23,8.62,0.545,74790.66,83.58
Sub-Saharan Africa,2023,173418385,13.22,2292591.05,50.95,34.84,85.73,38.53,55.47,32.41,0.045,44653.67,78.2
Western Asia,2021,147323063,24.3,3579950.43,74.02,61.87,50.47,34.99,11.52,10.77,0.297,73452.35,97.52
Western Asia,2021,244789335,27.61,6758633.54,,5.52,92.59,11.47,9.5,31.37,0.744,28165.43,20.78
Southern Asia,2022,1076794,28.04,30193.3,9.16,8.47,8.55,28.48,7.72,26.79,0.686,37198.5,69.07
Europe,2023,160752586,15.56,2501310.24,57.77,21.89,2.32,32.25,52.51,4.74,0.538,41992.51,87.62
Central Asia,2020,176836602,18.53,3276782.24,39.76,19.45,36.94,37.68,62.87,3.7,0.874,2335.01,46.98
Latin America and the Caribbean,2022,131734319,22.25,2931088.6,46.31,24.6,40.98,35.35,49.44,5.95,0.397,75420.13,88.29
South-Eastern Asia,2021,42318274,5.36,226825.95,39.89,35.68,11.67,23.47,11.55,18.22,0.568,32549.84,86.36
Western Asia,2024,116508912,19.03,2217164.6,75.6,11.57,78.16,10.31,11.25,15.76,0.063,61063.53,57.88
Latin America and the Caribbean,2023,212186795,11.61,2463488.69,80.79,14.56,48.84,21.6,69.41,19.02,0.886,35437.63,23.55
Eastern Asia,2023,117724170,24.76,2914850.45,28.56,5.53,65.86,39.67,26.44,23.43,0.75,59065.46,79.22
Northern Africa,2023,189093539,26.69,5046906.56,50.29,36.03,73.75,30.91,8.52,23.7,0.136,39215.41,19.36
Oceania,2020,20835383,25.53,531927.33,83.78,7.6,20.8,23.85,54.7,18.53,0.965,3311.96,36.13
Sub-Saharan Africa,2023,231270499,27.96,6466323.15,82.18,47.37,34.39,13.13,35.83,0.72,0.039,5331.27,44.45
Europe,2022,174618664,27.65,4828206.06,64.15,15.46,5.66,34.8,59.47,24.38,0.455,6798.92,78.21
Oceania,2021,31549376,7.72,243561.18,41.82,40.52,27.81,38.43,41.38,17.86,0.005,64233.62,39.99
Eastern Asia,2022,127938078,3.19,408122.47,38.56,23.22,74.11,13.61,65.06,2.79,0.172,52568.29,45.38
Northern Africa,2020,210778731,20.22,4261945.94,150,34.34,54.76,11.25,32.46,22.26,0.231,46844.75,29.12
Western Asia,2020,25377617,15.12,383709.57,7.29,7.07,83.9,24.03,34.15,28.36,0.801,36275.18,87.17
Oceania,2023,1396817,28.81,40242.3,69.87,49.71,90.3,28.4,59.9,2.51,0.845,67496.99,15.64
Sub-Saharan Africa,2024,110889395,23.57,2613663.04,26.21,12.59,75.99,19.24,47,8.04,0.29,60931.02,21.31
Latin America and the Caribbean,2021,230172983,19.11,4398605.71,73.26,57.79,87.69,18.04,31.64,15.67,0.16,13318.12,60.87
Sub-Saharan Africa,2024,86672187,13.35,1157073.7,,11.38,48.05,25.01,8.7,7.88,0.234,66194.1,59.1
Oceania,2024,223368526,16.72,3734721.75,17.36,15.1,34.91,33.92,38.06,29.58,0.304,,21.87
Eastern Asia,2020,67204495,26.99,1813849.32,52.73,4.83,24.37,25.76,48.02,6.11,0.11,8866.4,18.24
Sub-Saharan Africa,2020,184477601,11.25,2075373.01,52.98,51.28,75.53,38.77,16.89,8.1,0.832,64884.55,30.44
Eastern Asia,2022,110525223,24.34,2690183.93,6.6,5.17,17.29,14.56,42.96,19.38,0.985,34501.19,95.78
Sub-Saharan Africa,2023,247367635,4.52,1118101.71,,50.06,92.5,32.75,51.27,28.13,0.518,,53.89
Sub-Saharan Africa,2020,249885602,18.18,4542920.24,54.05,29.19,45.34,24.75,31.26,33.35,0.499,7840.74,75.72
Europe ,2022,150401802,27.87,4191698.22,73.52,18.58,33.84,14.48,41.63,21.61,0.156,34673.23,65.79
Sub Saharan Africa,2020,141899714,2.23,316436.36,65.96,58.86,93.35,14.58,40.55,29.65,0.979,40031.29,66.01
Oceania,2023,22566450,27.14,612453.45,57.68,34.02,23.43,39.53,59.31,22.45,0.391,,
Southern Asia,2020,209300201,6.16,1289289.24,10.59,10.18,90.24,15.34,41.25,22.22,0.533,75107.47,41.23
Sub-Saharan Africa,2021,67592870,29,1960193.23,75.14,17.03,43.43,20.81,60.55,30.34,0.94,48567.25,28.72
Southern Asia,2022,161057678,29.56,4760864.96,75.82,3.77,25.09,17.35,23.05,19.75,0.541,63193.89,24.03
Northern America,2024,37984610,21.66,822746.65,21.74,19.21,76.45,10.4,26.86,22.08,0.232,40699.96,93.73
Northern Africa,2023,2565339,6.33,16238.6,54.52,29.17,21.06,20.61,46.04,12.42,0.802,29412.33,82.36
Western Asia,2023,150029146,5.1,765148.64,83.87,58.02,66.41,25.7,61.84,30.01,0.869,22192.42,25.1
Europe,2023,237005889,29.26,6934792.31,76.5,48.57,2.86,35.21,42.05,15.72,0.023,7693.68,75.69
Central Asia,2020,157404425,27.04,4256215.65,9.08,3.86,68.8,10.69,16.82,8.39,0.194,6901.18,73.6
Northern America,2022,N/A,22.23,4023051.73,12.07,8.12,84.39,31.82,56.22,27.92,0.445,45903.92,62.66
Latin America and the Caribbean,2021,176375693,15.17,2675619.26,35.73,19.1,63.93,21.35,22.86,6.88,0.457,46357.92,85.47
Sub-Saharan Africa,2022,13075813,26.07,340886.44,30.12,11.78,99.76,17.71,63.66,16.94,0.017,11333.53,55.51
Sub-Saharan Africa,2021,196711875,13.66,2687084.21,,26.28,5.64,28.46,9.53,24.71,0.805,34407.96,47.96
Latin America and the Caribbean,2020,137636423,9.5,1307546.02,75.9,39.6,33.9,24.77,16.42,19.12,0.664,13737.98,
Europe,2024,101172508,24.41,2469620.92,77.16,25.76,20.39,10.44,17.93,30.73,0.237,23557.25,90.28
Northern Africa,2020,22101178,8.37,184986.86,52.94,26.73,98.51,34.92,38.09,24.79,0.985,24988.93,18.73
South-Eastern Asia,2020,205304763,13.7,2812675.25,79.19,33.05,61.23,13.19,8.54,6.29,0.169,58251.61,76.01
South-Eastern Asia,2021,132336358,19.89,2632170.16,5.29,4.61,86.68,25.81,33.05,6.81,0.021,73650.8,30.05
Latin America and the Caribbean,2021,127698233,11.74,1499177.26,76.69,75.76,88.25,19.64,39.92,15.1,0.612,60396.23,17.22
Europe,2020,177323980,4.84,858248.06,64.07,40.22,76.47,35.09,36.67,24.44,0.054,,31.86
Western Asia,2023,20687333,18.29,378371.32,76.73,38.73,42.74,20.52,9.19,26.12,0.798,10112.76,46.53
Northern America,2023,7799488,4.28,33381.81,56.24,12.56,66.95,15.97,57.87,20.89,0.709,,59.52
Oceania,2020,22810429,25.1,572541.77,52.89,40.4,83.66,20.78,18.7,29.72,0.942,61405.47,34.29
Central Asia,2024,59308822,11.32,671375.87,50.02,28.44,38.7,34,19.43,5.89,0.838,12508.11,65
Latin America and the Caribbean,2023,165486192,24.31,4022969.33,150,16.8,54.07,32.75,63.81,30.5,0.204,14728.18,88.47
Oceania,2022,141126822,11.25,1587676.75,24.39,9.31,61.82,23.5,16.72,5.96,0.521,22049.15,76.08
Sub-Saharan Africa,2020,218168484,22.77,4967696.38,50.63,42.74,65.38,11.94,40.17,18.4,0.287,24567.69,52.09
Sub-Saharan Africa,2024,104328821,27.68,2887821.77,80.36,26.32,55.59,10.52,15.13,33.52,0.463,67227.08,30.35
Europe ,2021,206796945,19.78,4090443.57,34.13,32.46,70.88,31.89,11.94,34.46,0.423,2303.78,34.38
Central Asia,2020,8789228,19.49,171302.05,14.34,12.1,23.79,25.14,40.15,24.87,0.753,29905.85,57.27
Oceania,2022,217929769,9.54,2079050,,48.7,77.7,19.94,35.21,29.72,0.724,40681.77,
Southern Asia,2024,182867597,23.41,4280930.45,47.06,12.65,61.4,23.54,12.7,30.3,0.455,76041.68,55.25
Central Asia,2022,182349436,27.31,4979963.1,9.31,7.99,62.99,11.56,5.38,9.2,0.531,17970.07,23.31
Europe,2020,59913706,21.9,1312110.16,39.49,29.17,90.37,24.26,30.35,8.21,0.16,38557.18,39.79
Southern Asia,2021,206752701,15.86,3279097.84,30.27,3.44,78.68,20.6,26.39,14.93,0.323,10688.97,27.58
Western Asia,2024,213420079,26.93,5747402.73,38.43,21.29,94.4,33.77,19.17,18.46,0.95,29038.19,74.85
Northern America,2023,141766953,23.51,3332941.07,27.48,18.33,71.61,17.54,48.79,31.96,0.92,32611.67,35.99
Northern America,2020,43900734,6.84,300281.02,27.88,17.13,87.46,10.25,16.06,7.78,0.85,29253.87,38.26
Northern Africa,2024,46755354,18.03,842999.03,48.72,17.56,8.35,30.24,28.06,16.86,0.617,,86.18
Central Asia,2024,240341323,20.06,4821246.94,53.84,28.75,46.11,16.13,5.15,24.35,0.098,44654.78,53.77
Southern Asia,2021,152321151,14.72,2242167.34,23.31,9.97,78.69,33.12,24.55,2.22,0.559,75712.3,32.07
Sub-Saharan Africa,2020,100831219,28.9,2914022.23,38.24,19.69,7.6,14.32,29.53,1.52,0.848,57342.28,36.6
Northern America,2023,154465919,16.98,2622831.3,36.33,20.17,72.43,33.44,21.56,7.43,0.195,46183.26,17.06
Sub Saharan Africa,2022,85857270,16.34,1402907.79,31.86,12.56,19.19,27.33,10.09,3.13,0.38,35234.68,59.58
Western Asia,2024,102480680,13.64,1397836.48,39,32.25,13.76,19.31,43.28,22.47,0.082,18885.81,78.11
Central Asia,2022,213082666,27.97,5959922.17,62.07,15.03,67.27,28.02,44.5,15.07,0.254,66716.67,57.24
Southern Asia,2023,188751120,15.89,2999255.3,80.93,35.62,43.06,19.11,69.9,15,0.295,68131,47.91
Western Asia,2024,67956745,28.42,1931330.69,54.27,4.33,57.46,28.06,6.48,3.67,0.744,52495.33,
Northern America,2024,170665736,14.83,2530972.86,84.33,83.43,98.15,24.77,58.64,10.22,0.286,7845.01,64.82
Western Asia,2021,27309678,27.51,751289.24,6.84,3.85,58.62,29.3,10.34,34.56,0.166,11408.84,75.97
Western Asia,2020,67904046,2.52,171118.2,55.24,50.4,74.52,16.29,28.81,5.14,0.697,37150.58,95.59
Southern Asia,2020,72626838,10.88,790180,52.8,8.46,62.26,24.86,45.88,33.75,0.416,5640.58,82.83
Central Asia,2021,167827256,15.49,2599644.2,57.94,8.21,96.86,39.69,51.33,21.65,0.701,12743.22,68.18
Central Asia,2022,95951536,29.76,2855517.71,77.65,16.93,75.31,29.93,41.24,1.81,0.496,18670.79,24.32
Oceania,2024,212468942,27.46,5834397.15,5.79,4.29,13.24,10.16,18.5,22.21,0.274,22131.7,73.71
Northern America,2022,95124880,27.36,2602616.72,,37.69,57.3,15.54,5.3,14.76,0.268,,49.41
Western Asia,2023,238730587,15.4,3676451.04,36.71,23.79,16.36,19.29,24.86,2.76,0.842,48051.35,78
Northern America,2023,91961235,16.07,1477817.05,65.39,59.05,12.02,36.69,57.48,7.46,0.073,16267.29,33.35
Southern Asia,2022,241786338,25.49,6163133.76,33.11,22.15,9.54,27.38,14.47,26.32,0.661,23564.08,20.53
Northern America,2022,218656625,21.39,4677065.21,67.41,33.38,25.38,27.45,18.64,6.24,0.581,71413.74,85.86
Southern Asia,2020,24165991,29.75,718938.23,62.55,17.71,49.37,36.2,62.12,23.34,0.523,40277.1,44.22
Southern Asia,2022,58100375,29.74,1727905.15,7.15,5.65,71.48,18.97,52.87,4.48,0.374,,64.88
Central Asia,2021,62291747,25.81,1607749.99,,3.66,37.78,23.12,6.2,3.3,0.156,70401.46,26.19
Western Asia,2023,90143795,22.89,2063391.47,44.3,12.28,45.82,15.8,7.64,24.5,0.402,53587.61,80.12
Oceania,2023,54621245,18.22,995199.08,7.09,6.18,78.45,32.8,37.58,29.91,0.9,42456.94,40.74
Europe,2021,166373817,23.94,3982989.18,74.57,39.67,85.53,24.15,20.13,32.39,0.202,63232.37,66.45
Eastern Asia,2023,135836666,11.56,1570271.86,80.42,26.98,71.6,11.93,60.3,10.96,0.272,7149.04,39.15
Northern Africa,2021,13560676,12.59,170728.91,67.87,59,52.11,36.37,47.3,5.5,0.849,25990.71,19.19
Eastern Asia,2021,71499887,21.19,1515082.61,20.11,5.34,94.06,39.6,33.47,21.27,0.169,9018.26,82.96
Northern Africa,2021,229266493,23.05,5284592.66,55.66,19.22,21.46,33.14,65.79,25.93,0.395,23100.49,28.29
Central Asia,2023,39325303,12.22,480555.2,50.16,15.46,31.82,38.82,34.41,30.56,0.381,38400.7,89.69
Europe,2020,166682980,24.47,4078732.52,,3.29,87.85,19.78,10.46,2.63,0.269,78545.45,38.57
Oceania,2020,135036919,11.92,1609640.07,16.12,10.97,64.39,36.14,46.76,4.72,0.806,38211.84,46.81
Oceania,2024,58268909,27.91,1626285.25,75.37,44.75,31.07,29.79,66.75,17.43,0.982,2037.39,72.5
South-Eastern Asia,2024,85105563,15.84,1348072.12,69.68,36.54,23.07,33.84,26.45,27.22,0.633,43881.27,35.51
Northern Africa,2024,88335682,20.84,1840915.61,41.86,7.31,85.69,27.59,46.67,34.06,0.121,46605.57,95.25
Central Asia,2021,122126259,24.49,2990872.08,5.66,3.69,84.2,30.41,43.59,27.43,0.728,29217.03,50.3
Latin America and the Caribbean,2024,35663536,22.16,790303.96,33.44,28.06,30.98,11.7,5.25,34.55,0.612,62190.9,69.63
Central Asia,2020,98543797,26.84,2644915.51,35.91,10.44,60.57,37.29,64.71,16.84,0.854,7320.19,55.21
Latin America and the Caribbean,2024,70798147,21.87,1548355.47,41.42,29.63,80.9,29.23,62.2,34.73,0.974,1230.73,62.34
Europe,2022,58256139,2.5,145640.35,150,18.83,75.56,29.18,30.97,30.18,0.391,1227.95,31.92
South-Eastern Asia,2020,69029210,8.45,583296.82,25.75,13.54,21.67,38.5,43.79,15.55,0.08,7846.95,43.31
Southern Asia,2020,208852225,24.45,5106436.9,39.86,31.82,83.16,35.55,47.67,26.09,0.254,74422.95,56.1
Southern Asia,2024,113244968,8.95,1013542.46,65.12,25.22,5.77,29.62,44.13,15.74,0.092,75506.04,57.43
South-Eastern Asia,2023,188746421,29.41,5551032.24,46.38,20.55,29.7,35.34,56.73,15.95,0.568,27792.51,27.2
Western Asia,2023,246274411,16.54,4073378.76,77.46,52.9,67.86,28.86,63.41,33.81,0.269,68729.96,18.11
Western Asia,2023,242910709,9.28,2254211.38,30.16,22.24,21.13,19.76,29.99,28.46,0.416,34163.94,91.37
Europe,2021,4285522,21.98,94195.77,5.38,3.26,18.62,27.45,48.77,1.48,0.446,26770.28,29.35
Northern America,2022,122289393,18.79,2297817.69,48.15,42.51,46.8,39.99,21.7,14.64,0.914,17934.08,35.54
Northern Africa,2022,153925404,5.91,909699.14,18.91,17.57,35.61,35.55,33.94,13.16,0.231,54599.15,74.04
Latin America and the Caribbean,2020,67421388,25.32,1707109.54,79.68,19.64,33.9,14.31,46,22.06,0.298,44853.02,66.66
Western Asia,2023,205290302,24.42,5013189.17,23.88,22.62,26.06,35.53,13.06,5.58,0.722,67489.55,81.78
Eastern Asia,2024,20900507,26.08,545085.22,56.01,23.6,11.84,38.49,8.39,6.56,0.003,30750.14,71.97
Oceania,2024,133745604,-10.1,1350830.6,26.72,17.66,58.14,12.44,26.27,12.24,0.089,78909.82,60.62
Europe ,2024,238294570,3.87,922199.99,79.58,32.99,14.17,15.4,30.17,1.83,0.124,27355.73,
Central Asia,2023,20444285,28.04,573257.75,12.02,3.17,40.48,14.11,30.31,12.55,0.883,2732.86,20.29
Northern America,2024,147737582,28.35,4188360.45,9.17,4.56,2.02,14.91,37.35,6.4,0.438,33300.13,35.27
Northern Africa,2022,150043516,18.31,2747296.78,53.62,43.28,64.1,22.79,37.75,7.23,0.796,61174.11,72.64
Northern America,2023,64399467,4.9,315557.39,74.03,45.95,18.67,13.4,62.66,16.66,0.53,6949.61,33.47
Oceania,2022,199522925,8.9,1775754.03,62.82,24.54,63.97,18.91,20.31,26.78,0.808,56860.37,69
Latin America and the Caribbean,2021,192515933,5.1,981831.26,62.81,22.28,7.02,12.99,31.57,10.08,0.15,35395.85,67.54
Southern Asia,2022,121903489,16.36,1994341.08,45.64,6.58,55.57,25.78,11.87,33.25,0.485,43075.83,34.24
Sub-Saharan Africa,2022,201291475,-23.04,4637755.58,58.8,11.99,91.83,39.82,62.59,34.72,0.955,30108.98,86.65
Central Asia,2023,102088932,18.62,1900895.91,53.2,36.92,13.18,28.97,68.24,14.82,0.087,17660.08,85.99
Western Asia,2024,81875482,6.58,538740.67,,64.56,71.39,35.85,14.91,25.95,0.567,58597.29,69.38
Latin America and the Caribbean,2022,60137031,13.34,802227.99,24.96,8.7,75.99,31.99,26.45,11.71,0.412,65595.49,91.33
Europe,2020,225445390,13.66,3079584.03,15.86,3.24,4.21,26.81,69.52,17.87,0.147,11454.83,95.89
Sub-Saharan Africa,2020,198344074,23.46,4653151.98,32.84,7.39,22.75,13.27,24.1,2.4,0.41,24771.26,68.45
Western Asia,2024,26746202,2.58,69005.2,82.03,61.27,51.69,36.67,23.84,30.76,0.293,46536.43,21.2
Central Asia,2021,8980955,22.04,197940.25,,36.59,12.84,13,45.5,16.31,0.153,33886.97,27.22
Northern America,2020,193148607,21.05,4065778.18,42.91,15.86,68.36,28.17,45.66,12.78,0.465,20478.59,68.77
Latin America and the Caribbean,2020,249692301,20.46,5108704.48,80.51,36.51,9.21,23.21,13.3,31.84,0.458,74457.43,27.81
South-Eastern Asia,2020,44013215,13.72,603861.31,81.62,72.39,18.42,28.18,56.64,11.67,0.043,40389.73,37.52
Western Asia,2021,202393616,17.41,3523672.85,20.28,16.56,95.59,25.85,10.91,25.93,0.729,70479.24,74.5
Europe ,2021,128713751,2.19,281883.11,,3.69,93.35,36.46,65.09,5.53,0.65,33323.34,83.87
Latin America and the Caribbean,2022,43768432,12.44,544479.29,80.31,12.06,47.15,22.8,48.9,34.06,0.055,53453.63,81.93
South-Eastern Asia,2021,146826376,8.63,1267111.62,80.24,70.05,86.46,27.68,30.69,26.76,0.698,30849.65,65.66
Eastern Asia,2024,190291341,10.02,1906719.24,58.66,4.52,1.02,12.8,38.08,0.11,0.859,69455.37,63.24
Oceania,2024,155786581,12.54,1953563.73,84.31,8.84,0.25,28.95,7.92,1.11,0.431,34000.77,65.38
Southern Asia,2024,39177638,24.4,955934.37,70.16,53.6,69.08,25.48,12.76,7.75,0.791,65099.92,36.42
Eastern Asia,2021,220874103,9.56,2111556.42,84.82,22.57,94.04,37.07,8.51,16.45,0.249,8771.55,29.01
Latin America and the Caribbean,2023,21498914,9.58,205959.6,81.94,5.72,55.37,26.4,38.65,33.56,0.641,35008.3,39.63
Central Asia,2021,198455837,7,1389190.86,,7.71,26.08,22.58,19.71,5.14,0.919,,64.7
Sub-Saharan Africa,2023,57308161,26.64,1526689.41,15.56,14.88,61.64,31.48,49.81,5.55,0.481,19051.1,16.3
Europe ,2022,232665997,13.54,3150297.6,33.28,26.61,94.96,15.29,27.11,17.11,0.087,44753.24,81.27
South-Eastern Asia,2023,178505085,13.88,2477650.58,83.14,81.51,97.64,16.27,57.38,27.71,0.776,32986.59,53.85
Sub-Saharan Africa,2020,44975516,17.33,779425.69,77.63,21.06,23.65,16.12,41.93,11.84,0.775,54684.14,97.68
Northern Africa,2023,72770030,19.26,1401550.78,11.02,9.3,72.61,27.13,11.39,34.29,0.414,6497.47,86.48
Latin America and the Caribbean,2023,48186471,26.76,1289469.96,74.75,61.63,19.87,12.58,52.23,6.61,0.102,3559.78,39.51
South-Eastern Asia,2023,162135668,16.61,2693073.45,40.97,19.05,68.17,10.74,9.14,17.5,0.811,55657.15,52.02
Europe,2021,26670859,12.46,332318.9,39.69,28.74,93.17,29.57,26.86,11.15,0.149,,50.9
Europe,2024,50921059,2.7,137486.86,66.65,58.28,46.04,14.22,10.59,20.58,0.113,12809.82,84.65
Latin America and the Caribbean,2021,62316032,23.97,1493715.29,62.32,50.7,15.37,20.39,19.6,9.68,0.034,19297.71,83.47
Northern America,2021,187123923,28.51,5334903.04,60.32,34.16,43.68,14.85,34.33,4.95,0.212,42309.25,39.04
Sub Saharan Africa,2023,162943025,14.64,2385485.89,24.31,19.26,54.85,12,57.43,26.27,0.63,55080.91,18.28
Latin America and the Caribbean,2020,123974207,14.44,1790187.55,67.7,57.14,2.5,21.07,47.75,1.21,0.89,23697.78,25.16
South-Eastern Asia,2022,183166869,21.27,3895959.3,36.86,5.62,7.68,31.23,15.23,28.82,0.397,28966.08,43.79
Eastern Asia,2024,157821523,24.49,3865049.1,46.99,5.99,41.27,33,30.47,15.25,0.262,35126.78,21.4
Latin America and the Caribbean,2024,152687148,10.91,1665816.78,,22.51,20.12,22.1,29.93,32.36,0.353,53752.43,85.55
Central Asia,2023,2036541,19.03,38755.38,40.12,15.93,73.61,14.94,51.62,3.75,0.664,48572.18,24.06
Northern Africa,2022,223529853,12.45,2782946.67,83.02,67.67,75.63,32.49,60.41,27.41,0.115,36397.53,73.55
Oceania,2024,217345919,25.72,5590137.04,83.11,55.55,88.23,13.24,54.56,27.4,0.954,43695.67,93.75
Latin America and the Caribbean,2020,186405612,21.64,4033817.44,14.65,8.65,60.92,15.91,26.26,23.69,0.659,42887.14,40.06
Southern Asia,2021,235336557,15.86,3732437.79,35.14,32.38,12.13,22.49,14,18.21,0.618,7948.6,79.63
Latin America and the Caribbean,2023,70811536,24.56,1739131.32,58.6,52.54,76.16,29.58,53.09,1.79,0.987,58013.53,91.19
Northern America,2020,4452650,3.01,13402.48,37.78,19.8,96,16.52,17.1,14.46,0.454,34319.53,59.52
Southern Asia,2023,133808707,11.82,1581618.92,17.32,4.61,51.23,30.02,67.28,15.04,0.79,15819.3,31.95
Southern Asia,2020,215812010,6.39,1379038.74,52.19,42.56,41.3,34.5,17.42,14.08,0.665,67398.48,43.46
Latin America and the Caribbean,2024,91743841,11.22,1029365.9,78.17,3.16,33.23,19.4,56.14,12.22,0.87,8611.95,20.34
Northern America,2021,146298974,18,2633381.53,40.33,34.78,90.76,29.54,63.03,24.12,0.571,,23.36
Eastern Asia,2023,84255313,26.68,2247931.75,59.55,37.1,72.82,36.64,21.52,4.46,0.941,37462.41,31.02
Northern America,2020,56103571,2.87,161017.25,32.93,11.22,24.92,19.93,14.68,10.56,0.543,20535.35,30.71
Eastern Asia,2024,235257690,19.95,4693390.92,43.86,18.5,54.35,20.23,52.45,2.87,0.09,41604.02,94.8
Central Asia,2022,193852341,16.82,3260596.38,72.58,62.71,47.46,25.3,11.75,11,0.335,71520.27,
Northern America,2022,192390462,25.33,4873250.4,41.85,8.11,74.79,12.77,15.59,7.94,0.16,4362.69,17.21
Oceania,2022,127535538,18.25,2327523.57,50.67,37.78,3.81,14.89,6.32,26.82,0.049,34809.46,93.16
Northern Africa,2024,139709096,11,1536800.06,60.34,60.23,62.77,10.71,17.46,5.46,0.659,24773.81,27.67
Central Asia,2023,43988112,13.1,576244.27,52.36,4.24,7.11,33.88,19.8,20.15,0.087,3879.71,89.64
Southern Asia,2020,244349860,6.23,1522299.63,,72.01,1.6,33.75,20.49,22.58,0.275,60700.57,90
Sub-Saharan Africa,2020,56499153,8.54,482502.77,7.2,3.69,36.07,12.46,51.36,7.74,0.26,28646.53,33.39
Central Asia,2021,101331276,29.17,2955833.32,15.61,6.74,34.06,38.98,58.85,32.4,0.687,57636.96,76.01
Northern America,2021,149033193,14.28,2128194,81.55,71.64,73.38,14.87,32.99,25.35,0.79,,53.71
Northern America,2024,89532262,14.41,1290159.9,46.61,6.87,24.86,11.94,66.29,28.64,0.229,45384.68,45.34
Southern Asia,2024,107754512,25.57,2755282.87,5.32,4.98,56.04,18.24,60.2,24.97,0.742,38556.2,21.67
Latin America and the Caribbean,2021,99651941,-7.09,706532.26,64.23,19.48,59.28,21.37,52.59,21.91,0.021,45953.47,66.07
Europe,2020,154848599,27.48,4255239.5,71.17,26.89,69.82,16.25,22.51,21.45,0.929,51389.7,19.02
Europe,2021,49505828,19.58,969324.11,11.05,9.39,71.03,12.47,55.21,10.2,0.911,7279.17,54.81
Western Asia,2021,213290851,3.4,725188.89,21.57,5.53,96.5,10.57,44.73,12.35,0.046,68703.47,24.35
Latin America and the Caribbean,2024,109639536,11.61,1272915.01,33.27,6.67,56.6,22.74,49.98,16.97,0.802,19650.88,
Central Asia,2024,204927489,15.21,3116947.11,13.55,10.48,58.67,12.02,64.75,6.21,0.206,61159.1,91.69
Northern America,2020,101148781,19.07,1928907.25,150,31.9,80.44,22.08,48.43,19.02,0.054,76299.71,
Oceania,2024,187691626,24.97,4686659.9,80.51,77.56,85.49,14.85,46.83,34.12,0.898,2430.61,51.45
Europe,2021,187197974,7.46,1396496.89,69.71,61.97,3.14,13.63,5.64,23.5,0.74,9997.5,63.1
South-Eastern Asia,2020,92594246,4.5,416674.11,67.13,58.52,56.87,12.24,8.12,7.69,0.062,9126.2,21.49
Northern America,2021,221472250,17.61,3900126.32,71.03,69.59,59.89,28.78,45.19,10.51,0.423,22864.92,64.78
Latin America and the Caribbean,2022,48340202,15.48,748306.33,44.51,17.37,50.66,38.17,55.06,2.34,0.628,,59.61
Western Asia,2024,143629515,16.37,2351215.16,51.11,14.49,43.97,20.82,19.91,5.88,0.072,57934.53,87.08
Northern Africa,2023,201230863,26.36,5304445.55,20.94,14.86,47.95,37.06,41.69,10.35,0.661,20339.2,
South-Eastern Asia,2020,31439075,24.48,769628.56,18.43,8.56,89.61,39.11,56.62,5.69,0.736,17567.29,35.31
Latin America and the Caribbean,2024,232147904,15.55,3609899.91,48.38,15.21,56.46,35.05,61.9,32.17,0.053,30585.08,45.44
Central Asia,2021,11321035,13.79,156117.07,19.04,8.7,77.17,17.52,19.55,6.99,0.762,41268.77,62.05
Central Asia,2024,165826367,14.88,2467496.34,37.65,5.67,34.44,21.39,58.7,13.78,0.623,51681.87,66.3
Southern Asia,2021,53956010,16.48,889195.04,12.2,9.81,69.42,11,26.66,33.83,0.321,5991.27,42.33
Central Asia,2022,73127310,9.05,661802.16,6.4,6.35,90.33,21.23,68.31,3.48,0.51,57979.77,24.76
Western Asia,2020,244781002,21.19,5186909.43,7.67,3.97,90.46,33.81,8.23,25.73,0.316,77010.44,65.24
Oceania,2020,200311128,10.49,2101263.73,13.86,11.94,7.78,29.1,67.05,18.76,0.274,74210.03,60
Oceania,2023,13131363,12.2,160202.63,,6.43,56.39,31.31,24.02,8.81,0.651,65631.1,20.37
Western Asia,2021,217778748,24.24,5278956.85,,8.84,45.8,18.35,30.33,6.86,0.625,16286.54,85.39
Northern America,2024,118843345,29.29,3480921.58,150,3.48,83.27,33.42,59.03,13.96,0.955,32431.79,46.02
Northern America,2023,193873040,19.97,3871644.61,23.94,15.92,12.73,15.45,47.82,23.61,0.332,59397.42,
Europe,2020,101825166,21.49,2188222.82,25.05,5.32,71.26,26.9,10.08,12.92,0.779,68857.68,49.41
Western Asia,2022,173753272,16.27,2826965.74,8.12,7.41,57.29,24.56,17.15,14.13,0.413,76968.73,
South-Eastern Asia,2023,7806003,3.04,23730.25,12.79,10.02,41.18,35.83,40.16,30.91,0.472,27830.22,80.29
Eastern Asia,2020,192560935,11.37,2189417.83,20.98,13.21,2.5,17.17,63.6,9.43,0.171,77056.72,60.25
Sub-Saharan Africa,2023,119804399,3.48,416919.31,38.71,20.22,85.5,14.18,46.29,32.21,0.908,75581.47,47.7
Southern Asia,2021,169065481,18.43,3115876.81,39.19,9.85,32.65,30.57,17.83,3.68,0.411,29961.54,25.15
Western Asia,2024,222894098,2.24,499282.78,62.98,49.91,8.83,13.92,66.28,28.7,0.304,58146.53,48.85
Western Asia,2024,N/A,21.41,1720234.11,61.17,44.55,1.09,33.38,49.87,31.56,0.009,41319.59,91.94
Eastern Asia,2023,156097412,27.58,4305166.62,46.93,36.86,7.74,35.61,56.79,20,0.797,17637.79,27.5
Europe ,2020,231452646,7.22,1671088.1,50.64,6.14,71.33,38.56,12.48,28.06,0.971,48063,62.44
Central Asia,2020,208911115,26.24,5481827.66,80.8,63.5,12.81,12.36,14.35,21.27,0.716,54890.13,45.09
Southern Asia,2020,74115781,12.18,902730.21,54.68,34.1,39.87,18.18,36.7,21.87,0.556,60635.59,75.76
Oceania,2020,130103398,21.49,2795922.02,28.27,26.31,19.36,16.37,29.65,29.83,0.194,74506.18,
Northern Africa,2020,223961225,10.85,2429979.29,26.73,19.65,70,17.41,16.97,13.53,0.351,61623.98,94.91
Latin America and the Caribbean,2023,185873385,14.8,2750926.1,66.07,63.25,19.41,23.17,49.56,12.4,0.816,65349.07,97.74
Southern Asia,2024,56186317,12.71,714128.09,31.83,4.02,43.46,12.3,34.2,7.74,0.738,,23.7
Western Asia,2023,150984570,23.46,3542098.01,33.02,9.41,37.26,39.2,18.83,5.42,0.673,54479.69,21.79
South-Eastern Asia,2024,145173272,8.09,1174451.77,44.8,38.41,17.42,30.9,67.76,5.07,0.61,41153.44,
Northern America,2023,9482939,-9.68,91794.85,28.04,9.54,17.25,21.41,46.1,32.48,0.069,76868.15,28.69
Northern Africa,2021,98196580,20.4,2003210.23,66.76,56.54,27.82,32.37,18.45,9.53,0.089,66836.95,54.37
Europe,2024,95698098,6.5,622037.64,69.65,60.53,20.09,24.56,20.11,21.84,0.324,55641.05,41.94
Northern Africa,2024,54438874,9.27,504648.36,56.31,52.05,9.66,28.81,9.28,30.48,0.49,43932.12,28.88
Oceania,2022,146003995,24.77,3616518.96,57.86,16.34,60.9,24.79,15.02,5.37,0.742,11172.85,55.16
Western Asia,2020,18305697,22.54,412610.41,150,21.12,36.74,19.58,27.36,16.24,0.508,64844.92,80.87
Sub Saharan Africa,2020,86736535,11.75,1019154.29,79.18,23.24,16.92,30.58,64.31,29.05,0.318,63800.25,92.64
Sub Saharan Africa,2020,116016215,23.08,2677654.24,54.65,11.09,58.23,13.78,45.48,4.99,0.583,18537.96,44.54
Northern America,2020,18813786,-26.26,494050.02,26.91,23.3,56.37,39.53,30.66,22.07,0.065,41691.51,58.63
Sub-Saharan Africa,2021,169077869,6.55,1107460.04,12.75,11.12,76.89,38.84,44.16,4.86,0.353,50002.47,58.11
South-Eastern Asia,2022,7166895,9.58,68658.85,20.31,14.09,81.79,24.97,9.72,24.63,0.309,2970.53,39.89
Central Asia,2020,100453552,6.48,650939.02,59.9,32.51,4.41,14.62,64.19,28.29,0.773,23291.85,92.29
Sub-Saharan Africa,2022,3181847,8.01,25486.59,,9.55,21.91,17.92,10.14,15.78,0.073,21594.92,23.67
Northern America,2023,88531386,20.87,1847650.03,39.33,24.77,50.63,34.88,37.53,20.07,0.454,30061.43,24.31
Southern Asia,2022,147415338,16.93,2495741.67,34.16,9.74,51.14,32.58,28.33,32.34,0.886,15573.15,46
Northern Africa,2023,99117999,5.95,589752.09,6.23,4.33,55.82,26.01,61.61,27.17,0.655,24516.17,63.51
Europe,2024,243201557,13.82,3361045.52,67.1,36.39,94,21.32,53.39,22.18,0.927,59064.37,90.45
Oceania,2022,232831791,7.89,1837042.83,42.59,23.01,63.77,22.78,42.61,24.52,0.121,17515.66,66.3
Southern Asia,2021,120042167,19.64,2357628.16,82.53,22.26,88.78,22.11,19.74,19.98,0.135,16709.32,33.68
Europe,2023,164149439,11.27,1849964.18,59.35,13.7,43.29,16.55,59.65,25.58,0.284,,23.19
Oceania,2024,137070106,17.56,2406951.06,78.48,63.57,75.08,29.25,42.07,18.29,0.217,69881.64,97.04
Latin America and the Caribbean,2021,50236886,5.2,261231.81,78.82,7.57,24.26,21.84,50.89,31.42,0.876,4611.38,55.93
Northern Africa,2020,209435197,17.93,3755173.08,6.83,4.39,28.75,39.37,15.19,18.52,0.231,79674.9,31.74
Western Asia,2021,234057975,8.44,1975449.31,12.2,6.28,32.66,20.65,45.81,25.36,0.305,61130.87,67.77
Northern Africa,2022,201904872,12.55,2533906.14,24.5,6.83,62.15,28.93,11.03,3.66,0.459,76867.85,53.26
Southern Asia,2022,141495781,6.54,925382.41,39.15,7.84,55.85,24.73,42.83,22.85,0.523,70653.89,71.71
Southern Asia,2023,46543339,14.38,669293.21,77.15,54.47,92.61,37.42,34.09,23.46,0.202,,53.87
Oceania,2021,107577167,12.53,1347941.9,47.88,38.52,54.03,22.2,46.12,24.89,0.355,17203.76,19.78
Latin America and the Caribbean,2023,180953597,23.48,4248790.46,55.72,44.4,57.99,34.94,29.04,7.69,0.111,9743.35,70.33
Southern Asia,2021,112836550,5.56,627371.22,72.6,18.9,36.17,38.34,51.33,24.01,0.558,74902.64,72.68
Oceania,2021,N/A,21.23,886429.84,36.13,3.2,99.35,19.78,65.92,16.87,0.62,6231.93,63.56
Latin America and the Caribbean,2024,182015613,8.7,1583535.83,46.28,27.25,11.53,25.17,47.02,21.64,0.604,26641.62,53.91
Central Asia,2022,50525518,10.75,543149.32,,9.44,17.49,10.59,37.93,15.19,0.873,58472.56,17.82
Latin America and the Caribbean,2022,235171631,26.27,6177958.75,27.87,27.71,42.85,25.06,14.69,25.18,0.354,13016.18,24.04
Eastern Asia,2024,150430207,14.2,2136108.94,43.74,38.67,39.15,22.5,35.66,12.92,0.26,63669.51,65.33
Sub-Saharan Africa,2023,54355132,13.9,755536.33,70.08,65.09,0.38,34.35,58.8,20.88,0.527,34176.77,15.4
South-Eastern Asia,2022,218357160,22.7,4956707.53,70.57,51.39,37.43,20.03,17.12,4.06,0.515,13250.68,36.99
Eastern Asia,2020,214712346,17.51,3759613.18,38.4,29.24,13.72,36.53,60.22,34.94,0.995,67457.89,
Europe ,2021,67031193,8.39,562391.71,11.4,5.85,14.03,11.99,35.09,23.38,0.301,35600.19,36.2
Latin America and the Caribbean,2020,212596088,21.83,4640972.6,72.73,52.51,60.04,34.99,14.64,22.65,0.988,12355.5,43.47
Southern Asia,2021,106599964,19.61,2090425.29,51.93,33.66,5.35,17.11,28.71,9.01,0.227,58725.49,53.6
Sub Saharan Africa,2024,25973776,21.36,554799.86,46.25,21.79,80.99,13.26,15.62,33.37,0.996,69407.2,53.41
Northern America,2024,248080541,10.24,2540344.74,67.4,62.61,11.09,31.38,5.33,2.68,0.899,61111.36,57.77
Western Asia,2023,150338165,15.26,2294160.4,23.68,6.9,62.88,14.95,16.85,24.31,0.626,15666.9,22.27
Western Asia,2024,104695433,2.68,280583.76,45.53,31.92,6.17,28.29,49.6,0.51,0.827,18439.08,68.21
Oceania,2021,22976005,2.9,66630.41,150,36.2,59.85,18.71,53.26,12.52,0.663,40965.66,95.24
Sub-Saharan Africa,2021,118121052,7.52,888270.31,66.7,40.43,50.03,32.83,18.43,29.03,0.81,25873.76,66.47
Southern Asia,2024,64729529,15.28,989067.2,48.81,20.77,20.35,37.95,21.69,0.3,0.937,17448.84,
Europe,2024,232539422,23.43,5448398.66,46.93,4.09,92.38,11.95,9.47,23.19,0.136,75535.14,42.76
Latin America and the Caribbean,2024,13367950,22.38,299174.72,80.84,45.67,64.53,14.85,22.86,21.62,0.563,58050.18,88.24
Western Asia,2024,109368110,10.98,1200861.85,6.1,4.99,11.16,21.83,50.2,10.06,0.603,73509.69,60.12
Oceania,2024,121211989,28.56,3461814.41,17.32,14.87,76.44,36.57,44.5,17.4,0.256,53680.36,80.01
Northern Africa,2022,211618533,12.7,2687555.37,48.29,7.68,60.34,24.02,10.61,19.21,0.242,23657.45,77.67
Northern Africa,2020,146108203,7.91,1155715.89,37.29,16.46,77.99,10.59,26.16,28.1,0.073,18431.51,28.04
Oceania,2021,243116838,28.99,7047957.13,74.28,9.78,65.69,24.85,36.46,30.03,0.84,,93.28
Eastern Asia,2020,161217673,8.31,1339718.86,60.55,20.52,66,35.85,56.51,7.17,0.139,48155.81,58.86
Northern Africa,2023,200971622,29.13,5854303.35,14.69,13.04,38.7,30.35,36.33,10.84,0.859,2138.69,17.55
Central Asia,2024,223724485,15.42,3449831.56,30.18,29.38,57.12,32.15,45.33,1.25,0.168,24277.06,61.51
Latin America and the Caribbean,2020,102647115,20.04,2057048.18,77.12,30.16,65.55,16.56,20.77,8.03,0.918,64804.41,78.08
Northern America,2020,181713260,2.57,467003.08,40.65,32.29,39.99,17.94,56.14,6.73,0.873,68314.62,71.71
Western Asia,2020,10383778,23.17,240592.14,71.13,31.67,70.12,10.67,56.69,4.76,0.115,14597.1,
South-Eastern Asia,2023,21914441,8.26,181013.28,21.6,6.58,98.28,24.1,22.6,19.19,0.923,20360.6,71.01
Central Asia,2020,244817148,5.75,1407698.6,16.59,9.22,32.43,34.79,12.2,19.47,0.156,77230.9,48.88
South-Eastern Asia,2021,140118707,28.59,4005993.83,30.06,14.68,52.33,15.72,52.1,4.51,0.316,20165.17,
Northern America,2021,60631014,10.36,628137.31,68.32,50.58,77.06,14.8,47.83,25.25,0.92,10019.22,16.18
Oceania,2024,10329983,19.1,197302.68,60.19,7.36,6.48,20.89,10.46,25.27,0.369,65722.44,15.24
Latin America and the Caribbean,2023,31455496,4.36,137145.96,26.29,3.35,30.36,31.12,39.26,8.34,0.978,77681.83,89.03
Latin America and the Caribbean,2024,203673437,15.44,3144717.87,45.21,19.05,83.46,30.01,47.48,18.83,0.182,36122.05,49.49
Southern Asia,2024,113586831,4.94,561118.95,40.4,36.21,12.39,23.51,11.99,1.55,0.064,54565.54,25.64
Southern Asia,2023,N/A,16.65,369540.39,81.63,49.96,39.57,13.59,37.91,3.14,0.2,46944.89,38.49
Europe,2022,74670928,22.71,1695776.77,33.68,7.23,43.2,29.34,31.59,22.52,0.972,19231.79,
Latin America and the Caribbean,2020,9808828,23.45,230017.02,43.07,10.63,72.02,15.47,52.46,6.28,0.443,69299.12,20.43
Southern Asia,2022,227868463,5.44,1239604.44,19.4,18.89,66.9,30.78,36.97,21.64,0.025,32581.98,79.12
Sub Saharan Africa,2024,247097030,14.49,3580435.96,62.56,34.12,25.96,11.24,30.73,0.43,0.469,8727.99,72.93
Southern Asia,2024,136032139,10.3,1401131.03,20.36,10.54,25.55,14.25,13.15,28.27,0.487,38254.41,
Europe,2022,209034023,4.23,884213.92,47.56,24.42,88.98,26.21,29.27,23.92,0.064,61037.07,60.33
Western Asia,2021,129253974,14.22,1837991.51,78.89,70.93,48.48,18.8,57.54,25.56,0.938,39144.29,64.08
Central Asia,2021,20083651,10.77,216300.92,78.4,17.96,71.56,25.65,36.22,22.19,0.399,42224.66,21.19
Eastern Asia,2020,39301517,9.03,354892.7,44.02,20.51,75.97,36.87,27.42,18.34,0.734,45574.86,46.2
Eastern Asia,2021,14730810,11.14,164101.22,9.26,6.54,83.1,30.45,59.36,2.97,0.668,44063.74,93.42
Central Asia,2021,218279503,7.45,1626182.3,72.6,33.42,8.54,38.3,65.96,31.66,0.608,43435.57,29.63
Northern America,2022,45521671,7.69,350061.65,,51.17,41.08,33.78,15.8,13.95,0.498,77503.2,28.39
Latin America and the Caribbean,2020,24811661,2.48,61532.92,50.29,11,47.53,16.51,58.59,2.55,0.038,12972.07,67.96
South-Eastern Asia,2024,24185185,25.57,618415.18,17.74,9.29,35.79,19.6,33.01,14.69,0.254,27951.64,57.91
Northern America,2023,61963513,28.7,1778352.82,8.26,7.83,56.4,35.61,58.07,33.66,0.021,10561.79,36.93
South-Eastern Asia,2022,230132252,27.67,6367759.41,44.63,29.09,50.95,33.38,28.65,10.63,0.662,43292.97,90.82
Northern America,2023,183341712,15.62,2863797.54,21.35,7.57,0.81,24.51,14.41,2.83,0.372,28997.89,22.83
Northern Africa,2022,178082122,20.39,3631094.47,82.96,70.69,17.67,32.12,17.49,4.52,0.793,14895.29,21.44
Oceania,2023,51706234,9.51,491726.29,48.59,17.13,36.06,37.06,46.76,5.99,0.393,18092.63,73.05
Eastern Asia,2021,61822310,8.95,553309.67,38.94,11.69,31.47,27.32,12.28,28.7,0.141,64430.96,34.5
Eastern Asia,2022,83249489,17.22,1433556.2,33.4,24.93,40.4,23.98,32.98,13.1,0.48,62146.01,24.19
Oceania,2024,90756555,19.92,1807870.58,20.02,9.65,31.36,36.44,61.28,10.19,0.96,36392.7,24.69
Eastern Asia,2022,49324959,18.96,935201.22,64.86,4.35,90.67,23.88,64.57,11.11,0.579,7650.51,38.17
Latin America and the Caribbean,2023,116361650,29.03,3377978.7,30.11,23.72,48.27,36.87,16.77,21.1,0.648,58883.62,68.78
Sub-Saharan Africa,2020,15173707,17.78,269788.51,34.16,3.97,90.57,11.86,15.68,26.59,0.685,30035.14,49.14
Europe ,2020,205375088,19.29,3961685.45,5.16,3.9,19.71,13.15,22.38,20.2,0.582,12158.06,23.92
Central Asia,2021,94016632,18.33,1723324.86,32.3,12.26,64.25,31.65,50.4,29.79,0.439,53510.24,88.49
Europe,2022,171678654,6.99,1200033.79,70.19,49.66,22.21,16.7,26.24,33.43,0.947,27018.77,33.01
South-Eastern Asia,2022,78777863,9.34,735785.24,68.81,63.13,25.16,15.36,16.74,17.55,0.687,46670.37,83.1
Northern Africa,2023,110993728,5.55,616015.19,150,3.87,5.72,25.73,30.93,26.72,0.531,17366.07,38.67
Northern America,2024,187713497,15.37,2885156.45,71.84,12.81,50.04,27,30.73,8.39,0.744,10473.89,59.37
Sub-Saharan Africa,2020,227163409,19.48,4425143.21,51.66,8.8,72.77,30.53,22.22,13.64,0.921,14280.12,57.44
Eastern Asia,2022,150407057,23.99,3608265.3,17.37,5.06,57.61,31.42,67.9,21.9,0.05,60280.56,68.34
Sub Saharan Africa,2021,187207565,23.6,4418098.53,72.76,24.14,8.87,28.14,57.21,22.03,0.551,29654.81,24.16
Northern Africa,2020,48763391,28.6,1394632.98,21.06,8.53,93.04,18.94,6.34,4.44,0.498,55309.22,60.47
Latin America and the Caribbean,2020,92082392,16.98,1563559.02,63.91,37.53,35.37,16.82,25.27,7.12,0.512,28708.6,69.3
Sub-Saharan Africa,2021,29372665,16.46,483474.07,5.36,5.17,10.66,31.17,68.35,4.23,0.634,66315.07,31.46
Southern Asia,2020,58158679,8,465269.43,23.31,7.6,41.28,34.37,66.76,30.06,0.266,35887.26,65.34
Europe,2024,103987379,9.73,1011797.2,82.67,4.87,42.51,18.43,34.61,24.85,0.122,51769.13,52.83
Central Asia,2024,218596502,21.59,4719498.48,75.71,31.06,2.5,17.18,48.36,27.35,0.217,61373.27,47.03
Sub Saharan Africa,2022,42087670,7.57,318603.66,8.19,7.43,19.43,18.71,37.47,6.88,0.985,73320.6,62.87
Northern America,2024,113120287,8.88,1004508.15,,56.58,17.22,33.66,46.73,6.01,0.382,3013.68,46.04
South-Eastern Asia,2021,94073010,12.43,1169327.51,82.94,36.88,16.52,34.09,32.41,27.39,0.957,13985.67,40.7
Latin America and the Caribbean,2024,204096873,12.34,2518555.41,,7.38,18,30.01,17.46,13.5,0.409,43482.71,41.22
Western Asia,2020,155282397,16.83,2613402.74,71.73,37.28,24.8,17.53,53.94,27.59,0.934,17521.78,
Northern Africa,2022,220985448,23.39,5168849.63,57.69,44.98,56.35,32.49,46.79,25.69,0.24,59201.2,21.91
Central Asia,2022,26599645,22.43,596630.04,83.92,51.09,8.8,10.64,48.59,8.57,0.756,73999.7,82.44
Northern America,2020,25385481,12.09,306910.47,42.78,13.7,22.46,25.14,36.68,27.31,0.944,73152.13,
Sub-Saharan Africa,2022,184272504,27.89,5139360.14,59.26,26.94,7.36,28.09,28.39,20.21,0.864,,58.01
Western Asia,2021,199439817,24.87,4960068.25,9.43,8.24,20.52,28.65,51.72,27.27,0.906,12254.41,51.18
Western Asia,2021,125357788,6.37,798529.11,18.44,4.73,28.4,20.39,13.52,33.18,0.645,41114.5,33.13
Northern America,2020,157534307,2.16,340274.1,7.18,3.92,50.2,37.96,29.14,13.66,0.445,12812.31,
Southern Asia,2021,145789012,29.06,4236628.69,71.4,28.26,45.62,33.25,69.88,34.12,0.789,42423.76,78.22
Latin America and the Caribbean,2020,193634044,20.94,4054696.88,43.58,19.49,34.16,30.27,52.94,14.43,0.447,15960.14,
Northern America,2023,18789324,21.73,408292.01,48.5,14.18,65.85,31.15,21.45,29.45,0.447,1760.53,24.78
Eastern Asia,2021,120908968,14.54,1758016.39,22.29,21.17,90.82,14.62,13.05,8.58,0.631,4702.17,72.23
Northern America,2020,196507377,17.26,3391717.33,56.76,55.33,65.09,21.31,11.43,12.49,0.772,46201.19,66.75
Northern Africa,2021,205008518,13.76,2820917.21,40.23,30.57,44.04,38.91,49,7.74,0.134,56383.66,20.01
South-Eastern Asia,2020,86462514,27.2,2351780.38,54.11,26.72,51.32,24,18.97,9.67,0.263,68839.85,78.15
Eastern Asia,2024,67738757,7.79,527684.92,77.63,30.79,95.26,15.72,42.02,27.91,0.049,21186.51,68.4
Northern Africa,2021,143094769,16.93,2422594.44,6.95,5.94,69.87,24.98,17.17,11.08,0.107,69252.85,46.77
Northern America,2022,11968060,25.02,299440.86,20.88,6.61,64.5,37.65,24.97,20.1,0.597,5821.68,16.42
Northern Africa,2022,202133390,9.86,1993035.23,12.65,5.91,27.15,24.07,16.32,17.34,0.965,35039.51,15.72
Latin America and the Caribbean,2024,25034788,28.25,707232.76,31.97,24.7,38.19,11.64,57.08,16.07,0.433,68893.24,91.09
Sub-Saharan Africa,2023,113970870,28.48,3245890.38,17.16,16.15,22.14,36.55,61.16,2.72,0.273,68608.28,40.83
Sub-Saharan Africa,2022,56452375,22.46,1267920.34,68.63,41.3,86.28,31.18,20.69,29.46,0.028,3802.39,31.79
Western Asia,2023,214062206,23.34,4996211.89,63.28,42.43,5.7,24.42,54.37,20.15,0.308,49504.7,51.73
Northern Africa,2020,213253368,5.6,1194218.86,5.81,3.98,75.93,38.75,17.29,6.12,0.164,53449.38,95.37
Southern Asia,2024,94403105,21.28,2008898.07,49.38,3.67,75.26,39.07,65.35,18.05,0.086,38054.61,80.29
South-Eastern Asia,2024,222052214,4.49,997014.44,72.29,11.36,42.25,35.06,48.98,9.34,0.601,55730.53,81.78
Sub-Saharan Africa,2021,79993360,13.82,1105508.24,51.93,44.09,6.41,33.8,9.01,11.74,0.215,13720.99,21.45
Sub Saharan Africa,2020,228690768,13.13,3002709.78,59.6,25.37,10.71,11.03,27.69,16.15,0.952,23695.51,71.86
South-Eastern Asia,2024,11359697,27.38,311028.5,70.64,41.85,57.39,18.26,54.06,9.84,0.491,51674.39,67.93
Northern Africa,2024,233658667,18.59,4343714.62,,28.37,17.65,23.65,23.2,9.98,0.982,31622.94,57.26
Sub-Saharan Africa,2022,151661778,15.46,2344691.09,6.24,5.92,80.47,17.1,27.47,4.42,0.317,53270.26,71.05
Sub-Saharan Africa,2021,195490348,21.11,4126801.25,19.22,8.62,34.07,14.66,46.32,22.91,0.125,68751.19,81.23
Europe,2023,80286981,13.52,1085479.98,26.62,3.25,21.76,18,66.08,9.46,0.868,55005.73,54.76
Europe,2024,215881624,26.9,5807215.69,62.39,29.6,88.83,17.68,8.07,14.9,0.603,58037.71,64.84
Sub-Saharan Africa,2023,128204158,3.67,470509.26,,33.55,63.02,19.78,63.38,4.76,0.716,24490.97,75.57
Southern Asia,2021,106884241,29.58,3161635.85,63.03,31.66,40.98,23.78,15.86,27.92,0.862,45902.69,83.47
Central Asia,2023,77687000,21.44,1665609.28,,30.94,90.2,33.37,22.15,28.86,0.595,64511.11,30
Europe,2021,61852528,21.07,1303232.76,47.37,23.06,80.98,31.51,36.68,9.55,0.299,65447.02,70.96
Europe,2022,205298987,2.33,478346.64,,9.08,92.25,39.78,50.72,5.86,0.676,31117.38,96.15
Latin America and the Caribbean,2022,172188548,10.27,1768376.39,26.33,4.92,18.62,30.52,39.5,0.65,0.984,1918.89,41.55
Europe,2022,36939701,6.27,231611.93,7.38,4.94,20.77,11.27,57.42,31.62,0.575,46460.19,31.39
Southern Asia,2022,136102968,25.02,3405296.26,21.33,12.14,26.85,17.26,22.47,0.98,0.861,51856.95,37.04
Europe ,2023,233464684,14.18,3310529.22,26.63,18.53,16.52,28,11.97,34.13,0.882,32482.58,58.69
Oceania,2021,169153093,29.66,5017080.74,74.27,15.95,67.66,38.66,9.59,7.84,0.925,59204.8,
Oceania,2023,51399240,11.27,579269.43,80.9,18.86,67.08,30.78,17.45,0.12,0.746,16268.89,77.95
Northern America,2022,41005027,4.15,170170.86,21,17.61,14.67,16.95,22.96,9.9,0.738,67360.66,83.39
Europe,2023,87985814,28.72,2526952.58,26.55,4.53,12.05,29.54,28.03,32.38,0.895,11818.3,20.43
Northern America,2023,140275147,12.13,1701537.53,41.99,16.22,0.55,10.32,7.08,30.42,0.368,76260.1,71.19
Latin America and the Caribbean,2022,50988547,11.18,570051.96,56.02,8.17,50.16,26.14,17.95,3.71,0.752,75920.63,54.39
Sub-Saharan Africa,2020,44567943,14.29,636875.91,14.49,8.38,90.81,11.32,54.63,14.68,0.982,25552.82,40.97
Central Asia,2024,67051522,6.82,457291.38,82.48,16.95,36.03,12.8,10.17,16.81,0.458,2009.06,39.87
Central Asia,2020,191749020,5.03,964497.57,47.02,10.37,16.18,26.15,14.02,17.54,0.068,29188.8,33.7
Northern America,2023,35919968,7.05,253235.77,75.82,39,79.2,16.19,39.61,18.19,0.372,66150.93,88.59
Northern Africa,2020,203024356,8.94,1815037.74,25.64,13.19,81.98,21.74,69.34,18.2,0.088,13122.38,86.55
Europe,2020,44904315,8.92,400546.49,,21.43,92.33,14.93,43.54,11.34,0.193,39875.93,80.6
Europe,2024,246320870,22.99,5662916.8,29.57,20.94,76.29,34.97,6.76,13.62,0.085,44490.01,89.63
Eastern Asia,2021,51683583,20.87,1078636.38,36.54,22.98,49.89,39.07,24.47,18.23,0.475,64987.52,56.17
South-Eastern Asia,2022,213765792,27.88,5959790.28,12.87,3.94,62.01,39.92,45.08,25.06,0.202,44491.32,89.16
Europe,2022,184515385,6.7,1236253.08,72.31,20.34,75.73,17.35,23.05,34.78,0.886,29670.54,57.41
Western Asia,2022,233736085,8.15,1904949.09,46.73,19.33,75.27,13.78,40.81,33.3,0.147,,31.06
Europe,2023,138665112,4.12,571300.26,80.88,18.48,18.62,16.81,10.61,0.84,0.441,74020.33,97.1
Latin America and the Caribbean,2022,20261367,4.64,94012.74,65.1,4.83,28.1,39.36,67.59,30.62,0.439,5751.73,79.03
Northern America,2021,24838950,12.58,312473.99,61.98,6.63,16.78,27.12,26.12,10.25,0.98,9726.86,18.48
Southern Asia,2022,152516655,3.3,503304.96,29.2,17.99,51.06,18.42,20.58,32.21,0.187,25624.89,31.56
Central Asia,2021,145957821,27.07,3951078.21,26.99,10.29,72.32,12.37,8.52,7.6,0.723,68748.77,15.75
Latin America and the Caribbean,2023,179854785,21.93,3944215.44,83.07,16.8,2.35,26.75,66.86,3.94,0.237,69993.09,75.51
South-Eastern Asia,2020,192097337,6.25,1200608.36,28.25,17.14,51.77,22.92,65.8,30.95,0.899,26413.24,78.47
Europe,2022,76569965,-2.38,182236.52,80.59,57.16,86,33.32,60.82,25.57,0.562,14891.78,39.15
Southern Asia,2023,241454926,23.36,5640387.07,74.08,52.27,72.89,34.64,60.09,26.32,0.3,36293.44,15.87
Oceania,2022,198961450,3.07,610811.65,36.1,24.06,47.34,11.17,31.16,11.68,0.237,9394.51,
Eastern Asia,2024,54469105,3.2,174301.14,6.86,6.74,31.61,12.86,52.42,14.46,0.07,13953.53,37.74
Latin America and the Caribbean,2023,23011111,16.82,387046.89,6,3.39,19.77,25.78,64.48,10.98,0.417,75154.13,33.55
Sub-Saharan Africa,2021,105181925,10.66,1121239.32,60.63,9.69,16.78,38.36,20.54,34.91,0.423,,42.77
Northern America,2020,146685951,16.78,2461390.26,22.76,4.19,31.8,33.61,66.71,26.57,0.711,67226.59,86.11
Northern Africa,2024,162520093,9.23,1500060.46,29.53,5.85,37.57,29.35,50.36,8.46,0.787,52798.97,84.02
Europe,2023,86097680,6.28,540693.43,62.92,27.17,52.37,38.13,38.33,13.58,0.29,51948.7,88.52
Northern America,2023,157716929,3.45,544123.41,78.86,73.56,12.38,37.44,32.39,16.85,0.154,69941.84,90.95
Northern Africa,2020,122962864,22.96,2823227.36,80.04,38.14,55.66,38,49.74,33.85,0.474,41603.46,96.46
Oceania,2021,79410427,29.43,2337048.87,69.92,52.22,13.95,21.96,61.63,27.82,0.464,12979.19,40.25
Western Asia,2024,187299729,9.48,1775601.43,56.78,54.59,36.95,38.84,6.91,7.28,0.809,57288.86,34.87
Latin America and the Caribbean,2020,71497123,26.38,1886094.1,30.58,28.75,34.9,11.48,34.65,1.02,0.319,835.52,67.29
Northern America,2024,185891909,-7.37,1370023.37,47.49,15.35,76.86,11.24,46.46,30.59,0.879,68397.7,61.47
Europe,2020,214981785,15.45,3321468.58,83.14,55.42,34.91,33.37,14.79,2.34,0.927,59996.04,88.3
Northern America,2024,91092857,8.54,777933,30.82,6.88,55.26,29.39,47.13,21.77,0.041,46848.44,51.36
Latin America and the Caribbean,2021,156273533,19.97,3120782.45,,82.93,22.06,28.57,11.66,4.3,0.677,78405.46,52.03
Northern Africa,2024,200892325,17.4,3495526.45,80.46,46.68,95.76,39.39,59.29,13.8,0.287,56507.96,71.73
Eastern Asia,2022,13131538,16.39,215225.91,76.62,42.84,36.79,38.41,14.13,10.45,0.783,,93.62
Latin America and the Caribbean,2023,142781922,2.27,324114.96,20.06,17.58,10.55,10.14,31.64,1.71,0.027,17833.16,81.23
Europe,2022,N/A,27.23,2733553.04,7.44,6.52,58.43,28.47,56.11,0.53,0.398,37419.49,33.98
Northern Africa,2022,187166022,27.43,5133963.98,,16.8,12.39,12.93,35.19,25.22,0.862,57117.76,80.37
South-Eastern Asia,2022,90172717,9.93,895415.08,34.52,14.86,48.75,11.8,64.36,12.86,0.09,70749.23,55.54
Central Asia,2020,58278230,19.05,1110200.28,71.33,41.79,70.79,24.96,23.24,6.08,0.513,52553.45,72.43
Central Asia,2022,89591282,25.73,2305183.69,62.24,47.25,65.08,37.3,47.42,22.01,0.698,unknown,49.02
Europe,2022,38710417,22.75,880661.99,27,18.95,48.43,39.89,15.13,10.64,0.999,26489.01,54.85
Oceania,2020,16270017,8.76,142525.35,50.54,46.27,11.07,25.39,49.39,32.42,0.337,6048.53,50.69
Central Asia,2024,46747917,12.32,575934.34,53.09,6.59,8.24,23.15,32.11,10.66,0.897,78518.48,68.18
Central Asia,2020,211847092,10.24,2169314.22,81.02,67.82,44.7,28.57,14.72,5.01,0.486,4453.35,46.2
South-Eastern Asia,2024,121930478,27.49,3351868.84,49.23,34.4,1.98,10.33,9.01,7.48,0.664,12118.15,27.67
Central Asia,2022,135061625,18.69,2524301.77,14.43,11.67,38.94,12.2,51.32,27.08,0.331,21812.34,86.77
Central Asia,2024,170970609,24.44,4178521.68,53.01,19.48,18.09,25.46,21.42,27.19,0.839,3543.82,93.71
Europe,2024,125839981,7.95,1000427.85,44.14,16.25,4.07,13.69,56.32,19.34,0.134,62347.58,53.76
Latin America and the Caribbean,2020,153660922,-13.03,2002201.81,22.44,13.57,8.35,15.63,32.97,2.21,0.423,4457.62,
Central Asia,2021,97728236,17.22,1682880.22,21.17,9.56,57.44,28.33,40.36,20.2,0.787,31737.91,64.95
Oceania,2020,23138186,6.31,146001.95,12.9,7.85,86.05,17.58,49.83,14.94,0.3,72161.93,57.1
Eastern Asia,2022,171546403,28.18,4834177.64,67.33,15.89,27.65,26.85,20.3,16.87,0.014,36167.19,39.59
Oceania,2021,48847480,26.88,1313020.26,54.82,15.88,2.08,28.77,17.63,29.72,0.046,12288.05,18.72
Europe ,2020,194034415,21.46,4163978.55,59.21,48.43,28.53,14.59,14.22,24.93,0.454,3716.49,67.22
South-Eastern Asia,2024,180023185,2.66,478861.67,36.3,28.65,99.1,13.54,11.26,30.5,0.168,9288.76,50.22
Northern Africa,2020,197490944,20.1,3969567.97,51.72,14.98,33.55,26.22,22.35,1.4,0.795,28724.81,62.25
Europe,2023,16964494,14.35,243440.49,24.99,10.87,14.69,16.66,46.26,8.24,0.964,46981.26,55.41
Western Asia,2022,237848897,22.52,5356357.16,33.46,12.26,99,11.05,34.77,24.67,0.943,56423.13,84.84
Central Asia,2022,111468945,10.16,1132524.48,65.68,6.24,26.84,24.18,50.17,26.57,0.316,78176.46,19.45
Central Asia,2023,50650245,28.86,1461766.07,37.01,28.99,45.2,19.16,35.86,0.61,0.739,72487.17,68.11
Oceania,2022,226084125,27.61,6242182.69,72.94,8.6,24.27,25.07,31.1,3.72,0.871,,38.28
Northern Africa,2021,158745851,20.33,3227303.15,56.4,43.29,46.7,21.07,50.87,9.88,0.748,50919.73,18.17
Northern Africa,2024,223725146,20.98,4693753.56,16.56,12.59,7.89,30.44,29.91,18.75,0.436,25545.61,15.81
Sub-Saharan Africa,2020,85648027,13.16,1127128.04,66.66,49.97,69.7,31.45,35.74,18.83,0.35,67850.24,62.33
South-Eastern Asia,2021,160320909,26.43,4237281.62,55.76,33.76,10.44,33.36,62.06,5.73,0.345,11066.06,23.74
Latin America and the Caribbean,2024,116925760,6.37,744817.09,84.98,19.18,10.62,26.56,37.91,22.26,0.047,11275.92,86.23
Central Asia,2021,108782928,3.53,384003.74,62.87,14.06,91.9,30.27,14.56,12.01,0.108,50113.18,76.79
Latin America and the Caribbean,2020,209329873,4.85,1015249.88,45.84,6.49,14.29,32.75,19.38,14.26,0.465,3711.88,16.17
Northern America,2024,190385744,27.66,5266069.68,67.47,52.76,56.12,14.67,51.72,3.38,0.382,48352.4,33.75
Sub-Saharan Africa,2021,106252832,7.9,839397.37,12.4,9.41,61.12,32.29,47.84,29.73,0.708,71673.17,47.63
Northern America,2020,15259219,13.01,198522.44,68.05,47.01,90.99,21.12,6.64,21.2,0.156,5515.64,27.41
Oceania,2023,63789106,19.61,1250904.37,13.75,5.7,34.63,35.01,15.75,24.29,0.028,78732.42,84.08
Southern Asia,2022,20405701,25.46,519529.15,65.06,33.3,51.22,24.52,6.45,5.45,0.985,64433.65,
Sub Saharan Africa,2022,201676388,8.86,1786852.8,,4.13,7.07,29.12,30.62,2.62,0.508,19399.6,22.05
Europe,2023,117543575,28.52,3352342.76,,26.31,34.57,28.54,18.55,31.3,0.37,60834.91,50.9
Europe ,2024,246098631,-15.8,3888358.37,69.38,27.52,56.05,38.69,24.33,8.27,0.102,36625.03,51.58
Eastern Asia,2022,69888723,15.04,1051126.39,42.92,36.66,92.13,16.61,57.31,28.34,0.538,19545.94,53.28
Sub Saharan Africa,2022,110954363,9.67,1072928.69,28.55,19.16,63.17,10.76,22.14,26.88,0.534,19869.31,51.73
Western Asia,2023,247268285,27.74,6859222.23,18.35,15.99,89.25,36.84,18.39,20.12,0.653,30646.37,54.17
Western Asia,2021,117486151,6.38,749561.64,50.38,20.94,23.62,19.24,14.95,33,0.184,54366.23,58.91
Sub-Saharan Africa,2021,248285520,25.57,6348660.75,6.57,4.39,29.37,22.61,62.27,13.56,0.429,,42.87
Latin America and the Caribbean,2023,98913053,28.95,2863532.88,79.12,30.35,65.68,34.56,51.39,5.29,0.531,32995.9,71.23
Oceania,2024,33677026,7.79,262344.03,22.03,5.68,70.92,11.68,42.2,31.77,0.972,38120.57,34.96
Northern America,2022,117955388,18.33,2162122.26,43.81,17.18,76.2,30.56,13.26,23.97,0.136,29693.29,89.84
Western Asia,2024,180336332,24.09,4344302.24,79.57,74.67,7.15,34.14,61.08,0.48,0.825,19574.89,45.48
Europe,2023,21683879,6.76,146583.02,25.15,21.69,13.83,31.41,50.53,1.4,0.875,25054.62,61.35
South-Eastern Asia,2021,208775663,22.08,4609766.64,24.74,8.65,69.29,29.98,35.44,17.83,0.471,1677.99,70.42
Sub-Saharan Africa,2020,232697808,12.98,3020417.55,33.04,25.38,49.73,34.28,34.12,10.68,0.896,55327.79,70.55
Eastern Asia,2023,93540513,2.82,263784.25,9.28,3.05,39.07,13.23,58.84,0.91,0.841,21619.32,62.3
Southern Asia,2023,131574257,13.6,1789409.9,43.35,33.65,98.72,12.42,57.23,20.95,0.569,14565.95,25.03
Northern Africa,2023,179512533,27.53,4941980.03,18.64,16.15,17.39,24.86,19.36,34.77,0.347,9335.29,60.84
Europe,2024,230241917,11.65,2682318.33,52.71,33.43,49.25,21.02,63.23,29.44,0.699,5489.15,92.77
Northern Africa,2020,31826065,10.2,324625.86,54.29,20.59,85.82,22.36,69.07,22.43,0.842,21832.82,71.15
Eastern Asia,2021,183895149,17.62,3240232.53,33.81,30.78,42.92,15.92,16.01,7.56,0.271,37761.56,24.08
Europe,2024,23491731,29.48,692536.23,11.71,9.39,74.46,21.41,44.95,21.17,0.371,58834.38,40.02
Eastern Asia,2023,N/A,19.91,2830098.27,73.84,6.57,45.11,33.86,31.77,15.39,0.706,68607.19,41.67
Southern Asia,2024,60986803,7.21,439714.85,20.7,14.73,90.77,11.72,61.47,16.71,0.113,15726.42,34.29
Southern Asia,2022,248592254,18.91,4700879.52,84.45,74.53,56.89,35.41,38.56,16.04,0.149,12808.56,86.76
Oceania,2022,30388366,14.17,430603.15,83.64,56.54,83.78,35.45,8.47,17.28,0.701,34968.23,93.77
Southern Asia,2021,63723124,17.42,1110056.82,41.89,12.04,59.52,10.35,13.06,34.11,0.538,46271.41,67.74
Central Asia,2024,48165332,9.89,476355.13,9.12,6.32,71.7,33.31,59.49,14.97,0.042,59224.66,22.06
Sub-Saharan Africa,2021,220954701,20.05,4430141.76,80.43,45.57,60.88,28.36,68,11.98,0.832,16139.25,30.44
Oceania,2024,38149745,24.19,922842.33,44.79,12.48,0.96,25.12,23.74,18.58,0.521,11806.74,24.84
Central Asia,2023,50043819,29.09,1455774.69,38.48,9.14,73.88,37.86,37.67,30.62,0.74,20471.37,39.98
Europe,2020,196063700,23.58,4623182.05,20.07,13.93,92.16,19.53,25.73,0.01,0.907,68325.66,41.62
Sub-Saharan Africa,2021,45108720,26.84,1210718.04,,45.96,73.5,38.59,51.81,12.41,0.092,73283.69,27.58
Sub-Saharan Africa,2022,35687109,23.37,834007.74,39.7,35.29,34.04,28.01,38.74,12.06,0.666,54025.31,37.34
South-Eastern Asia,2020,109103900,27.42,2991628.94,69.46,21.62,79.41,26.61,54.7,32.1,0.818,,84.51
South-Eastern Asia,2020,114942361,13.65,1568963.23,77.05,10.38,62.75,15.47,46.77,28.61,0.91,56818.97,72.53
Latin America and the Caribbean,2022,35741830,19.97,713764.35,83.85,54.81,42.78,21.16,41.87,0.88,0.341,unknown,17.75
Northern Africa,2024,237130967,15.91,3772753.68,11.58,3.53,26.52,25.88,10.06,26.11,0.243,40029.16,62.23
Central Asia,2020,82176278,7.51,617143.85,60.97,9.62,12.23,13.28,44.12,0.83,0.656,72290.42,97.65
Southern Asia,2021,84266585,17.6,1483091.9,10.89,5.43,90.73,14.93,6.14,15.67,0.025,44443.21,59.96
Central Asia,2021,114191840,20.48,2338648.88,5.06,3.36,46.24,35.15,14.87,27.48,0.572,,28.94
Sub-Saharan Africa,2024,103292980,21.99,2271412.63,41.72,38.26,24.4,33.22,37.55,30.14,0.548,31140.67,
Sub-Saharan Africa,2022,62904929,25.07,1577026.57,82.29,59.55,41.35,33.86,60.66,2.06,0.152,38633.95,68.64
Southern Asia,2020,53217434,5.24,278859.35,75.72,37.45,71.7,16.97,18.66,14.52,0.973,23684.84,51.93
Eastern Asia,2021,196277739,22.11,4339700.81,65.27,24.37,89.67,22.88,56.84,0.5,0.88,43004.38,17.55
Latin America and the Caribbean,2024,152343972,29.62,4512428.45,36.69,15.5,11.46,37.68,60.02,24.08,0.184,55922.68,36.63
Latin America and the Caribbean,2024,167171900,7.41,1238743.78,71.47,61,30.64,22.58,15.24,26.82,0.08,2536.78,16.77
Northern Africa,2020,35878742,9.72,348741.37,,79.38,42.18,10.74,50.83,8.83,0.693,8320.44,69.46
Northern Africa,2022,156813487,25.95,4069309.99,41.76,41.74,53.98,31.23,58.78,2.67,0.659,,77.91
Western Asia,2020,129689137,2.78,360535.8,42.12,5.14,17.46,30.33,15.23,18.4,0.923,54898.99,31.66
South-Eastern Asia,2024,110964512,24.24,2689779.77,22.54,6.57,15.57,27.08,23.29,2.11,0.582,64610.81,78.36
South-Eastern Asia,2020,155498804,20.59,3201720.37,59.54,59.24,31.64,35.23,50.28,20.53,0.772,59285.92,51.72
Central Asia,2022,37424763,10.31,385849.31,64.12,3.07,14.25,29.1,7.31,22.44,0.22,28314.57,29.11
Oceania,2024,198407029,8.7,1726141.15,35.69,21.72,16.72,27.14,37.37,19.69,0.988,53413.41,38.84
Eastern Asia,2024,66549471,25.42,1691687.55,62.97,56.27,31.12,25.04,29.94,22.74,0.395,32136.07,51.39
Northern Africa,2023,86556333,23.05,1995123.48,27.88,25.06,29.49,10.19,64.84,14.26,0.361,22660.68,35.41
Northern Africa,2024,161874202,9.78,1583129.7,47.22,19.74,97.11,28.09,37.45,24.34,0.679,,
Latin America and the Caribbean,2023,197866285,13.14,2599962.98,28.15,6.11,27.7,17.91,35.83,34.49,0.936,58748.7,38.84
Europe,2020,167879600,3.1,520426.76,82.87,30.32,24.02,11.35,47.54,12.33,0.353,67310.6,34.46
Southern Asia,2022,146526695,25.52,3739361.26,28.32,15.94,35.22,17.12,29.27,17.14,0.402,75007.5,36.45
Oceania,2021,139525448,21.15,2950963.23,62.05,39.74,80.04,30.54,26.89,14.28,0.025,,63.94
Eastern Asia,2020,109613860,13.25,1452383.65,10.01,6.32,5.42,12.31,25.12,8.22,0.666,77473.38,27.93
Latin America and the Caribbean,2023,192606133,27.2,5238886.82,31.83,11.53,15.08,39.63,7.89,22.44,0.014,unknown,84.58
Latin America and the Caribbean,2022,68396576,9.01,616253.15,39.03,3.67,78.18,10.52,53.77,7.61,0.083,45176.05,
Eastern Asia,2021,124949691,2.2,274889.32,52.82,47.09,65.83,36.94,14.22,12.17,0.943,28271.81,19.5
Eastern Asia,2020,184471438,5.09,938959.62,69.56,6.09,68.15,18.56,57.62,16.66,0.31,20724.02,69.35
Western Asia,2020,185597696,24.79,4600966.88,8.74,3.91,53.24,24.66,16.99,19.37,0.913,,18.58
Northern Africa,2020,242516242,21.45,5201973.39,56.63,24.12,25.86,36.71,20.86,22.11,0.408,55234.58,86.23
South-Eastern Asia,2020,139438058,5.81,810135.12,26.52,14.94,18.8,26.29,16.9,28.69,0.373,79201.72,83.19
Eastern Asia,2021,208844723,12.13,2533286.49,36.91,22.08,58.53,14.91,20.65,23.09,0.186,40641.2,53.78
Sub-Saharan Africa,2020,158448950,29.28,4639385.26,34.33,9.31,25.1,26.55,62.14,27.34,0.508,32487.66,32.1
Northern Africa,2022,45688319,10.97,501200.86,,4.46,89.1,38.59,7.81,33.61,0.537,27318.54,18.27
Northern America,2024,199334255,15.15,3019913.96,33.22,20.56,58.51,34.01,28.44,0.24,0.489,67712.75,27.18
Europe,2020,15650803,3.37,52743.21,24.42,10.08,57.88,31.57,57.55,33.33,0.841,71288.79,92.65
Northern Africa,2024,112731405,12.91,1455362.44,25.87,11.09,14.03,10.42,24.37,4.99,0.145,29330.25,36.14
Northern America,2023,180742654,13.71,2477981.79,28.4,25.11,51.02,34.83,52.78,1.41,0.09,73533.11,34.71
Southern Asia,2022,64584574,12.29,793744.41,13.79,8.06,13.46,25.41,44.34,13.35,0.423,31373.13,40.72
Eastern Asia,2023,63924835,4.49,287022.51,7.6,5.17,28.15,12.6,48.56,7.6,0.695,46463.93,66.43
Western Asia,2024,158046733,16.78,2652024.18,48.23,36.53,0.48,38.73,37.75,0.08,0.136,20988.42,78.17
Northern America,2021,22064949,10.38,229034.17,,39.3,1.51,15.47,23.75,6.07,0.397,53382.93,
Southern Asia,2024,183098174,17.96,3288443.21,74.7,25.17,98.06,11.67,8.31,9.62,0.621,48295.68,96.98
Latin America and the Caribbean,2023,5499408,10.35,56918.87,16.44,4.88,49.63,22.98,7.88,3.55,0.528,75517.12,70.89
Southern Asia,2022,228401481,9.38,2142405.89,44.52,23.65,54.9,20.46,51.08,14.88,0.831,,51.11
Central Asia,2022,55023723,25.49,1402554.7,56.29,26.89,57.31,27.26,41.81,26.98,0.534,50361,63.59
Sub-Saharan Africa,2020,184640689,5.88,1085687.25,34.11,26.25,73.39,17.82,41.5,21.81,0.235,58333.48,84.53
Eastern Asia,2024,1197229,27.36,32756.19,75.24,23.75,8.5,29.34,15.64,5.6,0.065,27278.58,55.27
Northern Africa,2020,35700944,23.84,851110.5,7.23,5.86,47.02,15.24,10.78,25.95,0.809,15812.45,84.27
South-Eastern Asia,2022,167330939,16.13,2699048.05,52.82,22.45,89.12,30.52,37.07,30.61,0.483,44255.21,29.33
Sub Saharan Africa,2023,190054792,28.05,5331036.92,51.1,26.55,26.99,34.04,12.04,10.38,0.293,12095.56,34.62
Northern Africa,2021,96180825,26.65,2563218.99,68.76,68.04,62.67,16.73,66.78,20.55,0.42,55939.06,70.87
Latin America and the Caribbean,2024,43528584,5.5,239407.21,28.99,9.8,41.22,22.07,66.82,3.98,0.744,23179.89,92.78
Sub-Saharan Africa,2024,108384601,17.06,1849041.29,31.79,24.94,47.86,17.18,55.22,10.11,0.023,57875.2,31.05
Western Asia,2023,210487446,23.25,4893833.12,31.99,28.65,95.25,27.48,63.08,14.05,0.876,57270.38,75.62
Northern America,2022,214474431,26.96,5782230.66,22.44,4.7,62.08,22.42,68.63,9.39,0.218,27151.35,87.15
South-Eastern Asia,2022,107300667,-19.02,2040858.69,51.15,18.34,30.82,30.01,38.69,23.74,0.835,27107.14,95.15
Southern Asia,2024,240668562,5.82,1400691.03,74.82,37.96,32.82,19.39,62.77,9.47,0.665,44054.33,52.13
Southern Asia,2022,42010363,26.39,1108653.48,36.38,27.97,25.85,30.6,42.15,0.91,0.437,23033.89,60.23
Northern Africa,2020,172363992,24.97,4303928.88,54.03,24.5,42.3,22.56,37.08,15.31,0.526,,25.51
Sub-Saharan Africa,2023,38397856,20.17,774484.76,54.42,5.26,81.91,28.93,7.61,10.08,0.441,20282.58,30.07
South-Eastern Asia,2020,93745644,28,2624878.03,12.84,4.49,90.36,31.82,18.62,11.89,0.024,62215.34,20.26
Latin America and the Caribbean,2021,27448349,23.88,655466.57,65.96,45.41,44.76,29.83,56.65,6.29,0.977,45469.93,25.71
Sub-Saharan Africa,2020,2634706,12.2,32143.41,70.39,47.38,42.05,37.97,62.89,6.81,0.287,64926.08,97.37
Northern Africa,2024,227350057,23.86,5424572.36,63.74,24.79,94.06,16,6.98,30.22,0.226,33605.36,50.91
Eastern Asia,2024,180108294,5.45,981590.2,36.81,25.18,6.81,17.96,5.51,2.65,0.668,49113.31,65.83
Western Asia,2024,71082544,13.21,939000.41,30.99,28.74,17.81,16.9,42.66,18.97,0.828,57464.22,33.21
Southern Asia,2024,116124704,11.93,1385367.72,67.29,48.05,62.3,29.68,47.33,10.17,0.746,79846.35,36.87
Central Asia,2022,134653871,7.04,947963.25,13.09,3.83,38.75,11.27,52.13,27.8,0.89,,57.52
Europe ,2022,32169073,16.84,541727.19,35.73,3.39,41.45,19.87,68.01,3.53,0.614,53202.97,
Northern Africa,2024,29680391,2.63,78059.43,150,74.1,62.96,10.38,47.02,0.98,0.576,26888.34,48.63
Oceania,2024,234158129,25.02,5858636.39,37.69,27.02,16.24,33.16,45.03,18.11,0.87,58615.39,82.53
Sub-Saharan Africa,2023,77565224,13.44,1042476.61,150,5.09,7.88,19.5,20.01,26.12,0.324,9845.39,28.62
Europe,2021,136101259,17.32,2357273.81,29.79,20.82,12.91,14.4,6.44,25.15,0.518,45976.38,84.15
Central Asia,2024,150479512,6.22,935982.56,16.86,10.23,45.39,35.58,15.2,26.25,0.529,17349.54,58.95
Northern America,2024,236228580,23.81,5624602.49,,43.61,11.18,32.62,10.72,7.28,0.023,63998.51,80.43
Central Asia,2022,10337312,24.76,255951.85,14.25,3.87,44.74,12.14,69.75,14.95,0.575,36750.4,74.69
Sub-Saharan Africa,2023,113693824,24.44,2778677.06,51.87,38.74,79.48,23.73,32.86,25.56,0.633,,
Northern America,2024,211456131,19.35,4091676.13,25.56,23.65,45.8,27.5,7.8,1.38,0.015,13816.44,45.04
Latin America and the Caribbean,2020,222620468,9.5,2114894.45,9.32,6.22,28.68,25.27,28.45,7.2,0.451,48885.78,66.55
Western Asia,2021,64139074,10.46,670894.71,58.56,3.33,69.6,37.61,5.11,0.01,0.269,,70.15
Central Asia,2024,105477436,15.02,1584271.09,24.11,19.26,68.83,11.39,45.05,7.48,0.688,1742.88,50.81
Sub-Saharan Africa,2023,141103326,15.44,2178635.35,5.62,3.8,59.44,10.64,9.06,6.47,0.773,73958.24,18.85
Northern America,2024,69989119,23.63,1653842.88,,26.94,40.1,18.2,24.66,18.11,0.218,17644.18,
Latin America and the Caribbean,2024,140050438,12.68,1775839.55,66.32,56.73,49.43,39.71,25.13,8.56,0.772,53343.33,48.72
Central Asia,2020,155263828,23.05,3578831.24,82.12,10.67,38.69,39.25,66.7,21.11,0.082,76957.51,37.73
Eastern Asia,2021,144415408,26.32,3801013.54,66.74,24.56,12.76,39.69,24.87,21.7,0.742,1181.69,91.46
Europe,2022,59789545,11.46,685188.19,50.36,10.72,2.89,10.49,56.45,11.24,0.461,63384.49,
Europe,2021,8037701,7.62,61247.28,29.54,7.42,72.55,33.64,49.66,8.35,0.968,74515.57,78.23
Northern America,2023,78097106,6.28,490449.83,49.04,28.89,52.21,14.68,27.2,30.59,0.577,17531.41,33.16
Southern Asia,2021,143938071,3.9,561358.48,71.02,19.08,5.69,37.05,9.17,18.73,0.178,,18.85
Northern Africa,2023,93720639,19.97,1871601.16,76.9,72.72,68.02,29.49,28.65,17.04,0.245,19157.25,77.25
Latin America and the Caribbean,2020,242095578,26.56,6430058.55,17.24,9.52,12.6,25.93,69.65,15.27,0.925,unknown,32.96
Oceania,2023,132839082,23.82,3164226.93,53.45,20.85,84.23,38.58,28.72,15.33,0.141,74193.87,32.81
Northern Africa,2024,123524892,11.3,1395831.28,46.49,32.86,9.7,11.17,15.99,18.03,0.083,52017.8,56.07
Southern Asia,2024,181951973,24.29,4419613.42,76.98,76.47,36.16,37.27,51.18,20.59,0.697,25344.03,86.77
Sub Saharan Africa,2023,103373659,5.94,614039.53,47.91,36.6,12.94,33.34,9.6,28.55,0.033,51198.12,48.39
Eastern Asia,2023,61356435,22.96,1408743.75,84.4,58.64,44.2,23.79,30.76,13.08,0.458,21839.11,94.47
South-Eastern Asia,2023,224856887,15.63,3514513.14,,16.17,4.28,38.65,14.36,28.72,0.892,51919.14,47
Oceania,2021,83706035,3.62,303015.85,31.03,16.01,73.6,15.66,16.73,31.47,0.164,53413.76,67.62
Sub-Saharan Africa,2020,232891001,17.05,3970791.57,71.74,47.79,1.56,12.19,36.53,28.11,0.313,54746.5,59.66
Southern Asia,2023,83143598,8.3,690091.86,32.23,17.44,45.69,34.21,13.73,1.11,0.843,28489.49,68.55
South-Eastern Asia,2021,68239239,3.24,221095.13,7.01,3.02,13.77,12.72,51.9,1.72,0.652,24754.29,51.57
Latin America and the Caribbean,2020,148416986,6.6,979552.11,69.71,30.4,22.44,23.16,29.27,3.42,0.005,58793.64,44.85
Northern America,2024,124115004,15.3,1898959.56,51.48,18.91,50.76,38.94,28.34,1.86,0.462,47685.54,31.84
Europe,2024,110201447,25.17,2773770.42,17.77,7.54,51.15,37.3,39.24,8.97,0.687,63200.81,40.31
Northern Africa,2024,238030285,9.92,2361260.43,34.25,14.85,72.28,23.09,58.36,14.05,0.671,35089.72,42.58
Europe,2022,87566023,13.24,1159374.14,8.97,7.47,14.13,24.86,58.86,11.75,0.971,unknown,34.23
Central Asia,2022,179872491,21.83,3926616.48,11.31,9.71,78.12,38.27,51.75,4.69,0.108,7675.47,50.52
Latin America and the Caribbean,2021,227342712,28.82,6552016.96,49.84,22.93,82.12,18.63,57.81,30.04,0.925,68638,76.72
Oceania,2024,167266215,27.18,4546295.72,5.81,4.09,73.65,18.98,65.94,25.99,0.843,66609.62,52.97
Sub-Saharan Africa,2023,214189006,8.03,1719937.72,23.62,21.72,72.19,32.75,67.88,29.24,0.417,24442.27,71.96
Southern Asia,2023,133026092,17.84,2373185.48,9.25,8.04,33.47,30.86,38,11.71,0.454,17970.74,18.99
Europe,2020,229407855,18.14,4161458.49,62.04,24.94,68.48,13.24,68.57,6.89,0.383,38342.61,41.56
Sub Saharan Africa,2020,139463114,13.07,1822782.9,20.51,8.58,38.2,36.09,49.53,24.6,0.253,,16.04
Latin America and the Caribbean,2021,163894117,19.84,3251659.28,17.51,17.32,54.06,23.61,34.18,22.5,0.491,3196.85,65.99
Latin America and the Caribbean,2023,238243299,-24.11,5744045.94,10.37,4.3,62.6,17.82,22.86,7.99,0.443,64401.1,26.03
Oceania,2023,243150304,13.53,3289823.61,74.09,51.81,92.76,14.59,49.32,11.65,0.087,29209.61,89.4
Oceania,2020,20931598,19.99,418422.64,,17.64,68.94,31.49,64.98,15.67,0.116,69139.79,95.18
Sub-Saharan Africa,2021,11938128,22.82,272428.08,,10.02,60.41,19.13,30.69,29.78,0.642,59536.02,96.23
Sub-Saharan Africa,2024,138447586,7.76,1074353.27,67.46,63.66,33.39,16.51,34.9,7.23,0.144,60856.15,68.32
Southern Asia,2023,63953495,24.23,1549593.18,24.03,14.74,73.78,36.44,67.24,5.6,0.335,1162.89,56.21
Sub-Saharan Africa,2024,143880011,8.62,1240245.69,79.75,68.89,35.41,25.47,29.21,34.95,0.681,30171.64,19.05
Central Asia,2020,16199170,2.47,40011.95,12.34,4.67,90.63,11.7,67.32,8.5,0.775,22675.11,33.14
Northern America,2023,26584232,7.68,204166.9,7.59,4.37,56.91,25.94,28.31,19.96,0.097,20531.32,16.43
Western Asia,2020,31782449,21.41,680462.23,25.45,18.52,98.66,21.54,20.67,31.34,0.325,50051.85,49.84
South-Eastern Asia,2023,188268052,16.82,3166668.63,41.86,38.72,90.07,13.51,20.38,1.88,0.023,43392.57,15.29
Western Asia,2021,216273739,10.25,2216805.82,25.5,10.66,88.53,38.19,68.29,10.85,0.555,2706.64,60.32
Northern America,2023,212616936,16.32,3469908.4,73.89,59.4,45.99,21.71,67.1,23.42,0.868,24570.38,
Latin America and the Caribbean,2023,113345272,20.33,2304309.38,34.01,30.66,50.25,29.39,41.9,2.14,0.331,32460.49,59.85
South-Eastern Asia,2021,42205414,20.75,875762.34,83.42,80.75,22.41,18.06,69.36,5.57,0.784,35717.91,93.94
Northern America,2023,166791076,2.81,468682.92,81.78,26.02,29.75,25.53,34.87,28.93,0.251,66537.02,59.41
Northern Africa,2020,112928123,20.32,2294699.46,84.99,63.01,43,30.78,62.03,8.53,0.164,40334.08,63.38
Eastern Asia,2021,126777164,28.96,3671466.67,84.44,25.22,49.74,11.22,33.82,1.14,0.621,64521.33,25.09
Western Asia,2021,173924330,4,695697.32,22.1,12.08,33.39,13.37,20.73,20.3,0.659,76063.81,
Western Asia,2023,93438958,4.51,421409.7,58.16,22.14,85.01,20.82,63.22,9.91,0.713,44579.55,38.95
Western Asia,2022,243288858,23.5,5717288.16,73.48,62.36,83.44,32.52,41.73,6.96,0.317,73416.07,17.66
Europe,2024,77606760,6.54,507548.21,12.75,7.18,45.37,25.24,64.3,26.4,0.414,73024.74,19.76
Oceania,2020,68740421,12.19,837945.73,28.07,24.46,66.72,27.11,32.83,18.81,0.724,76459.96,93.43
Eastern Asia,2022,36112776,7.83,282763.04,61.6,46.49,38.73,15.29,53.23,17.65,0.628,30238.34,42.93
Western Asia,2021,77286390,24.31,1878832.14,58.46,45.53,73.77,35.1,46.62,15.7,0.71,52577.2,74.16
Northern America,2022,185134066,2.56,473943.21,74.61,47.98,31.79,12.1,6.92,31.37,0.009,2266.91,30.91
Latin America and the Caribbean,2024,60249420,21.3,1283312.65,66.93,53.74,59.51,13.93,46.54,2.26,0.496,40865.46,55.74
South-Eastern Asia,2023,130841464,27.13,3549728.92,24.81,20.59,58.58,19.97,66.98,6.94,0.441,64191.11,19.68
Eastern Asia,2022,100585559,28.37,2853612.31,,8.14,33.74,15.81,16.75,34.56,0.624,29867.79,35.71
South-Eastern Asia,2022,230132252,27.67,6367759.41,44.63,29.09,50.95,33.38,28.65,10.63,0.662,43292.97,90.82
Central Asia,2023,77957024,22.32,1740000.78,,8.25,31.56,12.56,52.5,22.03,0.39,42802.59,84.68
Latin America and the Caribbean,2020,211737729,4.56,965524.04,8.94,4.71,24.49,32.67,32.48,19.18,0.616,7392.63,27.05
Southern Asia,2021,111508347,29.99,3344135.33,71.98,60.75,81.88,22.65,26.11,28.16,0.383,37749.54,
Northern Africa,2023,223900707,6.1,1365794.31,18.29,16.25,33.62,38.44,36.17,10.04,0.286,51441.7,71.1
South-Eastern Asia,2022,66981769,13.45,900904.79,57.27,47.34,59.69,33.59,23,19.96,0.344,19061.4,95.66
Europe,2022,154795659,12.12,1876123.39,66.74,66.38,11.11,13.49,9.87,0.5,0.144,44544.35,36.57
Western Asia,2023,65190913,13.3,867039.14,57.99,25,26.13,38.47,30.77,30.55,0.32,64917.2,67.44
Europe ,2020,130759133,24.48,3200983.58,70.49,57.91,73.51,21.17,17.68,0.62,0.93,,59.87
Sub Saharan Africa,2022,191566758,6.16,1180051.23,83.43,15.27,61.12,23.06,41.42,21.42,0.123,32816.06,27.14
Latin America and the Caribbean,2022,20261367,4.64,94012.74,65.1,4.83,28.1,39.36,67.59,30.62,0.439,5751.73,79.03
South-Eastern Asia,2021,249821235,7.67,1916128.87,40.2,18.8,65.27,26.42,18.42,18.69,0.56,24553.13,68.17
Sub-Saharan Africa,2023,119804399,3.48,416919.31,38.71,20.22,85.5,14.18,46.29,32.21,0.908,75581.47,47.7
Northern America,2021,41039806,4.38,179754.35,19.23,10.58,69,29.66,56.28,18.88,0.835,17825.09,41.05
Oceania,2021,124384145,8.71,1083385.9,,3.03,25.29,38.41,50.46,9.67,0.516,72229.61,85.62
Latin America and the Caribbean,2023,116361650,29.03,3377978.7,30.11,23.72,48.27,36.87,16.77,21.1,0.648,58883.62,68.78
Western Asia,2020,15116858,25.48,385177.54,74.71,29.17,70.79,24.44,43.96,24.34,0.621,55616.09,61.93
Europe,2024,44688854,21.81,974663.91,76.24,20.16,63.35,12.9,43.12,13.59,0.791,60733.62,82.38
Southern Asia,2020,244349860,6.23,1522299.63,,72.01,1.6,33.75,20.49,22.58,0.275,60700.57,90
Northern Africa,2023,119609321,28.91,3457905.47,20.57,6.89,55.11,24.34,48.32,3.2,0.475,13334.29,92.47
Central Asia,2021,3372767,24.17,81519.78,50.69,22.17,37.67,35.16,22.45,10.38,0.655,68737.15,76.94
Southern Asia,2021,223576068,4.12,921133.4,46.61,41.14,38.81,31.51,69.46,21.75,0.443,18221.49,27.22
Eastern Asia,2021,126777164,28.96,3671466.67,84.44,25.22,49.74,11.22,33.82,1.14,0.621,64521.33,25.09
Northern Africa,2022,134472139,26.29,3535272.53,,6.75,27.55,26.98,44,7.35,0.805,66951.59,32.35
Oceania,2023,99258900,27.26,2705797.61,61.72,11.99,29.12,13.56,55.53,3.96,0.149,60688.32,19.78
Eastern Asia,2024,54469105,3.2,174301.14,6.86,6.74,31.61,12.86,52.42,14.46,0.07,13953.53,37.74
Sub-Saharan Africa,2021,204546757,14.62,2990473.59,21.5,9.43,43.58,24.8,59.21,8.12,0.949,44521.91,
Oceania,2022,154748284,4.62,714937.07,18.81,10.78,9.97,39.14,24.44,14.25,0.171,73616.06,
Western Asia,2021,213139271,14.9,3175775.14,54.95,35.93,33.82,25.22,16.18,33.48,0.711,11100.32,93.41
Sub-Saharan Africa,2024,143981646,12.1,1742177.92,43.08,39.33,15.56,21.57,5.12,25.77,0.979,4199.25,34.96
Europe,2024,101172508,24.41,2469620.92,77.16,25.76,20.39,10.44,17.93,30.73,0.237,23557.25,90.28
Northern Africa,2022,26388722,2.06,54360.77,44.42,43.02,87.64,19.29,6.06,0.41,0.925,42893.81,86.38
Western Asia,2022,62616659,26.05,1631163.97,25.58,23.88,64.09,14.34,66.16,34.7,0.357,33130.59,33.91
Northern Africa,2022,165879359,27.12,4498648.22,19.58,4.1,52.79,25.67,41.95,17.43,0.604,54279.16,
Europe ,2022,33528973,8.62,289019.75,34.94,9.84,10.54,16.97,24.54,22.21,0.281,29301,15.49
South-Eastern Asia,2020,185723534,22.45,4169493.34,64.48,17.44,78.94,19.36,35,34.67,0.5,9263.09,32.07
South-Eastern Asia,2023,87441692,11.81,1032686.38,72.21,9.73,76.3,25.7,55.51,24.19,0.434,35119.37,20.55
Oceania,2020,24135140,24.22,584553.09,42.84,25.15,63.15,21.08,10.58,5.31,0.099,2273.79,26.79
Sub Saharan Africa,2021,124383349,22.25,2767529.52,37.16,30.76,13.68,38.76,59.2,33.75,0.844,18370.39,50.56
South-Eastern Asia,2024,119076091,29.97,3568710.45,19.45,9.8,64.44,14.01,20.1,5.36,0.958,18012.93,51.71
Central Asia,2020,16199170,2.47,40011.95,12.34,4.67,90.63,11.7,67.32,8.5,0.775,22675.11,33.14
Northern America,2023,61963513,28.7,1778352.82,8.26,7.83,56.4,35.61,58.07,33.66,0.021,10561.79,36.93
Central Asia,2024,162117996,4.82,781408.74,11.7,5.54,6.62,35.88,18.32,29.06,0.409,79579.5,97.24
Europe,2023,197012041,10.21,2011492.94,11.41,9.45,97.4,39.88,27.61,19.56,0.578,27520.6,72.16
Northern Africa,2021,145405583,3.79,551087.16,74.7,4.13,77.28,23.27,60.11,26.87,0.206,51747.39,77.06
Oceania,2020,233672385,6.69,1563268.26,33.93,30.5,70.18,24.27,5.28,1.05,0.168,34931.38,83.05
Oceania,2022,110712449,14.68,1625258.75,83.05,30.76,47.61,31.57,32.91,21.32,0.52,69018.61,94.72
Southern Asia,2020,8400330,12.64,106180.17,8.77,7.36,82.53,26.66,16.25,24.25,0.124,76536.62,28.42
Eastern Asia,2022,41289482,19.76,815880.16,62.47,18.02,89.76,11.04,28.48,8.48,0.483,,92.88
Eastern Asia,2021,108346496,15.47,1676120.29,6.08,3.59,69.02,15.3,19.85,19.89,0.145,35309.15,86.18
Northern America,2023,217848296,7.12,1551079.87,69.53,9.15,79.14,39.16,62.39,30.49,0.887,43128.47,19.22
Northern America,2023,192705120,5.48,1056024.06,47.73,18.33,56.61,16.3,13.37,24.59,0.975,38300.29,52.82
Oceania,2024,198407029,8.7,1726141.15,35.69,21.72,16.72,27.14,37.37,19.69,0.988,53413.41,38.84
Central Asia,2021,216007500,27.76,5996368.2,80.88,21.19,84.27,24.13,15.31,21.59,0.19,54392.85,27.59
Sub-Saharan Africa,2024,21979549,5.93,130338.73,38.28,33.1,26.73,13.75,46.26,21.51,0.329,63070.91,61.59
Western Asia,2024,93973441,19.75,1855975.46,46.63,19.93,55.88,32.26,9.66,12.76,0.752,74398.16,15.98
Central Asia,2022,37970888,29.37,1115204.98,37.18,33.06,83.36,15.35,41.94,5.87,0.361,48266.49,42.95
Northern Africa,2024,172358670,3.57,615320.45,13.97,9.36,69.53,30.02,36.79,8.12,0.091,41626.71,58.91
Europe,2020,152676443,18.8,2870317.13,82.07,6.58,81.62,31.5,33.14,3.98,0.369,71815.92,52.56
Eastern Asia,2022,173371806,20.54,3561056.9,66.16,27.49,55.03,18.4,6.43,4.98,0.351,16737.86,58.28
Sub-Saharan Africa,2024,8096147,18.4,148969.1,18.37,5.1,90.63,35.94,63.35,17.27,0.07,25159.88,88.16
Northern America,2022,182530686,29,5293389.89,77.18,68.75,87.04,37.31,15.11,19.54,0.211,46963.44,75.59
Northern Africa,2022,85857270,16.34,1402907.79,31.86,12.56,19.19,27.33,10.09,3.13,0.38,35234.68,59.58
South-Eastern Asia,2021,80746664,6.16,497399.45,80.56,63.88,98.38,34.5,53.28,20.8,0.673,42285.83,37.6
Latin America and the Caribbean,2023,31455496,4.36,137145.96,26.29,3.35,30.36,31.12,39.26,8.34,0.978,77681.83,89.03
Europe,2020,225445390,13.66,3079584.03,15.86,3.24,4.21,26.81,69.52,17.87,0.147,11454.83,95.89
Sub-Saharan Africa,2020,143898357,25.22,3629116.56,47.83,34.31,79.52,19.66,41.78,26.72,0.624,62505.57,44.07
Southern Asia,2022,109272283,21.07,2302367,30.64,3.04,55.81,38.69,16.84,30.88,0.229,79464.93,15.1
Sub Saharan Africa,2023,15364763,15.38,236310.05,83.93,76.36,34.03,25.39,44.78,10.72,0.12,31957.9,15.38
Sub-Saharan Africa,2020,137388149,9.54,1310682.94,22.27,5.43,87.79,28.77,68.4,17.51,0.149,24424.27,
Northern Africa,2020,53314760,14.04,748539.23,35.85,7.51,76.41,26.78,29.25,30.28,0.725,73335.73,74.7
Northern Africa,2024,202150755,19.6,3962154.8,79.34,29.99,1.49,39.31,60.72,25.13,0.381,51481.3,81.84
Europe,2023,42927766,14.18,608715.72,62.29,61.1,64.84,32.55,47.14,24.07,0.549,67663.72,24.11
South-Eastern Asia,2022,167916597,13.38,2246724.07,47.95,18.96,95.09,15.52,20.49,19.02,0.071,42808.6,49.65
Europe,2020,58393653,9.81,572841.74,83.62,20.97,97.47,19.06,66.9,24.87,0.406,42309.86,39.84
Northern Africa,2021,105395308,4.61,485872.37,81.14,67.71,8.56,29,16.36,9.04,0.796,46860.04,53.76
Sub-Saharan Africa,2022,213500565,9.48,2023985.36,49.58,16.48,49.42,22.4,26.42,6.97,0.356,66492.94,67.05
Europe,2022,154612119,24.71,3820465.46,37.05,15.05,82.85,20.31,17.96,6.79,0.313,28595.65,55.38
Latin America and the Caribbean,2023,238801777,10.49,2505030.64,27.31,17.56,54.19,34.86,67.19,17.18,0.344,42687.39,86.59
Eastern Asia,2023,156767814,14.4,2257456.52,50.07,18.51,36.35,31.59,32.64,29,0.427,16747.98,92.53
Central Asia,2020,36981996,3.17,117232.93,29.67,5.13,63.13,19.54,28.11,31.36,0.99,9911.67,35.7
Northern America,2022,189004372,6.14,1160486.84,27.99,6.39,12.25,25.73,54.63,25.01,0.034,58257.36,62.81
Europe,2022,82093781,13.1,1075428.53,68.07,58.47,15.97,32.54,30.93,31.34,0.777,57781.25,54.64
Southern Asia,2022,75448243,4.78,360642.6,66.34,8.04,15.58,11.16,44.04,17.12,0.95,24091.07,97.89
Western Asia,2020,179391452,14.06,2522243.82,44.08,13.23,7.77,14.2,22.82,6.37,0.886,63300.23,33.49
Northern Africa,2020,166109477,26.57,4413528.8,42.94,9.9,58.81,11.58,65.14,6.52,0.929,35003.8,81.57
Latin America and the Caribbean,2023,133703569,16.77,2242208.85,44.18,15.89,59,16.44,31.95,23.38,0.069,,96.95
Latin America and the Caribbean,2023,238243299,-24.11,5744045.94,10.37,4.3,62.6,17.82,22.86,7.99,0.443,64401.1,26.03
Latin America and the Caribbean,2021,38250310,12.8,489603.97,51.26,3.42,42.93,32.28,63.53,2.43,0.513,39339.88,
Sub-Saharan Africa,2024,96732889,11.61,1123068.84,33.71,32.1,16.01,34.14,65,2.47,0.814,39696.96,20.29
Northern America,2022,143014210,14.18,2027941.5,,37.82,23.42,27.64,63.89,28.7,0.233,46351.18,43.15
Eastern Asia,2023,176745204,13.84,2446153.62,7.12,5.73,42.99,23.58,40.5,6.85,0.196,,92.74
Oceania,2021,75988820,3.58,272039.98,,18.55,3.48,22.57,9.97,6.1,0.406,66620.67,39.92
Eastern Asia,2022,191625287,10.36,1985237.97,21.47,16.25,51.55,27.74,9.4,10.53,0.106,64961.33,81.6
Central Asia,2023,142791198,22.61,3228508.99,67.55,44.01,28.52,29.99,30.65,33.59,0.471,37893.63,84.45
Western Asia,2024,149511340,26.93,4026340.39,8.79,7.24,22.39,36.43,53.87,11.48,0.826,78513.85,43.8
Central Asia,2021,30093218,14.78,444777.76,75.72,59.61,45.96,29.23,33.16,29.87,0.113,71941.3,90.51
Western Asia,2024,222894098,2.24,499282.78,62.98,49.91,8.83,13.92,66.28,28.7,0.304,58146.53,48.85
